{
    "Aliases": [], 
    "Causes": "During gestation, the umbilical cord passes through a small opening in the baby's abdominal muscles. The opening normally closes just after birth. If the muscles don't join together completely in the midline of the abdominal wall, an umbilical hernia may appear at birth or later in life.\n\nIn adults, too much abdominal pressure contributes to umbilical hernias. Causes of increased pressure in the abdomen include:\n\n<ul>\n<li>Obesity</li>\n<li>Multiple pregnancies</li>\n<li>Fluid in the abdominal cavity (ascites)</li>\n<li>Previous abdominal surgery</li>\n<li>Long-term peritoneal dialysis to treat kidney failure</li>\n</ul>", 
    "Complications": "For children, complications of an umbilical hernia are rare. Complications can occur when the protruding abdominal tissue becomes trapped (incarcerated) and can no longer be pushed back into the abdominal cavity. This reduces the blood supply to the section of trapped intestine and can lead to umbilical pain and tissue damage. If the trapped portion of intestine is completely cut off from the blood supply (strangulated hernia), tissue death (gangrene) may occur. Infection may spread throughout the abdominal cavity, causing a life-threatening situation.\n\nAdults with umbilical hernias are somewhat more likely to experience incarceration or obstruction of the intestines. Emergency surgery is typically required to treat these complications.", 
    "Diagnosis": "An umbilical hernia is diagnosed during a physical exam. Sometimes imaging studies \u2014 such as an abdominal ultrasound or a CT scan \u2014 are used to screen for complications.", 
    "Id": "syc-20378685", 
    "Overview": "An umbilical hernia occurs when part of your intestine sticks out through the opening in your abdominal muscles through which your umbilical cord passed before you were born. Umbilical hernias are common and typically harmless. They are most common in infants, but they can affect adults as well. In an infant, an umbilical hernia may be especially evident when the infant cries, causing the bellybutton to protrude. This is a classic sign of an umbilical hernia.\n\nChildren's umbilical hernias often close on their own in the first two years of life, though some remain open into the fifth year or longer. Umbilical hernias that appear during adulthood are more likely to need surgical repair.", 
    "Preparing for your appointment": "If you or your child has signs or symptoms common to an umbilical hernia, make an appointment with your family doctor or your child's pediatrician.\n\nHere's some information to help you prepare for your appointment and know what to expect from your doctor.\n\n<b>What you can do</b>\n<ul>\n<li>List any signs or symptoms you or your child has had, and for how long.</li>\n<li>Bring in a photo of the hernia if signs of the problem aren't always evident.</li>\n<li>Write down key medical information, including any other health problems and the names of any medications you or your child is taking.</li>\n<li>Write down questions you want to be sure to ask your doctor.</li>\n</ul>\n\n\n<b>Questions to ask your doctor</b>\n<ul>\n<li>Is the swelling near my or my child's bellybutton an umbilical hernia?</li>\n<li>Is the defect large enough to require surgery?</li>\n<li>Are any diagnostic tests needed?</li>\n<li>What treatment approach do you recommend, if any?</li>\n<li>Might surgery become an option if the hernia doesn't get better?</li>\n<li>How often should I or my child be seen for follow-up exams?</li>\n<li>Is there any risk of complications from this hernia?</li>\n<li>What emergency signs and symptoms should I watch for at home?</li>\n<li>Do you recommend any activity restrictions?</li>\n<li>Should a specialist be consulted?</li>\n</ul>\n\n\nIf any additional questions occur to you during your visit, don't hesitate to ask.\n\n<b>What to expect from your doctor</b>\nYour doctor is likely to ask you a number of questions, such as:\n\n<ul>\n<li>When did you first notice the problem?</li>\n<li>Has it gotten worse over time?</li>\n<li>Are you or your child in pain?</li>\n<li>Have you or your child vomited?</li>\n<li>If you are the one affected, do your hobbies or your work involve heavy lifting or straining?</li>\n<li>Have you recently gained a significant amount of weight?</li>\n<li>Have you or your child recently been treated for another medical condition?</li>\n<li>Do you or your child have a chronic cough?</li>\n</ul>", 
    "Risk factors": "Umbilical hernias are most common in infants \u2014 especially premature babies and those with low birth weights. In the United States, African American infants appear to have a slightly increased risk of umbilical hernias. The condition affects boys and girls equally.\n\nFor adults, being overweight or having multiple pregnancies may increase the risk of developing an umbilical hernia. This type of hernia tends to be more common in women.", 
    "Symptoms": "An umbilical hernia creates a soft swelling or bulge near the navel (umbilicus). In babies who have an umbilical hernia, the bulge may be visible only when they cry, cough or strain.\n\nUmbilical hernias in children are usually painless. Umbilical hernias that appear during adulthood may cause abdominal discomfort.\n\n<b>When to see a doctor</b>\nIf you suspect that your baby has an umbilical hernia, talk with the baby's pediatrician. Seek emergency care if your baby has an umbilical hernia and:\n\n<ul>\n<li>Appears to be in pain</li>\n<li>Begins to vomit</li>\n<li>Has tenderness, swelling or discoloration at the site of the hernia</li>\n</ul>\n\n\nSimilar guidelines apply to adults. Talk with your doctor if you have a bulge near your navel. Seek emergency care if the bulge becomes painful or tender. Prompt diagnosis and treatment can help prevent complications.", 
    "Title": "Umbilical hernia", 
    "Treatment": "Most umbilical hernias in babies close on their own by age 1 or 2. Your doctor may even be able to push the bulge back into the abdomen during a physical exam. Don't try this on your own, however. Although some people claim a hernia can be fixed by taping a coin down over the bulge, this \"fix\" doesn't help and germs may accumulate under the tape, causing infection.\n\nFor children, surgery is typically reserved for umbilical hernias that:\n\n<ul>\n<li>Are painful</li>\n<li>Are slightly larger than 1/2 inch (1 to 2 centimeters) in diameter</li>\n<li>Are large and don't decrease in size over the first two years of life</li>\n<li>Don't disappear by age 4</li>\n<li>Become trapped or block the intestine</li>\n</ul>\n\n\nFor adults, surgery is typically recommended to avoid possible complications, especially if the umbilical hernia gets bigger or becomes painful.\n\nDuring surgery, a small incision is made at the base of the bellybutton. The herniated tissue is returned to the abdominal cavity, and the opening in the abdominal wall is stitched closed. In adults, surgeons often use mesh to help strengthen the abdominal wall."
}