{
    "Aliases": [], 
    "Causes": "When your heart is working properly, the mitral valve closes completely during contraction of the left ventricle and prevents blood from flowing back into your heart's upper left chamber (left atrium).\n\nBut in some people with mitral valve prolapse, one or both of the mitral valve's flaps (leaflets) have extra tissue bulging (prolapsing) like a parachute into the left atrium each time the heart contracts.\n\nThe bulging may keep the valve from closing tightly. When blood leaks backward through the valve, it's called mitral valve regurgitation.\n\nThis may not cause problems if only a small amount of blood leaks back into the atrium. More-severe mitral valve regurgitation can cause symptoms such as shortness of breath, fatigue or lightheadedness.\n\nAnother name for mitral valve prolapse is click-murmur syndrome. When a doctor listens to your heart using a stethoscope, he or she may hear a clicking sound as the valve's leaflets billow out, followed by a murmur resulting from blood flowing back into the atrium. Other names to describe mitral valve prolapse include:\n\n<ul>\n<li>Barlow's syndrome</li>\n<li>Floppy valve syndrome</li>\n<li>Billowing mitral valve syndrome</li>\n<li>Myxomatous mitral valve disease</li>\n</ul>", 
    "Clinical trials": "Explore Mayo Clinic studies testing new treatments, interventions and tests as a means to prevent, detect, treat or manage this disease.", 
    "Complications": "Although most people with mitral valve prolapse never have problems, complications can occur. They may include:\n\n<ul>\n<li>\n    Mitral valve regurgitation. The most common complication is a condition in which the valve leaks blood back into the left atrium (mitral valve regurgitation).\n    Being male or having high blood pressure increases your risk of mitral valve regurgitation.\n    If regurgitation is severe, you may need surgery to repair or replace the valve in order to prevent heart failure.\n    </li>\n<li>\n    Heart rhythm problems (arrhythmias). Irregular heart rhythms most commonly occur in the upper chambers of the heart. They may be bothersome, but aren't usually life-threatening.\n    People with severe mitral valve regurgitation or severe deformity of their mitral valve are most at risk of having rhythm problems, which can affect blood flow through the heart.\n    </li>\n<li>\n    Heart valve infection (endocarditis). The inside of your heart is lined by a thin membrane called the endocardium. Endocarditis is an infection of this inner lining.\n    An abnormal mitral valve increases your chance of getting endocarditis from bacteria, which can further damage the mitral valve.\n    People at high risk of endocarditis may be prescribed antibiotics before certain dental and medical procedures, to reduce the risk of infection.\n    </li>\n</ul>", 
    "Diagnosis": "Doctors may diagnose mitral valve prolapse at any age. Your doctor is most likely to diagnose mitral valve prolapse while listening to your heart with a stethoscope during a physical examination.\n\nIf you have mitral valve prolapse, your doctor may hear a clicking sound, which is common with this condition. Your doctor may detect a heart murmur, which would be due to mitral regurgitation if it is present.\n\nOther tests that may be used to evaluate your heart may include:\n\n<ul>\n<li>\n    Echocardiogram. An echocardiogram is usually done to confirm the diagnosis and determine the severity of your condition. An echocardiogram is a noninvasive ultrasound evaluation of your heart.\n    This test uses high-frequency sound waves to create images of your heart. It helps doctors see the flow of blood through your mitral valve and measure the amount of blood leakage (regurgitation).\n    You may have a transesophageal echocardiogram. In this test, your doctor inserts a flexible tube with a small device (transducer) attached into your throat and down into your esophagus \u2014 the tube that connects the back of your mouth to your stomach. From there, the transducer can be positioned to obtain more-detailed images of your heart.\n    </li>\n<li>Chest X-ray. A chest X-ray shows a picture of your heart, lungs and blood vessels and can help your doctor make a diagnosis. It can help show if your heart is enlarged.</li>\n<li>\n    Electrocardiogram (ECG). In this noninvasive test, a technician will place probes on your chest that record the electrical impulses that make your heart beat.\n    An ECG records these electrical signals and can help your doctor detect irregularities in your heart's rhythm and structure, including mitral valve prolapse. \n    </li>\n<li>\n    Stress test. Your doctor may order a stress test to see if mitral valve regurgitation limits your ability to exercise. In a stress test, you exercise or take certain medications to increase your heart rate and make your heart work harder.\n    You may also have a stress test if your doctor is trying to determine if you have another condition such as coronary artery disease.\n    </li>\n<li>\n    Coronary angiogram. This type of cardiac catheterization uses X-ray imaging to see your heart's blood vessels. It isn't generally used to diagnose mitral valve prolapse, but may reveal the condition when you're being testing for another suspected diagnosis.\n    In some cases, your doctor may recommend a coronary angiogram and cardiac catheterization to gather more information about the severity of your condition.\n    In a cardiac catheterization procedure, doctors insert a catheter in an artery in your groin (femoral artery) or in your wrist (radial artery). The catheter is then threaded through your blood vessels to your heart.\n    </li>\n</ul>", 
    "Id": "syc-20355446", 
    "Lifestyle and home remedies": "Most people with mitral valve prolapse lead normal, productive and symptom-free lives.\n\nDoctors generally won't recommend restrictions on your lifestyle or any limitations on your personal exercise or dietary program. However, ask your doctor if he or she recommends any changes to your lifestyle. If you have severe mitral valve regurgitation, your doctor may recommend certain exercise limitations.\n\nYour doctor may recommend regular follow-up visits to evaluate your condition.", 
    "Overview": "Mitral valve prolapse (MVP) occurs when the leaflets of the mitral valve bulge (prolapse) into the heart's left upper chamber (left atrium) like a parachute during the heart's contraction.\n\nMitral (MY-trul) valve prolapse sometimes leads to blood leaking backward into the left atrium, a condition called mitral valve regurgitation.\n\nIn most people, mitral valve prolapse isn't life-threatening and doesn't require treatment or changes in lifestyle. Some people with mitral valve prolapse, however, require treatment.", 
    "Preparing for your appointment": "Because appointments can be brief, and because there's often a lot to discuss, it's a good idea to be prepared for your appointment. Here's some information to help you get ready for your appointment and know what to expect from your doctor.\n\n<b>What you can do</b>\n<ul>\n<li>Be aware of any pre-appointment restrictions. At the time you make the appointment, be sure to ask if there's anything you need to do in advance.</li>\n<li>Write down any symptoms you're experiencing, including any that may seem unrelated to mitral valve prolapse.</li>\n<li>Write down key personal information, including a family history of heart disease, heart defects, genetic disorders, stroke, high blood pressure or diabetes, and any major stresses or recent life changes.</li>\n<li>Make a list of all medications, vitamins or supplements that you're taking.</li>\n<li>Take a family member or friend along, if possible. Sometimes it can be difficult to remember all the information provided to you during an appointment. Someone who accompanies you may remember something that you missed or forgot.</li>\n<li>Be prepared to discuss your diet and exercise habits. If you don't already follow a diet or exercise routine, be ready to talk to your doctor about any challenges you might face in getting started.</li>\n<li>Write down questions to ask your doctor.</li>\n</ul>\n\n\nYour time with your doctor is limited, so preparing a list of questions will help you make the most of your time together. List your questions from most important to least important in case time runs out. For mitral valve prolapse, some basic questions to ask your doctor include:\n\n<ul>\n<li>What is likely causing my symptoms or condition?</li>\n<li>What are other possible causes for my symptoms or condition?</li>\n<li>What kinds of tests will I need?</li>\n<li>Do I need treatment? What kind?</li>\n<li>What are the alternatives to the primary approach that you're suggesting?</li>\n<li>I have other health conditions. How can I best manage them together?</li>\n<li>Are there any restrictions that I need to follow?</li>\n<li>Should I see a specialist?</li>\n<li>If I need surgery, which surgeon do you recommend for mitral valve repair?</li>\n<li>Is there a generic alternative to the medicine you're prescribing for me?</li>\n<li>Are there any brochures or other printed material that I can take home with me? What websites do you recommend visiting?</li>\n</ul>\n\n\nIn addition to the questions that you've prepared to ask your doctor, don't hesitate to ask questions during your appointment at any time that you don't understand something.\n\n<b>What to expect from your doctor</b>\nYour doctor is likely to ask you a number of questions. Being ready to answer them may reserve time to go over any points you want to spend more time on. Your doctor may ask:\n\n<ul>\n<li>When did you first begin experiencing symptoms?</li>\n<li>Have your symptoms been continuous or occasional?</li>\n<li>How severe are your symptoms?</li>\n<li>What, if anything, seems to improve your symptoms?</li>\n<li>What, if anything, appears to worsen your symptoms?</li>\n</ul>", 
    "Prevention": "You can't prevent mitral valve prolapse. However, you can lower your chances of developing the complications associated with it by making sure you take your medications, if any, as directed.", 
    "Risk factors": "Mitral valve prolapse can develop in any person at any age.\n\nSerious symptoms of mitral valve prolapse tend to occur most often in men older than 50.\n\nMitral valve prolapse can run in families and may be linked to several other conditions, such as:\n\n<ul>\n<li>Marfan syndrome</li>\n<li>Ehlers-Danlos syndrome</li>\n<li>Ebstein's anomaly</li>\n<li>Muscular dystrophy</li>\n<li>Graves' disease</li>\n<li>Scoliosis</li>\n</ul>", 
    "Symptoms": "Although mitral valve prolapse is usually a lifelong disorder, many people with this condition never have symptoms. When diagnosed, people may be surprised to learn that they have a heart condition.\n\nWhen signs and symptoms do occur, it may be because blood is leaking backward through the valve (regurgitation). Mitral valve prolapse symptoms can vary widely from one person to another. They tend to be mild and develop gradually. Symptoms may include:\n\n<ul>\n<li>A racing or irregular heartbeat (arrhythmia)</li>\n<li>Dizziness or lightheadedness</li>\n<li>Difficulty breathing or shortness of breath, often when lying flat or during physical activity</li>\n<li>Fatigue</li>\n<li>Chest pain that's not caused by a heart attack or coronary artery disease</li>\n</ul>\n\n\nIf you think you have any of the above symptoms, make an appointment with your doctor.\n\nMany other conditions cause the same symptoms as mitral valve prolapse, so only a visit to your doctor can determine the cause of your symptoms. If you're having chest pain and you're unsure if it could be a heart attack, seek emergency medical care immediately.\n\nIf you've already been diagnosed with mitral valve prolapse, see your doctor if your symptoms worsen.", 
    "The Mayo Clinic experience and patient stories": "Our patients tell us that the quality of their interactions, our attention to detail and the efficiency of their visits mean health care like they've never experienced. See the stories of satisfied Mayo Clinic patients.", 
    "Title": "Mitral valve prolapse", 
    "Treatment": "Most people with mitral valve prolapse, particularly people without symptoms, don't require treatment.\n\nIf you have mitral valve regurgitation but don't have symptoms, your doctor may suggest you return regularly for follow-up examinations to monitor your condition, depending on the severity of your condition.\n\nHowever, if you have symptoms and if a significant amount of blood is leaking through the mitral valve, your doctor may recommend medications or surgery, depending on the severity of your condition.\n\n<b>Medications</b>\nIf you develop symptoms, your doctor might prescribe certain medications to treat mitral valve prolapse-related chest pain, heart rhythm abnormalities or other complications. Some medications you might be prescribed include:\n\n<ul>\n<li>Beta blockers. These drugs help prevent irregular heartbeats by making your heart beat more slowly and with less force, which reduces your blood pressure. Beta blockers also help blood vessels relax and open up to improve blood flow.</li>\n<li>Diuretics. Your doctor may prescribe water pills (diuretics) to drain fluid from your lungs.</li>\n<li>Heart rhythm medications. Your doctor may prescribe an antiarrhythmic medication, such as flecainide (Tambocor), amiodarone (Cordarone, Pacerone), and propafenone (Rythmol, Rythmol SR). Antiarrhythmics help control your heart rhythm by normalizing electrical signals in heart tissue.</li>\n<li>Aspirin. If you have mitral valve prolapse and a history of strokes, your doctor might prescribe aspirin to reduce the risk of blood clots.</li>\n<li>\n    Prescription anticoagulants (blood thinners). These medications \u2014 such as warfarin (Coumadin), heparin, dabigatran (Pradaxa), rivaroxaban (Xarelto), apixaban (Eliquis) and edoxaban (Savaysa) \u2014 prevent your blood from clotting if you have had irregular heart rhythms, such as atrial fibrillation.\n    If you have atrial fibrillation, a history of heart failure or a history of strokes, your doctor may suggest these drugs. They can have dangerous side effects, however, and must be taken exactly as prescribed.\n    </li>\n</ul>\n\n\n<b>Surgery</b>\nThough most people with mitral valve prolapse don't need surgery, your doctor may suggest surgical treatment if you have severe mitral valve regurgitation with or without symptoms.\n\nSevere mitral valve regurgitation can eventually cause heart failure, preventing your heart from effectively pumping blood. If regurgitation goes on too long, your heart may be too weak for surgery.\n\nIf your doctor suggests surgery, he or she may suggest repairing or replacing the mitral valve. Valve repair and replacement may be performed using open-heart surgery or minimally invasive surgery. Minimally invasive surgery involves smaller incisions and may have less blood loss and a quicker recovery time than open surgery.\n\n<ul>\n<li>\n    Valve repair. Mitral valve repair is a surgery that preserves your own valve. For most people with mitral valve prolapse, this is the preferred surgical treatment to correct the condition.\n    Your mitral valve consists of two triangular-shaped flaps of tissue called leaflets. The leaflets of the mitral valve connect to the heart muscle through a ring called the annulus.\n    The surgeon can modify the original valve (valvuloplasty) to eliminate backward blood flow. Surgeons can also repair the valve by reconnecting valve leaflets or by removing excess valve tissue so that the leaflets can close tightly.\n    Sometimes repairing the valve includes tightening or replacing the annulus. This is called an annuloplasty. It is important to ensure that your surgeon is experienced in performing mitral valve repair.\n    </li>\n<li>\n    Valve replacement. Your surgeon may perform a valve replacement if valve repair isn't possible. In valve replacement surgery, the damaged mitral valve is replaced by an artificial (prosthetic) valve. Artificial valves are mechanical or tissue valves.\n    Mechanical valves may last a long time. However, if you have a mechanical valve, you must use an anticoagulant medication, such as warfarin (Coumadin), for the rest of your life to prevent blood clots from forming on the valve. If a blood clot forms on the valve and breaks free, it could travel to your brain and cause a stroke.\n    Tissue valves are made from animal tissue such as a pig or cow valve. These kinds of valves are called bioprostheses. They may wear out over time and need replacement. However, an advantage of the tissue valve is that you don't have to use long-term anticoagulant medication.\n    </li>\n</ul>\n\n\n<b>Antibiotics seldom recommended</b>\nDoctors used to recommend that some people with mitral valve prolapse take antibiotics before certain dental or medical procedures to prevent endocarditis but not anymore.\n\nAccording to the American Heart Association, antibiotics are no longer necessary in most cases for someone with mitral valve regurgitation or mitral valve prolapse.\n\nStill, if you've been told to take antibiotics before any procedures in the past, check with your doctor whether that's still necessary.\n\n<b>Potential future treatments</b>\nResearchers are studying new techniques to repair or replace a valve using a tube (catheter) inserted in a blood vessel in your groin and guided to your heart."
}