{
    "Aliases": [], 
    "Causes": "Black hairy tongue typically results when projections on the tongue called papillae grow longer because they don't shed dead skin cells like normal. This makes the tongue look hairy. Debris, bacteria or other organisms can collect on the papillae and result in discoloration.\n\nAlthough the cause of black hairy tongue can't always be determined, possible causes or contributing factors include:\n\n<ul>\n<li>Changes in the normal bacteria or yeast content of the mouth after antibiotic use</li>\n<li>Poor oral hygiene</li>\n<li>Dry mouth (xerostomia)</li>\n<li>Regular use of mouthwashes containing irritating oxidizing agents, such as peroxide</li>\n<li>Tobacco use</li>\n<li>Drinking excessive amounts of coffee or black tea</li>\n<li>Excessive alcohol use</li>\n<li>Eating a soft diet that doesn't help to rub dead skin cells from your tongue</li>\n</ul>", 
    "Diagnosis": "Diagnosis of black hairy tongue is based on appearance and possible causes or contributing factors. It also includes eliminating other conditions that may cause a similar appearance to the tongue, such as:\n\n<ul>\n<li>Normal variations in tongue color (pigment)</li>\n<li>Foods or medications that have stained the tongue</li>\n<li>Fungal or viral infections</li>\n<li>Oral lesions that occur on the tongue, such as oral hairy leukoplakia</li>\n<li>Blackened tongue (pseudo-black hairy tongue) from using products containing bismuth, such as Pepto-Bismol</li>\n</ul>", 
    "Id": "syc-20356077", 
    "Lifestyle and home remedies": "To practice good oral health and to remove the tongue discoloration:\n\n<ul>\n<li>Brush your tongue. Give your tongue a gentle brushing whenever you brush your teeth to remove dead cells, bacteria and food debris. Use a soft-bristled toothbrush or a flexible tongue scraper.</li>\n<li>Brush after eating. Brush your teeth at least twice a day and ideally after every meal, using fluoride toothpaste.</li>\n<li>Floss at least once a day. Proper flossing removes food particles and plaque from between your teeth.</li>\n<li>Visit your dentist regularly. Get professional teeth cleanings and regular oral exams, which can help your dentist prevent problems or spot them early. Your dentist can recommend a schedule for you.</li>\n<li>Maintain good nutrition. Drink plenty of water and eat a balanced diet that contains fresh fruits and vegetables.</li>\n</ul>", 
    "Overview": "Black hairy tongue is a temporary, harmless oral condition that gives the tongue a dark, furry appearance. The distinct look usually results from a buildup of dead skin cells on the many tiny projections (papillae) on the surface of the tongue that contain taste buds. These papillae, which are longer than normal, can easily trap and be stained by bacteria, yeast, tobacco, food or other substances.\n\nAlthough black hairy tongue may look alarming, typically it doesn't cause any health problems, and it's usually painless. Black hairy tongue usually resolves by eliminating possible causes or contributing factors and practicing good oral hygiene.", 
    "Preparing for your appointment": "Here's information to help you get ready for your appointment, and to know what to expect from your doctor or dentist.\n\n<b>What you can do</b>\nBefore your appointment, make a list of:\n\n<ul>\n<li>Any symptoms you're experiencing, including any that may seem unrelated to the reason for your appointment</li>\n<li>All prescribed medications, vitamins, herbs, other supplements and over-the-counter medications you're taking, including the dosages</li>\n<li>Questions to ask your doctor or dentist</li>\n</ul>\n\n\nSome basic questions to ask your doctor or dentist may include:\n\n<ul>\n<li>What is likely causing my symptoms?</li>\n<li>What is the best course of action?</li>\n<li>Are there any restrictions that I need to follow?</li>\n<li>What kind of follow-up, if any, should I expect?</li>\n</ul>\n\n\nDon't hesitate to ask any other questions during your appointment.\n\n<b>What to expect from your doctor or dentist</b>\nYour doctor or dentist may ask you questions about your symptoms and oral care practices, including:\n\n<ul>\n<li>When did you first notice the symptoms?</li>\n<li>Are your symptoms occasional or continuous?</li>\n<li>How often do you brush your teeth or clean your dentures?</li>\n<li>How often do you floss?</li>\n<li>What kind of mouthwash do you use?</li>\n<li>How much coffee or tea do you drink?</li>\n<li>Do you use tobacco products?</li>\n<li>What medications, herbal products or other supplements do you take?</li>\n<li>Do you breathe through your mouth?</li>\n<li>Have you had any recent infections or illnesses?</li>\n</ul>", 
    "Symptoms": "Signs and symptoms of black hairy tongue include:\n\n<ul>\n<li>Black discoloration of the tongue, although the color may be brown, tan, green, yellow or white</li>\n<li>A hairy or furry appearance of the tongue</li>\n<li>Altered taste or metallic taste in your mouth</li>\n<li>Bad breath (halitosis)</li>\n<li>Gagging or tickling sensation, if the overgrowth of the papillae is excessive</li>\n</ul>\n\n\n<b>When to see a doctor</b>\nThough unattractive, black hairy tongue is usually a temporary, harmless condition.\n\nSee your doctor if:\n\n<ul>\n<li>You're concerned about the appearance of your tongue</li>\n<li>Black hairy tongue persists despite brushing your teeth and tongue twice daily</li>\n</ul>", 
    "Title": "Black hairy tongue", 
    "Treatment": "Black hairy tongue typically doesn't require medical treatment. Though unattractive, it's a temporary, harmless condition.\n\nPracticing good oral hygiene and eliminating factors that may contribute to the condition \u2014 such as avoiding tobacco use or irritating mouthwashes \u2014 help resolve black hairy tongue. Be sure to talk to your doctor or dentist before stopping a prescribed medication."
}