{
    "Aliases": [], 
    "Causes": "A problem in your heart rhythm (arrhythmia) \u2014 the result of a problem with your heart's electrical system \u2014 is the usual cause of sudden cardiac arrest.\n\nThe heart's electrical system controls the rate and rhythm of your heartbeat. If something goes wrong, your heart can beat too fast, too slowly or irregularly (arrhythmia). Often these arrhythmias are brief and harmless, but some types can lead to sudden cardiac arrest.\n\nThe most common heart rhythm at the time of cardiac arrest is an arrhythmia in a lower chamber of your heart (ventricle). Rapid, erratic electrical impulses cause your ventricles to quiver uselessly instead of pumping blood (ventricle fibrillation).\n\n<b>Heart conditions that can lead to sudden cardiac arrest</b>\nSudden cardiac arrest can happen in people who have no known heart diease. However, a life-threatening arrhythmia usually develops in a person with a pre-existing, possibly undiagnosed heart condition. Conditions include:\n\n<ul>\n<li>Coronary artery disease. Most cases of sudden cardiac arrest occur in people who have coronary artery disease, in which your arteries become clogged with cholesterol and other deposits, reducing blood flow to your heart.</li>\n<li>Heart attack. If a heart attack occurs, often as a result of severe coronary artery disease, it can trigger ventricular fibrillation and sudden cardiac arrest. Also, a heart attack can leave scar tissue in your heart. Electrical short circuits around the scar tissue can lead to abnormalities in your heart rhythm.</li>\n<li>Enlarged heart (cardiomyopathy). This occurs primarily when your heart's muscular walls stretch and enlarge or thicken. Then your heart's muscle is abnormal, a condition that often leads to arrhythmias.</li>\n<li>Valvular heart disease. Leaking or narrowing of your heart valves can lead to stretching or thickening of your heart muscle. When the chambers become enlarged or weakened because of stress caused by a tight or leaking valve, there's an increased risk of developing arrhythmia.</li>\n<li>Congenital heart disease. When sudden cardiac arrest occurs in children or adolescents, it can be due to a heart defect that was present at birth (congenital heart disease). Adults who've had corrective surgery for a congenital heart defect still have a higher risk of sudden cardiac arrest.</li>\n<li>Electrical problems in the heart. In some people, the problem is in the heart's electrical system itself instead of a problem with the heart muscle or valves. These are called primary heart rhythm abnormalities and include conditions such as Brugada's syndrome and long QT syndrome.</li>\n</ul>", 
    "Clinical trials": "Explore Mayo Clinic studies testing new treatments, interventions and tests as a means to prevent, detect, treat or manage this disease.", 
    "Complications": "When sudden cardiac arrest occurs, reduced blood flow to your brain causes unconsciousness. If your heart rhythm doesn't rapidly return to normal, brain damage occurs and death results. Survivors of cardiac arrest might show signs of brain damage.", 
    "Diagnosis": "If you survive sudden cardiac arrest, your doctor will try to learn what caused it to help prevent future episodes. Tests your doctor may recommend include:\n\n<b>Electrocardiogram (ECG)</b>\nDuring an ECG, sensors (electrodes) that can detect the electrical activity of your heart are attached to your chest and sometimes to your limbs. An ECG can reveal disturbances in heart rhythm or detect abnormal electrical patterns, such as a prolonged QT interval, that increase your risk of sudden death.\n\n<b>Blood tests</b>\nA sample of your blood might be tested to check the levels of potassium, magnesium, hormones and other chemicals that can affect your heart's ability to function. Other blood tests can detect recent heart injury and heart attacks.\n\n<b>Imaging tests</b>\nThese might include:\n\n<ul>\n<li>Chest X-ray. This allows your doctor to check the size and shape of your heart and its blood vessels. It might also show whether you have heart failure.</li>\n<li>Echocardiogram. This test uses sound waves to produce an image of your heart. It can help identify whether an area of your heart has been damaged by a heart attack and isn't pumping hard enough or whether there are problems with your heart valves.\n\nThis test and others, including a nuclear scan, MRI, CT scan and cardiac catheterization, can all determine your heart's pumping capacity by measuring what's called the ejection fraction, one of the most important predictors of your risk of sudden cardiac arrest. Ejection fraction refers to the percentage of blood that's pumped out of a filled ventricle with each heartbeat.\n\nA normal ejection fraction is 50 to 70 percent. An ejection fraction of less than 40 percent increases your risk of sudden cardiac arrest.\n</li>\n<li>Nuclear scan. This test, usually done with a stress test, helps identify blood flow problems to your heart. Tiny amounts of radioactive material, such as thallium, are injected into your bloodstream. Special cameras can detect the radioactive material as it flows through your heart and lungs.</li>\n<li>Coronary catheterization (angiogram). During this procedure, a liquid dye is injected into the arteries of your heart through a long, thin tube (catheter) that's advanced through an artery, usually in your arm, to arteries in your heart. As the dye fills your arteries, the arteries become visible on X-ray and videotape, revealing areas of blockage.\n\nWhile the catheter is in position, your doctor may treat a blockage by opening the artery (angioplasty) and inserting a stent to hold the artery open.\n</li>\n</ul>", 
    "Id": "syc-20350634", 
    "Lifestyle and home remedies": "To live a heart-healthy lifestyle:\n\n<ul>\n<li>Don't smoke.</li>\n<li>Achieve and maintain a healthy weight.</li>\n<li>If you drink alcohol, do so in moderation \u2014 no more than one drink a day for women and men older than 65 and no more than two drinks a day for younger men.</li>\n<li>Eat a heart-healthy diet.</li>\n<li>Stay physically active.</li>\n<li>Manage stress.</li>\n</ul>\n\n\n<b>Medication</b>\nIf you already have heart disease or conditions that make you more vulnerable to heart disease, your doctor might recommend that you take steps to improve your health, such as taking medications for high cholesterol or managing diabetes.\n\nIf you have a certain heart conditions that put you at risk of sudden cardiac arrest, your doctor might recommend anti-arrhythmic drugs.\n\n<b>Devices</b>\nIf you have a known risk of cardiac arrest, your doctor might recommend an implantable cardioverter-defibrillator (ICD). You might consider purchasing an automated external defibrillator (AED) for home use. Discuss this with your doctor. AEDs can be expensive and aren't always covered by health insurance.\n\n<b>Training</b>\nIf you live with someone who is at risk of sudden cardiac arrest, it's important that you be trained in CPR. The American Red Cross and other organizations offer courses in CPR and defibrillator use.\n\nBeing trained will help not only your loved one, but your training might help others. The more people know how to respond to a cardiac emergency, the greater the survival rate for sudden cardiac arrest is likely to be.", 
    "Overview": "Sudden cardiac arrest is the abrupt loss of heart function, breathing and consciousness. The condition usually results from an electrical disturbance in your heart that disrupts its pumping action, stopping blood flow to your body.\n\nSudden cardiac arrest differs from a heart attack, when blood flow to a part of the heart is blocked. However, a heart attack can sometimes trigger an electrical disturbance that leads to sudden cardiac arrest.\n\nIf not treated immediately, sudden cardiac arrest can lead to death. With fast, appropriate medical care, survival is possible. Giving cardiopulmonary resuscitation (CPR), using a defibrillator \u2014 or even just giving compressions to the chest \u2014 can improve the chances of survival until emergency workers arrive.\n\nSudden cardiac arrest care at Mayo Clinic", 
    "Prevention": "Reduce your risk of sudden cardiac arrest by getting regular checkups, being screened for heart disease and living a heart-healthy lifestyle.", 
    "Risk factors": "Because sudden cardiac arrest is so often linked with coronary artery disease, the same factors that put you at risk of coronary artery disease can also put you at risk of sudden cardiac arrest. These include:\n\n<ul>\n<li>A family history of coronary artery disease</li>\n<li>Smoking</li>\n<li>High blood pressure</li>\n<li>High blood cholesterol</li>\n<li>Obesity</li>\n<li>Diabetes</li>\n<li>A sedentary lifestyle</li>\n</ul>\n\n\nOther factors that might increase your risk of sudden cardiac arrest include:\n\n<ul>\n<li>A previous episode of cardiac arrest or a family history of cardiac arrest</li>\n<li>A previous heart attack</li>\n<li>A personal or family history of other forms of heart disease, such as heart rhythm disorders, congenital heart defects, heart failure and cardiomyopathy</li>\n<li>Age \u2014 the incidence of sudden cardiac arrest increases with age</li>\n<li>Being male</li>\n<li>Using illegal drugs, such as cocaine or amphetamines</li>\n<li>Nutritional imbalance, such as low potassium or magnesium levels</li>\n<li>Obstructive sleep apnea</li>\n<li>Chronic kidney disease</li>\n</ul>", 
    "Symptoms": "Sudden cardiac arrest signs and symptoms are immediate and drastic and include:\n\n<ul>\n<li>Sudden collapse</li>\n<li>No pulse</li>\n<li>No breathing</li>\n<li>Loss of consciousness</li>\n</ul>\n\n\nSometimes other signs and symptoms occur before sudden cardiac arrest. These might include:\n\n<ul>\n<li>Chest discomfort</li>\n<li>Shortness of breath</li>\n<li>Weakness</li>\n<li>Palpitations</li>\n</ul>\n\n\nBut sudden cardiac arrest often occurs with no warning.\n\n<b>When to see a doctor</b>\nSee your doctor promptly if you have episodes of:\n\n<ul>\n<li>Chest pain or discomfort</li>\n<li>Heart palpitations</li>\n<li>Rapid or irregular heartbeats</li>\n<li>Unexplained wheezing</li>\n<li>Shortness of breath</li>\n<li>Fainting or near fainting</li>\n<li>Lightheadedness or dizziness</li>\n</ul>\n\n\nIf you're currently having these symptoms, call 911 or emergency medical help.\n\nWhen the heart stops, the lack of oxygenated blood can cause death or permanent brain damage in minutes. Time is critical when you're helping an unconscious person who isn't breathing.\n\nIf you see someone who's unconscious and not breathing normally, do the following:\n\n<ul>\n<li>Call 911 or the emergency number in your area. If you have immediate access to a telephone, call before beginning CPR.</li>\n<li>Perform CPR. Quickly check the breathing. If the person isn't breathing normally, begin CPR. Push hard and fast on the person's chest \u2014 at the rate of 100 to 120 compressions a minute. If you've been trained in CPR, check the person's airway and deliver rescue breaths after every 30 compressions.\n\nIf you haven't been trained, just continue chest compressions. Allow the chest to rise completely between compressions. Keep doing this until a portable defibrillator is available or emergency workers arrive.\n</li>\n<li>Use a portable defibrillator, if one is available. It will give you step-by-step voice instructions. Continue chest compressions while the defibrillator is charging. Deliver one shock if advised by the device and then immediately resume CPR, starting with chest compressions, or give chest compressions only, for about two minutes.\n\nUsing the defibrillator, check the person's heart rhythm. If necessary, the defibrillator will give another shock. Repeat this cycle until the person recovers consciousness or emergency workers take over.\n</li>\n</ul>\n\n\nPortable automated external defibrillators (AEDs) are available in many places, including airports, casinos and shopping malls. You can also purchase one for your home. AEDs come with built-in instructions for their use. They're programmed to allow a shock only when appropriate.", 
    "Title": "Sudden cardiac arrest", 
    "Treatment": "Sudden cardiac arrest requires immediate action for survival.\n\n<b>CPR</b>\nImmediate CPR is crucial for treating sudden cardiac arrest. By maintaining a flow of oxygen-rich blood to the body's vital organs, CPR can provide a vital link until more-advanced emergency care is available.\n\nIf you don't know CPR and someone collapses unconscious near you, call 911 or emergency medical help. Then, if the person isn't breathing normally, begin pushing hard and fast on the person's chest \u2014 at a rate of 100 to 120 compressions a minute, allowing the chest to fully rise between compressions. Do this until an automated external defibrillator (AED) becomes available or emergency personnel arrive.\n\n<b>Defibrillation</b>\nAdvanced care for ventricular fibrillation, a type of arrhythmia that can cause sudden cardiac arrest, generally includes delivery of an electrical shock through the chest wall to the heart. The procedure, called defibrillation, momentarily stops the heart and the chaotic rhythm. This often allows the normal heart rhythm to resume.\n\nDefibrillators are programmed to recognize ventricular fibrillation and send a shock only when it's appropriate. These portable defibrillators are increasingly available in public places, including airports, shopping malls, casinos, health clubs, and community and senior citizen centers.\n\n<b>At the emergency room</b>\nOnce you arrive in the emergency room, the medical staff will work to stabilize your condition and treat a possible heart attack, heart failure or electrolyte imbalances. You might be given medications to stabilize your heart rhythm.\n\n<b>Long-term treatment</b>\nAfter you recover, your doctor will discuss with you or your family what other tests might help determine the cause of the cardiac arrest. Your doctor will also discuss preventive treatment options with you to reduce your risk of another cardiac arrest.\n\nTreatments might include:\n\n<ul>\n<li>Drugs. Doctors use various anti-arrhythmic drugs for emergency or long-term treatment of arrhythmias or potential arrhythmia complications. A class of medications called beta blockers is commonly used in people at risk of sudden cardiac arrest. As a side effect, an anti-arrhythmia drug might cause your arrhythmia to occur more frequently \u2014 or even cause a new arrhythmia. \n \nOther possible drugs that can be used to treat the condition that led to the arrhythmia include angiotensin-converting enzyme (ACE) inhibitors and calcium channel blockers.\n</li>\n<li>Implantable cardioverter-defibrillator (ICD). After your condition stabilizes, your doctor is likely to recommend an ICD, a battery-powered unit that's put into your body near your left collarbone. One or more electrode-tipped wires from the ICD run through veins to your heart.\n\nThe ICD constantly monitors your heart rhythm. If it detects a rhythm that's too slow, it paces your heart as a pacemaker would. If it detects a dangerous heart rhythm change, it sends out low- or high-energy shocks to reset your heart to a normal rhythm.\n</li>\n<li>Coronary angioplasty. This procedure opens blocked coronary arteries, letting blood flow more freely to your heart, which might reduce your risk of serious arrhythmia. A long, thin tube (catheter) is passed through an artery, usually in your leg, to a blocked artery in your heart. This catheter is equipped with a special balloon tip that briefly inflates to open the blocked artery.\n\nAt the same time, a metal mesh stent might be inserted into the artery to keep it open long term, restoring blood flow to your heart. Coronary angioplasty can be done at the same time as a coronary catheterization (angiogram), a procedure that doctors do to locate narrowed arteries to the heart.\n</li>\n<li>Coronary bypass surgery. Also called coronary artery bypass grafting, bypass surgery involves sewing veins or arteries in place at a site beyond a blocked or narrowed coronary artery (bypassing the narrowed section), restoring blood flow to your heart. This can improve the blood supply to your heart and reduce the frequency of racing heartbeats.</li>\n<li>Radiofrequency catheter ablation. This procedure can be used to block a single abnormal electrical pathway. One or more catheters are threaded through your blood vessels to inside your heart. They're positioned along electrical pathways identified by your doctor as causing your arrhythmia.\n\nElectrodes at the catheter tips are heated with radiofrequency energy. This destroys (ablates) a small spot of heart tissue and creates an electrical block along the pathway that's causing your arrhythmia to stop your arrhythmia.\n</li>\n<li>Corrective heart surgery. If you have a congenital heart deformity, a faulty valve or diseased heart muscle tissue due to cardiomyopathy, surgery to correct the abnormality might improve your heart rate and blood flow, reducing your risk of fatal arrhythmias.</li>\n</ul>"
}