{
    "Aliases": [], 
    "Causes": "Hormonal factors appear to play a role. Uterine polyps are estrogen-sensitive, meaning they grow in response to circulating estrogen.", 
    "Complications": "Uterine polyps might be associated with infertility. If you have uterine polyps and you're unable to have children, removal of the polyps might allow you to become pregnant, but the data are inconclusive.", 
    "Diagnosis": "If your doctor suspects you have uterine polyps, he or she might perform one of the following:\n\n<ul>\n<li>\n    Transvaginal ultrasound. A slender, wand-like device placed in your vagina emits sound waves and creates an image of your uterus, including its interior. Your doctor may see a polyp that's clearly present or may identify a uterine polyp as an area of thickened endometrial tissue.\n    A related procedure, known as hysterosonography (his-tur-o-suh-NOG-ruh-fee) \u2014 also called sonohysterography (son-oh-his-tur-OG-ruh-fee) \u2014 involves having salt water (saline) injected into your uterus through a small tube threaded through your vagina and cervix. The saline expands your uterine cavity, which gives the doctor a clearer view of the inside of your uterus during the ultrasound.\n    </li>\n<li>Hysteroscopy. Your doctor inserts a thin, flexible, lighted telescope (hysteroscope) through your vagina and cervix into your uterus. Hysteroscopy allows your doctor to examine the inside of your uterus.</li>\n<li>Endometrial biopsy. Your doctor might use a suction catheter inside the uterus to collect a specimen for lab testing. Uterine polyps may be confirmed by an endometrial biopsy, but the biopsy could also miss the polyp.</li>\n</ul>\n\n\nMost uterine polyps are noncancerous (benign). However, some precancerous changes of the uterus (endometrial hyperplasia) or uterine cancers (endometrial carcinomas) appear as uterine polyps. Your doctor will likely recommend removal of the polyp and will send a tissue sample for lab analysis to be certain you don't have uterine cancer.", 
    "Id": "syc-20378709", 
    "Overview": "Uterine polyps are growths attached to the inner wall of the uterus that extend into the uterine cavity. Overgrowth of cells in the lining of the uterus (endometrium) leads to the formation of uterine polyps, also known as endometrial polyps. These polyps are usually noncancerous (benign), although some can be cancerous or can eventually turn into cancer (precancerous polyps).\n\nUterine polyps range in size from a few millimeters \u2014 no larger than a sesame seed \u2014 to several centimeters \u2014 golf-ball-size or larger. They attach to the uterine wall by a large base or a thin stalk.\n\nYou can have one or many uterine polyps. They usually stay contained within your uterus, but occasionally, they slip down through the opening of the uterus (cervix) into your vagina. Uterine polyps most commonly occur in women who are going through or have completed menopause, although younger women can get them, too.", 
    "Preparing for your appointment": "Your first appointment will likely be with either your primary care provider or a gynecologist.\n\n<b>What you can do</b>\n<ul>\n<li>Write down your symptoms and when they began. Include all of your symptoms, even if you don't think they're related.</li>\n<li>Make a list of medications, vitamins and supplements you take. Write down doses and how often you take them.</li>\n<li>Have a family member or friend accompany you, if possible. He or she can help you remember the information you receive.</li>\n<li>Take a notebook or notepad with you. Use it to jot down important information during your visit.</li>\n<li>List questions to ask your doctor. This will help you remember what you want to know.</li>\n</ul>\n\n\nFor uterine polyps, some basic questions to ask include:\n\n<ul>\n<li>What could be causing my symptoms?</li>\n<li>What tests might I need?</li>\n<li>Are medications available to treat my condition?</li>\n<li>What side effects can I expect from medication use?</li>\n<li>Under what circumstances do you recommend surgery?</li>\n<li>Could uterine polyps affect my ability to become pregnant?</li>\n<li>Will treatment of uterine polyps improve my fertility?</li>\n<li>Can uterine polyps be cancerous?</li>\n</ul>\n\n\nDon't hesitate to ask other questions.\n\n<b>What to expect from your doctor</b>\nSome questions your doctor might ask include:\n\n<ul>\n<li>When did your symptoms start?</li>\n<li>How often do you have these symptoms?</li>\n<li>How severe are your symptoms?</li>\n<li>Does anything seem to improve your symptoms?</li>\n<li>Does anything seem to make your symptoms worse?</li>\n<li>Have you been treated for uterine polyps or cervical polyps before?</li>\n<li>Have you had fertility problems? Do you want to become pregnant?</li>\n<li>Does your family have a history of breast, colon or endometrial cancer?</li>\n<li></li>\n</ul>", 
    "Risk factors": "Risk factors for developing uterine polyps include:\n\n<ul>\n<li>Being perimenopausal or postmenopausal</li>\n<li>Having high blood pressure (hypertension)</li>\n<li>Being obese</li>\n<li>Taking tamoxifen, a drug therapy for breast cancer</li>\n</ul>", 
    "Symptoms": "Signs and symptoms of uterine polyps include:\n\n<ul>\n<li>Irregular menstrual bleeding \u2014 for example, having frequent, unpredictable periods of variable length and heaviness</li>\n<li>Bleeding between menstrual periods</li>\n<li>Excessively heavy menstrual periods</li>\n<li>Vaginal bleeding after menopause</li>\n<li>Infertility</li>\n</ul>\n\n\nSome women have only light bleeding or spotting; others are symptom-free.\n\n<b>When to see a doctor</b>\nSeek medical care if you have:\n\n<ul>\n<li>Vaginal bleeding after menopause</li>\n<li>Bleeding between menstrual periods</li>\n<li>Irregular menstrual bleeding</li>\n</ul>", 
    "Title": "Uterine polyps", 
    "Treatment": "For uterine polyps, your doctor might recommend:\n\n<ul>\n<li>Watchful waiting. Small polyps without symptoms might resolve on their own. Treatment of small polyps is unnecessary unless you're at risk of uterine cancer.</li>\n<li>Medication. Certain hormonal medications, including progestins and gonadotropin-releasing hormone agonists, may lessen symptoms of the polyp. But taking such medications is usually a short-term solution at best \u2014 symptoms typically recur once you stop taking the medicine.</li>\n<li>Surgical removal. During hysteroscopy, instruments inserted through the hysteroscope \u2014 the device your doctor uses to see inside your uterus \u2014 make it possible to remove polyps. The removed polyp will likely be sent to a lab for microscopic examination.</li>\n</ul>\n\n\nIf a uterine polyp contains cancerous cells, your doctor will talk with you about the next steps in evaluation and treatment.\n\nRarely, uterine polyps can recur. If they do, you might need more treatment."
}