{
    "Aliases": [], 
    "Alternative medicine": "No alternative treatments have been found helpful in treating acute myelogenous leukemia. But some complementary and alternative treatments may relieve the symptoms you experience due to cancer or cancer treatment.\n\nAlternative treatments that may help relieve symptoms include:\n\n<ul>\n<li>Acupuncture</li>\n<li>Aromatherapy</li>\n<li>Massage</li>\n<li>Meditation</li>\n<li>Relaxation exercises</li>\n</ul>", 
    "Causes": "Acute myelogenous leukemia is caused by damage to the DNA of developing cells in your bone marrow. When this happens, blood cell production goes wrong. The bone marrow produces immature cells that develop into leukemic white blood cells called myeloblasts. These abnormal cells are unable to function properly, and they can build up and crowd out healthy cells.\n\nIn most cases, it's not clear what causes the DNA mutations that lead to leukemia. Radiation, exposure to certain chemicals and some chemotherapy drugs are known risk factors for acute myelogenous leukemia.", 
    "Clinical trials": "Explore Mayo Clinic studies testing new treatments, interventions and tests as a means to prevent, detect, treat or manage this disease.", 
    "Coping and support": "Acute myelogenous leukemia is an aggressive form of cancer that typically demands quick decision-making. That leaves people with a new diagnosis faced with important decisions about a disease they may not yet understand. Here are some tips for coping:\n\n<ul>\n<li>Learn enough to make decisions about your care. The term \"leukemia\" can be confusing because it refers to a group of cancers that aren't all that similar except for the fact that they affect the bone marrow and blood. You can waste a lot of time researching information that doesn't apply to your kind of leukemia. To avoid that, ask your doctor to write down as much information about your specific disease as possible. Then narrow your search for information accordingly.\n\nWrite down questions for your doctor before each appointment, and look for information in your local library and on the internet. Good sources include the National Cancer Institute, the American Cancer Society and the Leukemia & Lymphoma Society.\n</li>\n<li>Lean on family and friends. It can be difficult to talk about your diagnosis, and you'll likely get a range of reactions when you share the news. But talking about your diagnosis can be helpful. So can the outpouring of practical help that often results.</li>\n<li>Take care of yourself. It's easy to get caught up in the tests, treatments and procedures of therapy. But it's important to take care of yourself, not just the cancer. Try to make time for yoga, cooking or other favorite diversions.</li>\n</ul>", 
    "Diagnosis": "If you have signs or symptoms of acute myelogenous leukemia, your doctor may recommend that you undergo diagnostic tests, including:\n\n<ul>\n<li>Blood tests. Most people with acute myelogenous leukemia have too many white blood cells, not enough red blood cells and not enough platelets. The presence of blast cells \u2014 immature cells normally found in bone marrow but not circulating in the blood \u2014 is another indicator of acute myelogenous leukemia.</li>\n<li>Bone marrow test. A blood test can suggest leukemia, but it usually takes a bone marrow test to confirm the diagnosis.\n\nDuring a bone marrow biopsy, a needle is used to remove a sample of your bone marrow. Usually, the sample is taken from your hipbone (posterior iliac crest). The sample is sent to a laboratory for testing.\n</li>\n<li>Lumbar puncture (spinal tap). In some cases, it may be necessary to remove some of the fluid around your spinal cord to check for leukemia cells. Your doctor can collect this fluid by inserting a small needle into the spinal canal in your lower back.</li>\n<li>Genomic testing. Laboratory tests of your leukemia cells can identify specific genes, chromosome changes, and other issues unique to your leukemia, as well as to find genetic changes or mutations. This can help determine your prognosis and guide your treatment.</li>\n</ul>\n\n\nIf your doctor suspects leukemia, you may be referred to a doctor who specializes in blood cancer (hematologist or medical oncologist).\n\n<b>Determining your AML subtype</b>\nIf your doctor determines that you have AML, you may need further tests to determine the extent of the cancer and classify it into a more specific AML subtype.\n\nYour AML subtype is based on how your cells appear when examined under a microscope. Special laboratory testing also may be used to identify the specific characteristics of your cells.\n\nYour AML subtype helps determine which treatments may be best for you. Doctors are studying how different types of cancer treatment affect people with different AML subtypes.", 
    "Id": "syc-20369109", 
    "Overview": "Acute myelogenous leukemia (AML) is a cancer of the blood and bone marrow \u2014 the spongy tissue inside bones where blood cells are made.\n\nThe word \"acute\" in acute myelogenous leukemia denotes the disease's rapid progression. It's called myelogenous (my-uh-LOHJ-uh-nus) leukemia because it affects a group of white blood cells called the myeloid cells, which normally develop into the various types of mature blood cells, such as red blood cells, white blood cells and platelets.\n\nAcute myelogenous leukemia is also known as acute myeloid leukemia, acute myeloblastic leukemia, acute granulocytic leukemia and acute nonlymphocytic leukemia.\n\nAML care at Mayo Clinic", 
    "Preparing for your appointment": "If you have signs and symptoms of acute myelogenous leukemia, you're likely to start by seeing your family doctor or a general practitioner. However, in some cases, you may be referred immediately to a doctor who specializes in blood cell diseases (hematologist).\n\nBecause appointments can be brief, and because there's often a lot of ground to cover, it's a good idea to be well-prepared. Here's some information to help you get ready and know what to expect from your doctor.\n\n<b>What you can do</b>\n<ul>\n<li>Be aware of any pre-appointment restrictions. At the time you make the appointment, be sure to ask if there's anything you need to do in advance, such as restrict your diet.</li>\n<li>Write down any symptoms you're experiencing, including any that may seem unrelated to the reason for which you scheduled the appointment.</li>\n<li>Write down key personal information, including any major stresses or recent life changes.</li>\n<li>Make a list of all medications, vitamins or supplements that you're taking.</li>\n<li>Consider taking a family member or friend along. Sometimes it can be difficult to remember all the information provided during an appointment. Someone who accompanies you may remember something that you missed or forgot.</li>\n<li>Write down questions to ask your doctor.</li>\n</ul>\n\n\nYour time with your doctor is limited, so preparing a list of questions can help you make the most of your time together. List your questions from most important to least important in case time runs out. For acute myelogenous leukemia, some basic questions to ask include:\n\n<ul>\n<li>What is likely causing my symptoms or condition?</li>\n<li>What are other possible causes for my symptoms or condition?</li>\n<li>What kinds of tests do I need?</li>\n<li>What is the best course of action?</li>\n<li>What are the alternatives to the primary approach that you're suggesting?</li>\n<li>I have these other health conditions. How can I best manage them together?</li>\n<li>Are there any restrictions that I need to follow?</li>\n<li>Should I seek a second opinion? What will that cost, and will my insurance cover it?</li>\n<li>Is there a generic alternative to the medicine you're prescribing?</li>\n<li>Are there brochures or other printed material that I can take with me? What websites do you recommend?</li>\n<li>What will determine whether I should plan for a follow-up visit?</li>\n</ul>\n\n\nIn addition to the questions that you've prepared to ask your doctor, don't hesitate to ask other questions.\n\n<b>What to expect from your doctor</b>\nYour doctor is likely to ask you a number of questions. Being ready to answer them may allow time later to cover other points you want to address. Your doctor may ask:\n\n<ul>\n<li>When did you first begin experiencing symptoms?</li>\n<li>Have your symptoms been continuous or occasional?</li>\n<li>How severe are your symptoms?</li>\n<li>What, if anything, seems to improve your symptoms?</li>\n<li>What, if anything, appears to worsen your symptoms?</li>\n</ul>\n\n\n<b>What you can do in the meantime</b>\nAvoid activities that worsen your signs and symptoms. For instance, try to take it easy if you're feeling fatigued.", 
    "Risk factors": "Factors that may increase your risk of acute myelogenous leukemia include:\n\n<ul>\n<li>Increasing age. The risk of acute myelogenous leukemia increases with age. Acute myelogenous leukemia is most common in adults age 65 and older.</li>\n<li>Your sex. Men are more likely to develop acute myelogenous leukemia than are women.</li>\n<li>Previous cancer treatment. People who've had certain types of chemotherapy and radiation therapy may have a greater risk of developing AML.</li>\n<li>Exposure to radiation. People exposed to very high levels of radiation, such as survivors of a nuclear reactor accident, have an increased risk of developing AML.</li>\n<li>Dangerous chemical exposure. Exposure to certain chemicals, such as benzene, is linked to a greater risk of AML.</li>\n<li>Smoking. AML is linked to cigarette smoke, which contains benzene and other known cancer-causing chemicals.</li>\n<li>Other blood disorders. People who've had another blood disorder, such as myelodysplasia, myelofibrosis, polycythemia vera or thrombocythemia, are at greater risk of developing AML.</li>\n<li>Genetic disorders. Certain genetic disorders, such as Down syndrome, are associated with an increased risk of AML.</li>\n</ul>\n\n\nMany people with AML have no known risk factors, and many people who have risk factors never develop the cancer.", 
    "Symptoms": "General signs and symptoms of the early stages of acute myelogenous leukemia may mimic those of the flu or other common diseases. Signs and symptoms may vary based on the type of blood cell affected.\n\nSigns and symptoms of acute myelogenous leukemia include:\n\n<ul>\n<li>Fever</li>\n<li>Bone pain</li>\n<li>Lethargy and fatigue</li>\n<li>Shortness of breath</li>\n<li>Pale skin</li>\n<li>Frequent infections</li>\n<li>Easy bruising</li>\n<li>Unusual bleeding, such as frequent nosebleeds and bleeding from the gums</li>\n</ul>\n\n\n<b>When to see a doctor</b>\nMake an appointment with a doctor if you develop any signs or symptoms that seem unusual or that worry you.", 
    "Title": "Acute myelogenous leukemia", 
    "Treatment": "Treatment of acute myelogenous leukemia depends on several factors, including the subtype of the disease, your age, your overall health and your preferences.\n\nIn general, treatment falls into two phases:\n\n<ul>\n<li>Remission induction therapy. The purpose of the first phase of treatment is to kill the leukemia cells in your blood and bone marrow. However, remission induction usually doesn't wipe out all of the leukemia cells, so you need further treatment to prevent the disease from returning.</li>\n<li>Consolidation therapy. Also called post-remission therapy, maintenance therapy or intensification, this phase of treatment is aimed at destroying the remaining leukemia cells. It's considered crucial to decreasing the risk of relapse.</li>\n</ul>\n\n\nTherapies used in these phases include:\n\n<ul>\n<li>Chemotherapy. Chemotherapy is the major form of remission induction therapy, though it can also be used for consolidation therapy. Chemotherapy uses chemicals to kill cancer cells in your body.\n\nPeople with AML generally stay in the hospital during chemotherapy treatments because the drugs destroy many normal blood cells in the process of killing leukemia cells. If the first cycle of chemotherapy doesn't cause remission, it can be repeated.\n</li>\n<li>Targeted therapy. Targeted therapy uses drugs that attack specific vulnerabilities within your cancer cells. The drug midostaurin (Rydapt) stops the action of an enzyme within the leukemia cells and causes the cells to die. Midostaurin is only useful for people whose cancer cells have the FLT3 mutation. This drug is administered in pill form.</li>\n<li>Other drug therapy. Arsenic trioxide (Trisenox) and all-trans retinoic acid (ATRA) are anti-cancer drugs that can be used alone or in combination with chemotherapy for remission induction of a certain subtype of AML called promyelocytic leukemia. These drugs cause leukemia cells with a specific gene mutation to mature and die, or to stop dividing.</li>\n<li>Bone marrow transplant. A bone marrow transplant, also called a stem cell transplant, may be used for consolidation therapy. A bone marrow transplant helps re-establish healthy stem cells by replacing unhealthy bone marrow with leukemia-free stem cells that will regenerate healthy bone marrow.\n\nPrior to a bone marrow transplant, you receive very high doses of chemotherapy or radiation therapy to destroy your leukemia-producing bone marrow. Then you receive infusions of stem cells from a compatible donor (allogeneic transplant).\n\nYou can also receive your own stem cells (autologous transplant) if you were previously in remission and had your healthy stem cells removed and stored for a future transplant.\n</li>\n<li>Clinical trials. Some people with leukemia choose to enroll in clinical trials to try experimental treatments or new combinations of known therapies.</li>\n</ul>"
}