{
    "Aliases": [], 
    "Causes": "Different types of Ehlers-Danlos syndrome are associated with a variety of genetic causes, some of which are inherited and passed on from parent to child. If you have the most common varieties of Ehlers-Danlos syndrome, there's a 50 percent chance that you'll pass on the gene to each of your children.", 
    "Clinical trials": "Explore Mayo Clinic studies testing new treatments, interventions and tests as a means to prevent, detect, treat or manage this disease.", 
    "Complications": "Complications depend on the types of signs and symptoms you have. For example, overly flexible joints can result in joint dislocations and early-onset arthritis. Fragile skin may develop prominent scarring.\n\nPeople who have Ehlers-Danlos syndrome, vascular type, are at risk of often fatal ruptures of major blood vessels. Some organs, such as the uterus and intestines, also may rupture. Pregnancy can increase these risks.", 
    "Coping and support": "Coping with a lifelong illness is challenging. Depending on the severity of your symptoms, you may face challenges at home, at work and in your relationships with others. Here are some suggestions that may help you cope:\n\n<ul>\n<li>Increase your knowledge. Knowing more about Ehlers-Danlos syndrome can help you take control of your condition. Find a doctor who's experienced in the management of this disorder.</li>\n<li>Tell others. Explain your condition to family members, friends and your employer. Ask your employer about any accommodations that you feel will make you a more productive worker.</li>\n<li>Build a support system. Cultivate relationships with family and friends who are positive and caring. It also may help to talk to a counselor or clergy member. Many people with Ehlers-Danlos syndrome can benefit from seeing a psychologist or social worker.</li>\n</ul>\n\n\nSupport groups, either online or in person, help people share common experiences and potential solutions to problems.\n\n<b>Helping your child cope</b>\nIf you are a parent of a child with Ehlers-Danlos syndrome, consider these suggestions to help your child:\n\n<ul>\n<li>Maintain normalcy. Treat your child like other children. Ask others \u2014 grandparents, aunts, uncles, teachers \u2014 to do the same.</li>\n<li>Be open. Allow your child to express his or her feelings about having Ehlers-Danlos syndrome, even if it means being angry at times. Make sure your child's teachers and other caregivers know about your child's condition. Review with them appropriate caregiving skills, particularly in the event of a fall or injury.</li>\n<li>Promote safe activity. Encourage your child to participate in physical activities with appropriate boundaries. Discourage contact sports while encouraging non-weight-bearing activities, such as swimming. Your child's doctor or physical therapist also may have recommendations.</li>\n</ul>", 
    "Diagnosis": "Extremely loose joints, fragile or stretchy skin, and a family history of Ehlers-Danlos syndrome are often enough to make a diagnosis. Genetic tests on a sample of your blood can confirm the diagnosis in some cases and help rule out other problems.", 
    "Id": "syc-20362125", 
    "Lifestyle and home remedies": "If you have Ehlers-Danlos syndrome, it's important to prevent injuries. Here are a few things you can do to safeguard yourself.\n\n<ul>\n<li>Choose sports wisely. Walking, swimming, tai chi, recreational biking, using an elliptical machine or a stationary bike are all good choices. Avoid contact sports, weightlifting and other activities that increase your risk of injury. Minimize stress on your hips, knees and ankles.</li>\n<li>Rest your jaw. To protect your jaw joint, avoid chewing gum, hard rolls and ice. Take breaks during dental work to close your mouth.</li>\n<li>Avoid certain musical instruments. To prevent a collapsed lung, avoid playing reeded wind or brass instruments. A violin, viola or piano would be safer options and would take advantage of the increased flexibility of your hands.</li>\n</ul>", 
    "Overview": "Ehlers-Danlos syndrome is a group of inherited disorders that affect your connective tissues \u2014 primarily your skin, joints and blood vessel walls. Connective tissue is a complex mixture of proteins and other substances that provide strength and elasticity to the underlying structures in your body.\n\nPeople who have Ehlers-Danlos syndrome usually have overly flexible joints and stretchy, fragile skin. This can become a problem if you have a wound that requires stitches, because the skin often isn't strong enough to hold them.\n\nA more severe form of the disorder, called Ehlers-Danlos syndrome, vascular type, can cause the walls of your blood vessels, intestines or uterus to rupture. Because Ehlers-Danlos syndrome, vascular type, can have serious potential complications in pregnancy, you may want to talk to a genetic counselor before starting a family.\n\nEhlers-Danlos syndrome care at Mayo Clinic", 
    "Preparing for your appointment": "You might first bring your concerns to the attention of your family doctor, but he or she may refer you to a doctor who specializes in genetic diseases.\n\n<b>What you can do</b>\nBefore your appointment, you may want to write a list of answers to the following questions:\n\n<ul>\n<li>What types of symptoms are you experiencing?</li>\n<li>Have your parents, grandparents or siblings had similar symptoms?</li>\n<li>Has any blood relative died of a ruptured blood vessel or organ?</li>\n<li>What medications and supplements do you take regularly?</li>\n</ul>\n\n\n<b>What to expect from your doctor</b>\nYour doctor may ask some of the following questions:\n\n<ul>\n<li>Are any of your joints overly flexible?</li>\n<li>Is your skin extra stretchy?</li>\n<li>Does your skin heal poorly after injuries?</li>\n</ul>", 
    "Prevention": "If you have a personal or family history of Ehlers-Danlos syndrome and you're thinking about starting a family, you may benefit from talking to a genetic counselor \u2014 a health care professional trained to assess the risk of inherited disorders. Genetic counseling can help you understand the inheritance pattern of the type of Ehlers-Danlos syndrome that affects you and the risks it poses for your children.", 
    "Symptoms": "<b>Classic Ehlers-Danlos syndrome</b>\nSigns and symptoms of the most common form of Ehlers-Danlos syndrome include:\n\n<ul>\n<li>Overly flexible joints. Because the connective tissue that holds joints together is looser, your joints can move far past the normal range of motion. Joint pain and dislocations are common.</li>\n<li>Stretchy skin. Weakened connective tissue allows your skin to stretch much more than usual. You may be able to pull a pinch of skin up away from your flesh, but it will snap right back into place when you let go. Your skin might also feel exceptionally soft and velvety.</li>\n<li>Fragile skin. Damaged skin often doesn't heal well. For example, the stitches used to close a wound often will tear out and leave a gaping scar. These scars may look thin and crinkly.</li>\n</ul>\n\n\nSymptom severity can vary from person to person. Some people with Ehlers-Danlos syndrome will have overly flexible joints, but few or none of the skin symptoms.\n\n<b>Ehlers-Danlos syndrome, vascular type</b>\nPeople who have Ehlers-Danlos syndrome, vascular type, often share distinctive facial features of a thin nose, thin upper lip, small earlobes and prominent eyes. They also have thin, translucent skin that bruises very easily. In fair-skinned people, the underlying blood vessels are very visible through the skin.\n\nEhlers-Danlos syndrome, vascular type, can weaken your heart's largest artery (aorta), as well as the arteries to other regions of your body. A rupture of any of these larger blood vessels can be fatal. The vascular type can also weaken the walls of the uterus or large intestines \u2014 which also may rupture.", 
    "Title": "Ehlers-Danlos syndrome", 
    "Treatment": "There is no cure for Ehlers-Danlos syndrome, but treatment can help you manage your symptoms and prevent further complications.\n\n<b>Medications</b>\nYour doctor may prescribe drugs to help you control:\n\n<ul>\n<li>Pain. Over-the-counter pain relievers \u2014 such as acetaminophen (Tylenol, others) ibuprofen (Advil, Motrin IB, others) and naproxen sodium (Aleve) \u2014 are the mainstay of treatment. Stronger medications are only prescribed for acute injuries.</li>\n<li>Blood pressure. Because blood vessels are more fragile in some types of Ehlers-Danlos syndrome, your doctor may want to reduce the stress on the vessels by keeping your blood pressure low.</li>\n</ul>\n\n\n<b>Physical therapy</b>\nJoints with weak connective tissue are more likely to dislocate. Exercises to strengthen the muscles and stabilize joints are the primary treatment for Ehlers-Danlos syndrome. Your physical therapist might also recommend specific braces to help prevent joint dislocations.\n\n<b>Surgical and other procedures</b>\nSurgery may be recommended to repair joints damaged by repeated dislocations. However, your skin and the connective tissue of the affected joint may not heal properly after the surgery.\n\nSurgery may be necessary to repair ruptured blood vessels or organs in people with Ehlers-Danlos syndrome, vascular type."
}