{
    "Aliases": [], 
    "Causes": "Hypoparathyroidism occurs when your parathyroid glands don't secrete enough parathyroid hormone. You have four small parathyroid glands situated in your neck, behind your thyroid gland.\n\nFactors that can cause hypoparathyroidism include:\n\n<ul>\n<li>Post-surgical hypoparathyroidism. This most common cause of hypoparathyroidism develops after accidental damage to or removal of the parathyroid glands during surgery. This surgery might be a treatment for diseases of the thyroid gland, or for throat or neck cancer.</li>\n<li>Autoimmune disease. Your immune system creates antibodies against the parathyroid tissues, trying to reject them as if they were foreign bodies. In the process, the parathyroid glands stop manufacturing their hormone.</li>\n<li>Hereditary hypoparathyroidism. In this form, either you're born without parathyroid glands or they don't work properly. Some types of hereditary hypoparathyroidism are associated with deficiencies of other hormone-producing glands.</li>\n<li>Extensive cancer radiation treatment of your face or neck. Radiation can result in destruction of your parathyroid glands, as can radioactive iodine treatment for hyperthyroidism, occasionally.</li>\n<li>Low levels of magnesium in your blood, which can affect the function of your parathyroid glands. Normal magnesium levels are required for optimum secretion of parathyroid hormone.</li>\n</ul>", 
    "Clinical trials": "Explore Mayo Clinic studies testing new treatments, interventions and tests as a means to prevent, detect, treat or manage this disease.", 
    "Complications": "Hypoparathyroidism can result in various complications.\n\nThe following are due to low calcium levels, most of which are likely to improve with treatment:\n\n<ul>\n<li>Tetany. These cramplike spasms of your hands and fingers can be prolonged and painful. Tetany might also include muscle discomfort and twitches or spasms of the muscles of your face, throat or arms. When these spasms occur in your throat, they can interfere with breathing, creating a possible emergency.</li>\n<li>Paresthesias. These are characterized by odd, tingling sensations or pins and needles feelings in your lips, tongue, fingers and toes.</li>\n<li>Loss of consciousness with convulsions (grand mal seizures).</li>\n<li>Malformed teeth, affecting dental enamel and roots.</li>\n<li>Impaired kidney function.</li>\n<li>Heart arrhythmias and fainting, even heart failure.</li>\n</ul>\n\n\nAccurate diagnosis and treatment might prevent these complications associated with hypoparathyroidism. But once they occur, calcium and vitamin D won't improve them:\n\n<ul>\n<li>Stunted growth (short stature)</li>\n<li>Slow mental development in children</li>\n<li>Calcium deposits in the brain, which can cause balance problems and seizures</li>\n<li>Cataracts</li>\n</ul>", 
    "Diagnosis": "A doctor who suspects hypoparathyroidism will take a medical history and conduct a physical exam.\n\n<b>Blood tests</b>\nThese findings on blood tests might indicate hypoparathyroidism:\n\n<ul>\n<li>A low blood-calcium level</li>\n<li>A low parathyroid hormone level</li>\n<li>A high blood-phosphorus level</li>\n<li>A low blood-magnesium level</li>\n</ul>\n\n\nYour doctor might also order a urine test to determine whether your body is excreting too much calcium.", 
    "Id": "syc-20355375", 
    "Overview": "Hypoparathyroidism is an uncommon condition in which your body secretes abnormally low levels of parathyroid hormone (PTH). PTH is key to regulating and maintaining a balance of your body's levels of two minerals \u2014 calcium and phosphorus.\n\nThe low production of PTH in hypoparathyroidism leads to abnormally low calcium levels in your blood and bones and to an increase of phosphorus in your blood.\n\nSupplements to normalize your calcium and phosphorus levels treat the condition. Depending on the cause of your hypoparathyroidism, you'll likely need to take supplements for life.", 
    "Preparing for your appointment": "You'll likely start by seeing your primary care provider. You might then be referred to a doctor who specializes in treating hormone disorders (endocrinologist).\n\nHere's some information to help you get ready for your appointment.\n\n<b>What you can do</b>\nWhen you make the appointment, ask if there's anything you need to do in advance, such as fasting for a specific test. Make a list of:\n\n\n\n\n<ul>\n<li>Your symptoms, including those that seem unrelated to the reason for which you scheduled the appointment, and when they began\n    </li>\n<li>Key personal information, including major stresses or recent life changes and your and your family's medical history\n    </li>\n<li>All medications, vitamins and other supplements you take, including doses\n    </li>\n<li>Questions to ask your doctor\n    </li>\n</ul>\n\n\nTake a family member or friend with you, if possible, to help you remember the information you're given.\n\n\n\n\nFor hypoparathyroidism, questions to ask your doctor include:\n\n\n\n\n<ul>\n<li>What is likely causing my symptoms?\n    </li>\n<li>What are other possible causes?\n    </li>\n<li>What tests do I need?\n    </li>\n<li>Is my condition likely temporary or chronic?\n    </li>\n<li>What treatments are available, and which do you recommend?\n    </li>\n<li>What are the alternatives to the primary approach you're suggesting?\n    </li>\n<li>How can I best manage this condition with my other health conditions?\n    </li>\n<li>Do I need to change my diet?\n    </li>\n<li>Are there brochures or other printed material I can take? What websites do you recommend?\n    </li>\n</ul>\n\n\nDon't hesitate to ask other questions.\n\n<b>What to expect from your doctor</b>\nYour doctor is likely to ask you questions, including:\n\n<ul>\n<li>Have you recently had surgery involving your neck?</li>\n<li>Have you received radiation therapy to your head or neck or for treatment of thyroid problems?</li>\n<li>Has anyone in your family had similar symptoms?</li>\n<li>Have your symptoms been continuous or occasional?</li>\n<li>How severe are your symptoms?</li>\n<li>What, if anything, seems to improve your symptoms?</li>\n<li>What, if anything, appears to worsen your symptoms?</li>\n</ul>", 
    "Prevention": "There are no specific actions to prevent hypoparathyroidism. However, if you're scheduled to have thyroid or neck surgery, talk to your surgeon about the risk of damage to your parathyroid glands during the procedure.\n\nIf you've had surgery involving your thyroid or neck, watch for signs and symptoms that could indicate hypoparathyroidism, such as a tingling or burning sensation in your fingers, toes or lips, or muscle twitching or cramping. If they occur, your doctor might recommend prompt treatment with calcium and vitamin D to minimize the effects of the disorder.", 
    "Risk factors": "Factors that can increase your risk of developing hypoparathyroidism include:\n\n<ul>\n<li>Recent neck surgery, particularly if the thyroid was involved</li>\n<li>A family history of hypoparathyroidism</li>\n<li>Having certain autoimmune or endocrine conditions, such as Addison's disease \u2014 which causes your adrenal glands to produce too little of its hormones</li>\n</ul>", 
    "Symptoms": "Signs and symptoms of hypoparathyroidism can include:\n\n<ul>\n<li>Tingling or burning (paresthesia) in your fingertips, toes and lips</li>\n<li>Muscle aches or cramps in your legs, feet, abdomen or face</li>\n<li>Twitching or spasms of your muscles, particularly around your mouth, but also in your hands, arms and throat</li>\n<li>Fatigue or weakness</li>\n<li>Painful menstruation</li>\n<li>Patchy hair loss</li>\n<li>Dry, coarse skin</li>\n<li>Brittle nails</li>\n<li>Depression or anxiety</li>\n</ul>\n\n\nIf you have signs or symptoms associated with hypoparathyroidism, see your doctor for an evaluation. Contact your doctor immediately if you have a seizure or have difficulty breathing, both of which can be complications of hypoparathyroidism.", 
    "Title": "Hypoparathyroidism", 
    "Treatment": "The goal of treatment is to relieve symptoms and to normalize levels of calcium and phosphorus in your body. A treatment regimen typically includes:\n\n<ul>\n<li>Oral calcium carbonate tablets. Oral calcium supplements can increase calcium levels in your blood. However, at high doses, calcium supplements can cause gastrointestinal side effects, such as constipation, in some people.</li>\n<li>Vitamin D. High doses of vitamin D, generally in the form of calcitriol, can help your body absorb calcium and eliminate phosphorus.</li>\n<li>Parathyroid hormone (Natpara). The Food and Drug Administration has approved this once-daily injection for treatment of low blood calcium due to hypoparathyroidism. Because of the potential risk of bone cancer (osteosarcoma), at least in animal studies, this drug is available only through a restricted program to people whose calcium levels can't be controlled with calcium and vitamin D supplements and who understand the risks.</li>\n</ul>\n\n\n<b>Diet</b>\nYour doctor might recommend that you consult a dietitian, who is likely to advise a diet that's:\n\n<ul>\n<li>Rich in calcium. This includes dairy products, green leafy vegetables, broccoli and foods with added calcium, such as some orange juice and breakfast cereals.</li>\n<li>Low in phosphorus. This means avoiding carbonated soft drinks, which contain phosphorus in the form of phosphoric acid, and limiting meats, hard cheeses and whole grains.</li>\n</ul>\n\n\n<b>Intravenous infusion</b>\nIf you need immediate symptom relief, your doctor might recommend hospitalization so that you can receive calcium by intravenous (IV) infusion, as well as oral calcium tablets. After hospital discharge, you'll continue to take calcium and vitamin D orally.\n\n<b>Monitoring</b>\nYour doctor will regularly check your blood to monitor levels of calcium and phosphorus. Initially, these tests will probably be weekly to monthly. Eventually, you'll need blood tests just twice a year.\n\nBecause hypoparathyroidism is usually a long-lasting (chronic) disorder, treatment generally is lifelong, as are regular blood tests to determine whether calcium in particular is at normal levels. Your doctor will adjust your dose of supplemental calcium if your blood-calcium levels rise or fall."
}