{
    "Aliases": [], 
    "Alternative medicine": "A number of alternative medicines have been used to treat liver diseases. Milk thistle (silymarin) is the most widely used and best studied.\n\nHowever, there is not enough evidence of benefit from clinical trials to recommend use of any herbal products to treat liver cirrhosis. In addition, some alternative medications may harm the liver. Talk with your doctor if you're interested in trying alternative medicine to help you cope with cirrhosis.", 
    "Causes": "A wide range of diseases and conditions can damage the liver and lead to cirrhosis.\n\nSome of the causes include:\n\n<ul>\n<li>Chronic alcohol abuse </li>\n<li>Chronic viral hepatitis (hepatitis B, C and D)</li>\n<li>Fat accumulating in the liver (nonalcoholic fatty liver disease)</li>\n<li>Iron buildup in the body (hemochromatosis)</li>\n<li>Cystic fibrosis</li>\n<li>Copper accumulated in the liver (Wilson's disease)</li>\n<li>Poorly formed bile ducts (biliary atresia) </li>\n<li>Alpha-1 antitrypsin deficiency </li>\n<li>Inherited disorders of sugar metabolism (galactosemia or glycogen storage disease)</li>\n<li>Genetic digestive disorder (Alagille syndrome) </li>\n<li>Liver disease caused by your body's immune system (autoimmune hepatitis) </li>\n<li>Destruction of the bile ducts (primary biliary cirrhosis) </li>\n<li>Hardening and scarring of the bile ducts (primary sclerosing cholangitis</li>\n<li>Infection, such as syphilis or brucellosis</li>\n<li>Medications, including methotrexate or isoniazid</li>\n</ul>", 
    "Clinical trials": "Explore Mayo Clinic studies testing new treatments, interventions and tests as a means to prevent, detect, treat or manage this disease.", 
    "Complications": "Complications of cirrhosis can include:\n\n<ul>\n<li>High blood pressure in the veins that supply the liver (portal hypertension). Cirrhosis slows the normal flow of blood through the liver, thus increasing pressure in the vein that brings blood to the liver from the intestines and spleen. </li>\n<li>Swelling in the legs and abdomen. The increased pressure in the portal vein can cause fluid to accumulate in the legs (edema) and in the abdomen (ascites). Edema and ascites also may result from the inability of the liver to make enough of certain blood proteins, such as albumin.</li>\n<li>Enlargement of the spleen (splenomegaly). Portal hypertension can also cause changes to and swelling of the spleen, and trapping of white blood cells and platelets. Decreased white blood cells and platelets in your blood can be the first sign of cirrhosis. </li>\n<li>Bleeding. Portal hypertension can cause blood to be redirected to smaller veins. Strained by the extra pressure, these smaller veins can burst, causing serious bleeding. Portal hypertension may cause enlarged veins (varices) in the esophagus (esophageal varices) or the stomach (gastric varices) and lead to life-threatening bleeding. If the liver can't make enough clotting factors, this also can contribute to continued bleeding. </li>\n<li>Infections. If you have cirrhosis, your body may have difficulty fighting infections. Ascites can lead to bacterial peritonitis, a serious infection.</li>\n<li>Malnutrition. Cirrhosis may make it more difficult for your body to process nutrients, leading to weakness and weight loss.</li>\n<li>Buildup of toxins in the brain (hepatic encephalopathy). A liver damaged by cirrhosis isn't able to clear toxins from the blood as well as a healthy liver can. These toxins can then build up in the brain and cause mental confusion and difficulty concentrating. With time, hepatic encephalopathy can progress to unresponsiveness or coma. </li>\n<li>Jaundice. Jaundice occurs when the diseased liver doesn't remove enough bilirubin, a blood waste product, from your blood. Jaundice causes yellowing of the skin and whites of the eyes and darkening of urine. </li>\n<li>Bone disease. Some people with cirrhosis lose bone strength and are at greater risk of fractures. </li>\n<li>Increased risk of liver cancer. A large proportion of people who develop liver cancer have pre-existing cirrhosis.</li>\n<li>Acute-on-chronic cirrhosis. Some people end up experiencing multiorgan failure. Researchers now believe this is a distinct complication in some people who have cirrhosis, but they don't fully understand its causes.</li>\n</ul>", 
    "Diagnosis": "People with early-stage cirrhosis of the liver usually don't have symptoms. Often, cirrhosis is first detected through a routine blood test or checkup. To help confirm a diagnosis, a combination of laboratory and imaging tests is usually done.\n\n<b>Tests</b>\nYour doctor may order one or more tests that may suggest a problem with your liver, including:\n\n<ul>\n<li>\n    Laboratory tests. Your doctor may order blood tests to check for signs of liver malfunction, such as excess bilirubin, as well as for certain enzymes that may indicate liver damage. To assess kidney function, your blood is checked for creatinine. You'll be screened for the hepatitis viruses. Your international normalized ratio (INR) is also checked for your blood's ability to clot.\n    Based on the blood test results, your doctor may be able to diagnose the underlying cause of cirrhosis. He or she can also use blood tests to help identify how serious your cirrhosis is.\n    </li>\n<li>Imaging tests. Magnetic resonance elastography (MRE) may be recommended. This noninvasive advanced imaging test detects hardening or stiffening of the liver. Other imaging tests, such as MRI, CT and ultrasound, may also be done.</li>\n<li>Biopsy. A tissue sample (biopsy) is not necessarily needed for diagnosis. However, your doctor may use it to identify the severity, extent and cause of liver damage.</li>\n</ul>\n\n\nIf you have cirrhosis, your doctor is likely to recommend regular diagnostic tests to monitor for signs of disease progression or complications, especially esophageal varices and liver cancer. Noninvasive tests are becoming more widely available for monitoring.", 
    "Id": "syc-20351487", 
    "Lifestyle and home remedies": "If you have cirrhosis, be careful to limit additional liver damage:\n\n<ul>\n<li>Don't drink alcohol. Whether your cirrhosis was caused by chronic alcohol use or another disease, avoid alcohol. Drinking alcohol may cause further liver damage.</li>\n<li>Eat a low-sodium diet.  Excess salt can cause your body to retain fluids, worsening swelling in your abdomen and legs. Use herbs for seasoning your food, rather than salt. Choose prepared foods that are low in sodium.</li>\n<li>Eat a healthy diet. People with cirrhosis can experience malnutrition. Combat this with a healthy plant-based diet that includes a variety of fruits and vegetables. Choose lean protein, such as legumes, poultry or fish. Avoid raw seafood.</li>\n<li>Avoid infections. Cirrhosis makes it more difficult for you to fight off infections. Protect yourself by avoiding people who are sick and washing your hands frequently. Get vaccinated for hepatitis A and B, influenza, and pneumonia.</li>\n<li>Use over-the-counter medications carefully. Cirrhosis makes it more difficult for your liver to process drugs. For this reason, ask your doctor before taking any medications, including nonprescription drugs. Avoid drugs such as aspirin and ibuprofen (Advil, Motrin IB, others). If you have liver damage, your doctor may recommend you avoid acetaminophen (Tylenol, others) or take it in low doses for pain relief.</li>\n</ul>", 
    "Overview": "Cirrhosis is a late stage of scarring (fibrosis) of the liver caused by many forms of liver diseases and conditions, such as hepatitis and chronic alcoholism.\n\nEach time your liver is injured \u2014 whether by disease, excessive alcohol consumption or another cause \u2014 it tries to repair itself. In the process, scar tissue forms. As cirrhosis progresses, more and more scar tissue forms, making it difficult for the liver to function (decompensated cirrhosis). Advanced cirrhosis is life-threatening.\n\nThe liver damage done by cirrhosis generally can't be undone. But if liver cirrhosis is diagnosed early and the cause is treated, further damage can be limited and, rarely, reversed.", 
    "Preparing for your appointment": "If you have cirrhosis, you may be referred to a doctor who specializes in the digestive system (gastroenterologist) or the liver (hepatologist).\n\nHere's some information to help you get ready for your appointment and what to expect from your doctor.\n\n<b>What you can do</b>\n<ul>\n<li>Be aware of any pre-appointment restrictions, such as diet restrictions on the day before your appointment.</li>\n<li>Write down your symptoms, including when they started and how they may have changed or worsened over time.</li>\n<li>Take a list of all your medications, as well as any vitamins or supplements.</li>\n<li>Write down your key medical information, including other diagnosed conditions.</li>\n<li>Bring results of medical tests done so far, including digital copies of CT, MRI or ultrasound images and biopsy slides if a liver biopsy has been done.</li>\n<li>Write down key personal information, including any recent changes or stressors in your life.</li>\n<li>Take a family member or friend along to help you remember things.</li>\n<li>Write down questions to ask your doctor.</li>\n</ul>\n\n\n<b>Questions to ask your doctor</b>\nPreparing a list of questions can help you make the most of your time. Some basic questions to ask your doctor include:\n\n<ul>\n<li>What is most likely causing my cirrhosis?</li>\n<li>Is there a way to slow or stop my liver damage?</li>\n<li>What are my treatment options?</li>\n<li>Are there medications or supplements that can hurt my liver?</li>\n<li>What signs and symptoms of complications should I watch for?</li>\n<li>I have other health conditions. How can I best manage them together?</li>\n</ul>\n\n\nDon't hesitate to ask additional questions during your appointment.\n\n<b>What to expect from your doctor</b>\nBe prepared to answer questions your doctor is likely to ask, including:\n\n<ul>\n<li>When did you first begin experiencing symptoms?</li>\n<li>Have your symptoms been continuous or occasional?</li>\n<li>How severe are your symptoms?</li>\n<li>What, if anything, seems to improve your symptoms?</li>\n<li>What, if anything, appears to worsen your symptoms?</li>\n<li>How often do you drink alcohol?</li>\n<li>Have you been exposed to or taken toxic drugs?</li>\n<li>Do you have a family history of liver disease, hemochromatosis or obesity?</li>\n<li>Have you ever had viral hepatitis?</li>\n<li>Have you ever had jaundice?</li>\n<li>Have you ever had a blood transfusion or used injection drugs?</li>\n<li>Do you have any tattoos?</li>\n</ul>", 
    "Prevention": "Reduce your risk of cirrhosis by taking these steps to care for your liver:\n\n<ul>\n<li>Do not drink alcohol if you have cirrhosis. If you have liver disease, you should avoid alcohol.</li>\n<li>Eat a healthy diet. Choose a plant-based diet that's full of fruits and vegetables. Select whole grains and lean sources of protein. Reduce the amount of fatty and fried foods you eat.</li>\n<li>Maintain a healthy weight. An excess amount of body fat can damage your liver. Talk to your doctor about a weight-loss plan if you are obese or overweight.</li>\n<li>Reduce your risk of hepatitis. Sharing needles and having unprotected sex can increase your risk of hepatitis B and C. Ask your doctor about hepatitis vaccinations.</li>\n</ul>\n\n\nIf you're concerned about your risk of liver cirrhosis, talk to your doctor about ways you can reduce your risk.", 
    "Risk factors": "<ul>\n<li>Drinking too much alcohol. Excessive alcohol consumption is a risk factor for cirrhosis.</li>\n<li>Being overweight. Being obese increases your risk of conditions that may lead to cirrhosis, such as nonalcoholic fatty liver disease and nonalcoholic steatohepatitis.</li>\n<li>Having viral hepatitis. Not everyone with chronic hepatitis will develop cirrhosis, but it's one of the world's leading causes of liver disease.</li>\n</ul>", 
    "Symptoms": "Cirrhosis often has no signs or symptoms until liver damage is extensive. When signs and symptoms do occur, they may include:\n\n<ul>\n<li>Fatigue</li>\n<li>Easily bleeding or bruising</li>\n<li>Loss of appetite</li>\n<li>Nausea</li>\n<li>Swelling in your legs, feet or ankles (edema)</li>\n<li>Weight loss</li>\n<li>Itchy skin</li>\n<li>Yellow discoloration in the skin and eyes (jaundice)</li>\n<li>Fluid accumulation in your abdomen (ascites)</li>\n<li>Spiderlike blood vessels on your skin</li>\n<li>Redness in the palms of the hands </li>\n<li>For women, absent or loss of periods not related to menopause</li>\n<li>For men, loss of sex drive, breast enlargement (gynecomastia) or testicular atrophy</li>\n<li>Confusion, drowsiness and slurred speech (hepatic encephalopathy)</li>\n</ul>\n\n\n<b>When to see a doctor</b>\nMake an appointment with your doctor if you have any of the signs or symptoms listed above.", 
    "Title": "Cirrhosis", 
    "Treatment": "Treatment for cirrhosis depends on the cause and extent of your liver damage. The goals of treatment are to slow the progression of scar tissue in the liver and to prevent or treat symptoms and complications of cirrhosis. You may need to be hospitalized if you have severe liver damage.\n\n<b>Treatment for the underlying cause of cirrhosis</b>\nIn early cirrhosis, it may be possible to minimize damage to the liver by treating the underlying cause. The options include:\n\n<ul>\n<li>Treatment for alcohol dependency. People with cirrhosis caused by excessive alcohol use should try to stop drinking. If stopping alcohol use is difficult, your doctor may recommend a treatment program for alcohol addiction. If you have cirrhosis, it is critical to stop drinking since any amount of alcohol is toxic to the liver.</li>\n<li>Weight loss. People with cirrhosis caused by nonalcoholic fatty liver disease may become healthier if they lose weight and control their blood sugar levels.</li>\n<li>Medications to control hepatitis. Medications may limit further damage to liver cells caused by hepatitis B or C through specific treatment of these viruses.</li>\n<li>Medications to control other causes and symptoms of cirrhosis. Medications may slow the progression of certain types of liver cirrhosis. For example, for people with primary biliary cirrhosis that is diagnosed early, medication may significantly delay progression to cirrhosis.</li>\n</ul>\n\n\nOther medications can relieve certain symptoms, such as itching, fatigue and pain. Nutritional supplements may be prescribed to counter malnutrition associated with cirrhosis and to prevent weak bones (osteoporosis).\n\n<b>Treatment for complications of cirrhosis</b>\nYour doctor will work to treat any complications of cirrhosis, including:\n\n<ul>\n<li>Excess fluid in your body. A low-sodium diet and medication to prevent fluid buildup in the body may help control ascites and swelling. More-severe fluid buildup may require procedures to drain the fluid or surgery to relieve pressure.</li>\n<li>\n    Portal hypertension. Certain blood pressure medications may control increased pressure in the veins that supply the liver (portal hypertension) and prevent severe bleeding. Your doctor will perform an upper endoscopy at regular intervals to look for enlarged veins in the esophagus or stomach (varices) that may bleed.\n    If you develop varices, you likely will need medication to reduce the risk of bleeding. If you have signs that the varices are bleeding or are likely to bleed, you may need a procedure (band ligation) to stop the bleeding or reduce the risk of further bleeding. In severe cases, you may need a small tube \u2014 a transjugular intrahepatic portosystemic shunt \u2014 placed in your vein to reduce blood pressure in your liver.\n    </li>\n<li>Infections. You may receive antibiotics or other treatments for infections. Your doctor also is likely to recommend vaccinations for influenza, pneumonia and hepatitis.</li>\n<li>Increased liver cancer risk. Your doctor will likely recommend periodic blood tests and ultrasound exams to look for signs of liver cancer.</li>\n<li>Hepatic encephalopathy. You may be prescribed medications to help reduce the buildup of toxins in your blood due to poor liver function.</li>\n</ul>\n\n\n<b>Liver transplant surgery</b>\nIn advanced cases of cirrhosis, when the liver ceases to function, a liver transplant may be the only treatment option. A liver transplant is a procedure to replace your liver with a healthy liver from a deceased donor or with part of a liver from a living donor. Cirrhosis is one of the most common reasons for a liver transplant.  Candidates for liver transplant have extensive testing to determine whether they are healthy enough to have a good outcome following surgery.\n\nHistorically, those with alcoholic cirrhosis have not been liver transplant candidates because of the risk that they will return to harmful drinking after transplant. Recent studies, however, suggest that carefully selected people with severe alcoholic cirrhosis have post-transplant survival rates similar to those of liver transplant recipients with other types of liver disease.\n\nFor transplant to be an option if you have alcoholic cirrhosis, you would need:\n\n<ul>\n<li>To find a program that works with people who have alcoholic cirrhosis</li>\n<li>To meet the requirements of the program, which would include lifelong commitment to alcohol abstinence as well as other requirements of the specific transplant center</li>\n</ul>\n\n\n<b>Potential future treatments</b>\nScientists are working to expand current treatments for cirrhosis, but success has been limited. Because cirrhosis has numerous causes and complications, there are many potential avenues of approach. A combination of increased screening, lifestyle changes and new medications may improve outcomes for people with liver damage, if started early.\n\nResearchers are working on therapies that will specifically target liver cells, helping to slow or even reverse the fibrosis that leads to cirrhosis. While no targeted therapy is quite ready, the framework for developing such treatments is in place, and progress is accelerating."
}