{
    "Aliases": [], 
    "Causes": "Hair structure and direction of growth play a role in ingrown hairs. A curved hair follicle, which produces tightly curled hair, is believed to encourage the hair to re-enter the skin once the hair is cut and starts to grow back. Shaving creates sharp edges in this type of hair, especially if the hair is dry when shaved.\n\nYou might also get an ingrown hair if you:\n\n<ul>\n<li>Pull your skin taut during shaving \u2014 which allows the cut hair to draw back into the skin and re-enter the skin without first growing out</li>\n<li>Tweeze \u2014 which also can leave a hair fragment under the skin surface</li>\n</ul>\n\n\nWhen a hair penetrates your skin, your skin reacts as it would to a foreign body \u2014 it becomes inflamed.", 
    "Complications": "Chronic ingrown hairs can lead to:\n\n<ul>\n<li>Bacterial infection (from scratching)</li>\n<li>Skin darkening (hyperpigmentation)</li>\n<li>Permanent scarring (keloids)</li>\n<li>Pseudofolliculitis barbae, also known as razor bumps</li>\n</ul>", 
    "Diagnosis": "Your doctor is likely to diagnose ingrown hairs by looking at your skin and discussing with you your hair removal habits.", 
    "Id": "syc-20373893", 
    "Lifestyle and home remedies": "To release ingrown hairs, you can:\n\n<ul>\n<li>Wash the affected area using a washcloth or soft-bristled toothbrush. Use a circular motion for several minutes. Do this before shaving and at bedtime.</li>\n<li>Use a sterile needle, inserting it under hair loops, to gently lift embedded hair tips.</li>\n</ul>", 
    "Overview": "An ingrown hair occurs when a shaved or tweezed hair grows back into the skin. It can cause inflammation, pain and tiny bumps in the area where the hair was removed.\n\nIngrown hair is a common condition that results from hair removal. It's most prevalent in black men who shave facial hair. But ingrown hair can affect anyone who removes hair by shaving, tweezing or waxing.\n\nOften, an ingrown hair improves without treatment. You can avoid ingrown hair by not removing hair. If that's not an option, you can use hair removal methods that lessen the risk of developing ingrown hairs.", 
    "Preparing for your appointment": "You're likely to start by seeing your primary care doctor. He or she may refer you to a doctor who specializes in skin conditions (dermatologist).\n\nTo get the most from your appointment, it's good to prepare. Here's some information to help you get ready for your appointment.\n\n<b>What you can do</b>\n<ul>\n<li>List any symptoms you're experiencing, including any that may seem unrelated to the reason for which you scheduled the appointment.</li>\n<li>List key personal information, including any major stresses or recent life changes.</li>\n<li>Make a list of all medications, vitamins and supplements you're taking.</li>\n<li>List questions to ask your doctor.</li>\n</ul>\n\n\nFor ingrown hairs, some basic questions to ask your doctor include:\n\n<ul>\n<li>What's the most likely cause of my condition?</li>\n<li>What are other possible causes for my condition?</li>\n<li>Do I need any tests?</li>\n<li>Is my condition likely temporary or chronic?</li>\n<li>What is the best course of action?</li>\n<li>What are the alternatives to the primary approach you're suggesting?</li>\n<li>Are there restrictions I need to follow?</li>\n<li>Is there a generic alternative to the medicine you're prescribing?</li>\n<li>Do you have any relevant brochures or other printed material that I can take home with me? What websites do you recommend?</li>\n</ul>\n\n\nDon't hesitate to ask other questions, as well.\n\n<b>What to expect from your doctor</b>\nYour doctor is likely to ask you a number of questions, such as:\n\n<ul>\n<li>When did you begin experiencing symptoms?</li>\n<li>Have your symptoms been continuous or occasional?</li>\n<li>How severe are your symptoms?</li>\n<li>Does anything seem to improve your symptoms?</li>\n<li>Does anything make your symptoms worse?</li>\n<li>What type of razor do you use?</li>\n<li>How often do you shave?</li>\n<li>What shaving or other hair removal technique do you use?</li>\n</ul>\n\n\n<b>What you can do in the meantime</b>\nIn the days before your appointment with your doctor, if possible, stop shaving or using any form of hair removal. Ingrown hairs may worsen at first as they regrow, but eventually they'll improve.", 
    "Prevention": "To help prevent ingrown hairs, avoid shaving, tweezing and waxing. If that's not an option, use these tips to make ingrown hairs less likely:\n\n<ul>\n<li>Wash your skin with warm water and a mild facial cleanser before shaving.</li>\n<li>Apply lubricating shaving cream or gel a few minutes before shaving to soften the hair. Or apply a warm compress.</li>\n<li>Use a sharp razor every time you shave. Further study is needed to determine whether a single- or multiple-blade razor is best for preventing ingrown hair. See what works best for you.</li>\n<li>Avoid close shaves.</li>\n<li>Don't pull your skin taut while shaving.</li>\n<li>Shave in the direction of hair growth.</li>\n<li>Rinse the blade after each stroke.</li>\n<li>Rinse your skin and apply lotion after you shave.</li>\n</ul>\n\n\nThe following hair removal methods also may help prevent ingrown hairs:\n\n<ul>\n<li>Electric razor or clipper. With the razor, avoid the closest shave setting and hold the razor or clipper slightly away from your skin.</li>\n<li>Chemical hair remover. The chemicals in hair-removing products (depilatories) may irritate your skin, so test on a small area first.</li>\n<li>A cream to decrease hair growth. A product called eflornithine (Vaniqa) is a prescription cream that decreases hair regrowth when combined with another hair removal method, such as laser therapy. Further study is needed to prove the usefulness of this method.</li>\n</ul>", 
    "Risk factors": "Having tightly curled hair is the main risk factor for ingrown hairs.", 
    "Symptoms": "Ingrown hairs most commonly appear in the beard area, including the chin and cheeks and, especially, the neck. They can appear on the scalp in those who shave their heads. Other common areas for ingrown hairs are the armpits, pubic area and legs.\n\nSigns and symptoms include:\n\n<ul>\n<li>Small, solid, rounded bumps (papules)</li>\n<li>Small, pus-filled, blister-like lesions (pustules)</li>\n<li>Skin darkening (hyperpigmentation)</li>\n<li>Pain</li>\n<li>Itching</li>\n<li>Embedded hairs</li>\n</ul>\n\n\n<b>When to see a doctor</b>\nAn occasional ingrown hair isn't cause for alarm. See your doctor if your ingrown hairs are a chronic condition.", 
    "Title": "Ingrown hair", 
    "Treatment": "To treat ingrown hairs, stop shaving, tweezing or waxing until the condition improves \u2014 usually one to six months. If that's not possible, consider laser treatment, which removes the hair at a deeper level and inhibits regrowth. Laser treatment may cause blisters, scars and skin darkening.\n\n<b>Medications</b>\nYour doctor may prescribe certain medications to help manage your condition. They include:\n\n<ul>\n<li>Drugs that help remove dead skin cells. Retinoids applied to your skin, such as tretinoin (Renova, Retin-A, others), help with clearing dead cells from your skin (exfoliation).</li>\n<li>Creams to reduce inflammation. Your doctor may suggest a steroid cream.</li>\n<li>Creams or pills to control infection. For mild infections caused by scratching the affected area, your doctor may recommend an antibiotic ointment. For more severe infection, your doctor may prescribe oral antibiotics.</li>\n</ul>"
}