{
    "Aliases": [], 
    "Causes": "Tay-Sachs disease is a genetic disorder that is passed from parents to their children. It occurs when a child inherits the gene from both parents.", 
    "Coping and support": "Ask your child's doctor to suggest resources and information to help you and your family cope with your child's needs. Look for local support groups to connect you with other families who are sharing similar challenges.", 
    "Diagnosis": "To confirm that your baby has Tay-Sachs disease, your doctor will ask you about the child's symptoms and any hereditary family disorders and will order a diagnostic blood test.\n\nThe blood test checks the levels of an enzyme called hexosaminidase in the child's blood. The levels are low or absent in Tay-Sachs disease.\n\nWhile performing a careful eye exam of your child, the doctor may see a cherry-red spot in the back of the child's eyes, which is a sign of the disease. You may need to see a pediatric neurologist and an ophthalmologist for nervous system and eye examinations.", 
    "Id": "syc-20378190", 
    "Overview": "Tay-Sachs disease is a rare disorder passed from parents to child. It's caused by the absence of an enzyme that helps break down fatty substances. These fatty substances, called gangliosides, build up to toxic levels in the child's brain and affect the function of the nerve cells. As the disease progresses, the child loses muscle control. Eventually, this leads to blindness, paralysis and death.\n\nIf you have a family history of Tay-Sachs disease or if you're a member of a high-risk group and plan to have children, doctors strongly recommend genetic testing and genetic counseling.", 
    "Risk factors": "Risk factors for Tay-Sachs disease include having ancestors from:\n\n<ul>\n<li>Eastern and Central European Jewish communities (Ashkenazi Jews)</li>\n<li>Certain French Canadian communities in Quebec</li>\n<li>Old Order Amish community in Pennsylvania </li>\n<li>Cajun community of Louisiana</li>\n</ul>", 
    "Symptoms": "In the most common form, an infant usually begins showing symptoms by about 6 months of age. Signs and symptoms of Tay-Sachs disease can include the following:\n\n<ul>\n<li>Loss of motor skills, including turning over, crawling and sitting up</li>\n<li>Exaggerated reactions when the baby hears loud noises</li>\n<li>Seizures</li>\n<li>Vision and hearing loss</li>\n<li>\"Cherry-red\" spots in the eyes</li>\n<li>Muscle weakness</li>\n<li>Movement problems</li>\n</ul>\n\n\n<b>When to see a doctor</b>\nIf your child has any of the signs or symptoms listed above, schedule an appointment with your child's doctor.", 
    "Title": "Tay-Sachs disease", 
    "Treatment": "There is no cure for Tay-Sachs disease, but some treatments can help in managing symptoms. The goal of treatment is support and comfort. Supportive treatments include:\n\n<ul>\n<li>Medication. To reduce your child's symptoms, a number of prescription medications are available, including anti-seizure medications.</li>\n<li>\n    Respiratory care. Children who have Tay-Sachs disease are at high risk of lung infections that cause breathing problems and frequently accumulate mucus in their lungs.\n    Your child may need the mucus using chest physiotherapy (CPT) to help remove mucus from the lungs.\n    </li>\n<li>\n    Feeding tubes. Your child may have trouble swallowing, or develop respiratory problems by inhaling food or liquid into the lungs while eating.\n    </li>\n<li>To prevent those problems, your doctor may recommend an assistive feeding device such as a gastrostomy tube, which is inserted through your child's nose and goes to your child's stomach. Or, a doctor trained in stomach surgery may surgically insert an esophagogastrostomy tube.</li>\n<li>\n    Physical therapy. As the disease progresses, your child may benefit from physical therapy to help keep joints flexible and maintain as much ability to move (range of motion) as possible.\n    Physical therapy can delay joint stiffness and reduce or delay the loss of function and pain that can result from shortened muscles.\n    </li>\n</ul>\n\n\n<b>Potential future treatments</b>\nGene therapy or enzyme replacement therapy research may eventually lead to a cure or treatment to slow the progression of Tay-Sachs disease."
}