{
    "Aliases": [], 
    "Causes": "Mumps is caused by a virus that spreads easily from person to person through infected saliva. If you're not immune, you can contract mumps by breathing in saliva droplets from an infected person who has just sneezed or coughed. You can also contract mumps from sharing utensils or cups with someone who has mumps.", 
    "Complications": "Complications of mumps are rare, but some are potentially serious.\n\nMost mumps complications involve inflammation and swelling in some part of the body, such as:\n\n<ul>\n<li>Testicles. This condition, known as orchitis, causes one or both testicles to swell in males who've reached puberty. Orchitis is painful, but it rarely leads to the inability to father a child (sterility).</li>\n<li>Brain. Viral infections such as mumps can lead to inflammation of the brain (encephalitis). Encephalitis can cause neurological problems and become life-threatening.</li>\n<li>Membranes and fluid around the brain and spinal cord. This condition, known as meningitis, can occur if the mumps virus spreads through your bloodstream to infect your central nervous system.</li>\n<li>Pancreas. The signs and symptoms of this condition, known as pancreatitis, include pain in the upper abdomen, nausea and vomiting.</li>\n</ul>\n\n\nOther complications of mumps include:\n\n<ul>\n<li>Hearing loss. Hearing loss can occur in one or both ears. Although rare, the hearing loss is sometimes permanent.</li>\n<li>Heart problems. Rarely, mumps has been associated with abnormal heartbeat and diseases of the heart muscle.</li>\n<li>Miscarriage. Contracting mumps while you're pregnant, especially early in your pregnancy, may lead to miscarriage.</li>\n</ul>", 
    "Diagnosis": "If you or your child has signs or symptoms of mumps, the doctor is likely to:\n\n<ul>\n<li>Ask whether you or your child has been vaccinated against mumps and whether you might have been exposed to the virus</li>\n<li>Recommend a blood test to check for evidence of the mumps virus</li>\n</ul>", 
    "Id": "syc-20375361", 
    "Lifestyle and home remedies": "Rest is the best treatment. There's little your doctor can do to speed recovery.\n\nBut you can take some steps to ease pain and discomfort and keep others from becoming infected. Try to:\n\n<ul>\n<li>Isolate yourself or your child to prevent spreading the disease to others. Someone with mumps may be contagious up to five days after the onset of signs and symptoms.</li>\n<li>Take over-the-counter pain relievers such as acetaminophen (Tylenol, others) or a nonsteroidal anti-inflammatory drug such as ibuprofen (Advil, Motrin IB, others) to ease symptoms.</li>\n<li>Use a warm or cold compress to ease the pain of swollen glands.</li>\n<li>Wear an athletic supporter and use cold compresses to ease the pain of tender testicles.</li>\n<li>Avoid foods that require lots of chewing. Try broth-based soups or soft foods, such as mashed potatoes or oatmeal.</li>\n<li>Avoid sour foods, such as citrus fruits or juices, which stimulate saliva production.</li>\n<li>Drink plenty of fluids.</li>\n</ul>\n\n\nIf your child has mumps, watch for complications. Call your doctor if your child develops:\n\n<ul>\n<li>Fever of 103 F (39 C) or greater</li>\n<li>Trouble eating or drinking</li>\n<li>Confusion or disorientation</li>\n<li>Abdominal pain</li>\n<li>In boys, pain and swelling of the testicles</li>\n</ul>", 
    "Overview": "Mumps is a viral infection that primarily affects saliva-producing (salivary) glands that are located near your ears. Mumps can cause swelling in one or both of these glands.\n\nMumps was common in the United States until mumps vaccination became routine. Since then, the number of cases has dropped dramatically.\n\nHowever, mumps outbreaks still occur in the United States, and the number of cases has crept up in recent years. These outbreaks generally affect people who aren't vaccinated, and occur in close-contact settings such as schools or college campuses.\n\nComplications of mumps, such as hearing loss, are potentially serious but rare. There's no specific treatment for mumps.", 
    "Preparing for your appointment": "<b>What you can do</b>\n<ul>\n<li>Write down symptoms you or your child has had, and for how long.</li>\n<li>Try to remember if you or your child has been exposed to someone with signs and symptoms of mumps within the last few weeks.</li>\n<li>Make a list of all medications, vitamins or supplements that your or your child takes.</li>\n<li>Write down key medical information, including other diagnosed conditions.</li>\n<li>Write down key personal information, including any recent changes or stressors in your life.</li>\n<li>Write down questions to ask your doctor.</li>\n</ul>\n\n\n<b>Questions to ask your doctor</b>\n<ul>\n<li>What's the most likely cause of these signs and symptoms?</li>\n<li>What treatment approach do you recommend?</li>\n<li>How soon should symptoms improve?</li>\n<li>Are there are home remedies or self-care steps that could help relieve symptoms?</li>\n<li>Am I or is my child contagious? For how long?</li>\n<li>What steps should we take to reduce the risk of infecting others?</li>\n</ul>\n\n\nIn addition to the questions that you've prepared to ask your doctor, don't hesitate to ask questions during your appointment.\n\n<b>What to expect from your doctor</b>\nYour doctor is likely to ask you a number of questions, including:\n\n<ul>\n<li>What signs and symptoms have you noticed? When did you first notice them? Have they worsened over time?</li>\n<li>Do symptoms include abdominal pain or, in males, testicular pain?</li>\n<li>Has anyone else you know had signs and symptoms common to mumps within the last few weeks?</li>\n<li>Are you and your child current on your vaccinations?</li>\n<li>Are you or your child currently being treated or have you recently been treated for any other medical conditions?</li>\n<li>What medications are you or your child currently taking, including prescription and over-the-counter drugs as well as vitamins and supplements?</li>\n<li>Is your child in school or child care?</li>\n<li>Are you pregnant or breast-feeding?</li>\n</ul>", 
    "Prevention": "The best way to prevent mumps is to be vaccinated against the disease. Most people have immunity to mumps once they're fully vaccinated.\n\nThe mumps vaccine is usually given as a combined measles-mumps-rubella (MMR) inoculation, which contains the safest and most effective form of each vaccine. Two doses of the MMR vaccine are recommended before a child enters school. Those vaccines should be given when the child is:\n\n<ul>\n<li>Between the ages of 12 and 15 months</li>\n<li>Between the ages of 4 and 6 years</li>\n</ul>\n\n\nCollege students, international travelers and health care workers in particular are encouraged to make sure they've had two doses of the MMR vaccine. A single dose is not completely effective at preventing mumps.\n\nA third dose of vaccine isn't routinely recommended. But your doctor might recommend a third dose if you are in an area that is experiencing an outbreak. A study of a recent mumps outbreak on a college campus showed that students who received a third dose of MMR vaccine had a much lower risk of contracting the disease.\n\n<b>Those who don't need the MMR vaccine</b>\nYou don't need a vaccination if you:\n\n<ul>\n<li>Had two doses of the MMR vaccine after 12 months of age</li>\n<li>Had one dose of MMR after 12 months of age and you're a preschool child or an adult who isn't at high risk of measles or mumps exposure</li>\n<li>Have blood tests that demonstrate your immunity to measles, mumps and rubella</li>\n<li>Were born before 1957 \u2014 most people in that age group were likely infected by the virus naturally and have immunity</li>\n</ul>\n\n\nAlso, the vaccine isn't recommended for:\n\n<ul>\n<li>People who have had a life-threatening allergic reaction to the antibiotic neomycin or any other component of the MMR vaccine</li>\n<li>Pregnant women or women who plan to get pregnant within the next four weeks</li>\n<li>People with severely compromised immune systems</li>\n</ul>\n\n\n<b>Those who should get the MMR vaccine</b>\nYou should get vaccinated if you don't fit the criteria listed above and if you:\n\n<ul>\n<li>Are a nonpregnant woman of childbearing age</li>\n<li>Attend college or another postsecondary school</li>\n<li>Work in a hospital, medical facility, child care center or school</li>\n<li>Plan to travel overseas or take a cruise</li>\n</ul>\n\n\n<b>Those who should wait to get the MMR vaccine</b>\nConsider waiting if:\n\n<ul>\n<li>You're moderately or severely ill. Wait until you recover.</li>\n<li>You're pregnant. Wait until after you give birth.</li>\n</ul>\n\n\n<b>Those who should check with their doctors</b>\nTalk to your doctor before getting vaccinated for mumps if you:\n\n<ul>\n<li>Have cancer</li>\n<li>Have a blood disorder</li>\n<li>Have a disease that affects your immune system, such as HIV/AIDS</li>\n<li>Are being treated with drugs, such as steroids, that affect your immune system</li>\n<li>Have received another vaccine within the past four weeks</li>\n</ul>\n\n\n<b>Side effects of the vaccine</b>\nThe MMR vaccine is very safe and effective. Getting the MMR vaccine is much safer than getting mumps.\n\nMost people experience no side effects from the vaccine. Some people experience a mild fever or rash or achy joints for a short time.\n\nRarely, children who get the MMR vaccine might experience a seizure caused by fever. But these seizures haven't been associated with any long-term problems.\n\nExtensive reports \u2014 from the American Academy of Pediatrics, the Institute of Medicine and the Centers for Disease Control and Prevention \u2014 conclude that there's no link between the MMR vaccine and autism.", 
    "Symptoms": "Some people infected with the mumps virus have either no signs or symptoms or very mild ones. When signs and symptoms do develop, they usually appear about two to three weeks after exposure to the virus.\n\nThe primary sign of mumps is swollen salivary glands that cause the cheeks to puff out. Other signs and symptoms may include:\n\n<ul>\n<li>Pain in the swollen salivary glands on one or both sides of your face</li>\n<li>Pain while chewing or swallowing</li>\n<li>Fever</li>\n<li>Headache</li>\n<li>Muscle aches</li>\n<li>Weakness and fatigue</li>\n<li>Loss of appetite</li>\n</ul>\n\n\n<b>When to see a doctor</b>\nSee your doctor if you or your child has signs and symptoms of mumps. Mumps is highly contagious for about nine days after symptoms appear. Tell your doctor's office before you go in that you suspect mumps so arrangements can be made to avoid spreading the virus to others in the waiting room.\n\nIn the meantime:\n\n<ul>\n<li>Rest as much as possible</li>\n<li>Try to ease symptoms with cold compresses and over-the-counter pain relievers such as ibuprofen (Advil, Motrin IB, others) and acetaminophen (Tylenol, others)</li>\n</ul>\n\n\nMumps has become uncommon, so it's possible that another condition is causing your signs and symptoms. Swollen salivary glands and a fever could indicate:\n\n<ul>\n<li>A blocked salivary gland</li>\n<li>A different viral infection</li>\n</ul>", 
    "Title": "Mumps", 
    "Treatment": "Mumps is caused by a virus, so antibiotics aren't effective. But most children and adults recover from an uncomplicated case of mumps within a few weeks.\n\nPeople with mumps are generally no longer contagious and can safely return to work or school about five days after the appearance of signs and symptoms."
}