{
    "Aliases": [], 
    "Alternative medicine": "Some people use supplements such as pectin, guar gum, black psyllium and blond psyllium to thicken the digestive contents and slow its progress through the intestines. If you decide to try a supplement, discuss it with your doctor to learn about any potential side effects or interactions with other medications you're taking.", 
    "Causes": "In dumping syndrome, food and gastric juices from your stomach move to your small intestine in an uncontrolled, abnormally fast manner. This is most often related to changes in your stomach associated with surgery.\n\nDumping syndrome can occur after any stomach surgery or major esophageal surgery, such as removal of the esophagus (esophagectomy).", 
    "Diagnosis": "Your doctor may use some of the following methods to determine if you have dumping syndrome.\n\n<ul>\n<li>Medical history and evaluation. Your doctor can often diagnose dumping syndrome by taking a medical history, particularly if you've had stomach surgery, and evaluating your signs and symptoms.</li>\n<li>Blood sugar test. Because low blood sugar is sometimes associated with dumping syndrome, your doctor may order a test (oral glucose tolerance) to measure your blood sugar level at the peak time of your symptoms to help confirm the diagnosis.</li>\n<li>Gastric emptying test. A radioactive material is added to food to measure how quickly food moves through your stomach.</li>\n</ul>", 
    "Id": "syc-20371915", 
    "Lifestyle and home remedies": "Here are some dietary strategies that can help maintain good nutrition and minimize your symptoms.\n\n<ul>\n<li>Eat smaller meals. Try eating five or six small meals a day rather than three larger ones.</li>\n<li>Avoid fluids with meals. Drink liquids only between meals. Avoid liquids for a half-hour before eating and a half-hour after eating.</li>\n<li>\n    Change your diet. Eat more protein \u2014 meat, poultry, creamy peanut butter and fish \u2014 and complex carbohydrates \u2014 oatmeal and other whole-grain foods high in fiber. Limit high-sugar foods, such as candy, table sugar, syrup, sodas and juices.\n    The natural sugar in dairy products (lactose) might worsen your symptoms. Try small amounts at first, or eliminate them if you think they're causing problems. You might want to see a registered dietitian for more advice about what to eat.\n    </li>\n<li>Increase fiber intake. Psyllium, guar gum and pectin in food or supplements can delay the absorption of carbohydrates in the small intestine.</li>\n<li>Check with your doctor about drinking alcohol.</li>\n</ul>", 
    "Overview": "Dumping syndrome is a condition that can develop after surgery to remove all or part of your stomach or after surgery to bypass your stomach to help you lose weight. The condition can also develop in people who have had esophageal surgery. Also called rapid gastric emptying, dumping syndrome occurs when food, especially sugar, moves from your stomach into your small bowel too quickly.\n\nMost people with dumping syndrome develop signs and symptoms, such as abdominal cramps and diarrhea, 10 to 30 minutes after eating. Other people have symptoms one to three hours after eating, and still others have both early and late symptoms.\n\nGenerally, you can help prevent dumping syndrome by changing your diet after surgery. Changes might include eating smaller meals and limiting high-sugar foods. In more-serious cases of dumping syndrome, you may need medications or surgery.", 
    "Preparing for your appointment": "If you have signs and symptoms of dumping syndrome, you're likely to first see your family doctor or a general practitioner. You may then be referred to a doctor who specializes in treating digestive system disorders (gastroenterologist).\n\nHere's some information to help you get ready for your appointment.\n\n<b>What you can do</b>\n<ul>\n<li>Be aware of pre-appointment restrictions. When you make the appointment, ask if there's anything you need to do beforehand, such as restrict your diet.</li>\n<li>Write down your symptoms, including any that may seem unrelated to the reason for which you scheduled the appointment.</li>\n<li>Write down key personal information, including major stresses or recent life changes.</li>\n<li>List all medications, vitamins or supplements you take.</li>\n<li>Take a family member or friend along to help you remember everything.</li>\n<li>Bring your medical records about past treatment, especially stomach surgery.</li>\n<li>Write down questions to ask your doctor.</li>\n</ul>\n\n\n<b>Questions to ask your doctor</b>\nFor dumping syndrome, some basic questions to ask your doctor include:\n\n<ul>\n<li>What is likely causing my symptoms?</li>\n<li>What are other possible causes?</li>\n<li>What tests do I need?</li>\n<li>What is the best course of action?</li>\n<li>Should I see a dietitian?</li>\n<li>I have other health conditions. How can I best manage them together?</li>\n<li>Should I see a specialist? </li>\n<li>Are there brochures or other printed material that I can take? What websites do you recommend?</li>\n</ul>\n\n\nDon't hesitate to ask other questions during your appointment.\n\n<b>What to expect from your doctor</b>\nYour doctor is likely to ask you questions, including:\n\n<ul>\n<li>Have you had stomach surgery, and if so, what kind?</li>\n<li>When did your symptoms begin?</li>\n<li>Have your symptoms been continuous or occasional?</li>\n<li>How long after eating do your symptoms begin?</li>\n<li>Do certain foods make your symptoms worse?</li>\n<li>How severe are your symptoms?</li>\n<li>What, if anything, seems to improve your symptoms?</li>\n<li>What, if anything, appears to worsen your symptoms?</li>\n</ul>", 
    "Risk factors": "Surgery that alters your stomach can increase your risk of dumping syndrome. These surgeries are most commonly performed to treat obesity, but are also part of treatment for stomach cancer, esophageal cancer and other conditions. These surgeries include:\n\n<ul>\n<li>Gastrectomy, in which a portion or all of your stomach is removed.</li>\n<li>Gastric bypass surgery (Roux-en-Y operation), which is performed to treat morbid obesity. It surgically creates a stomach pouch smaller than the stomach, meaning that you're no longer able to eat as much as you once did. It connects the small intestine to this pouch in the form of a gastrojejunostomy.</li>\n<li>Esophagectomy, in which all or part of the tube between the mouth and the stomach is removed.</li>\n</ul>", 
    "Symptoms": "Signs and symptoms of dumping syndrome generally occur right after eating, especially after a meal rich in table sugar (sucrose) or fruit sugar (fructose). Signs and symptoms might include:\n\n<ul>\n<li>Feeling bloated or too full after eating</li>\n<li>Nausea</li>\n<li>Vomiting</li>\n<li>Abdominal cramps</li>\n<li>Diarrhea</li>\n<li>Flushing</li>\n<li>Dizziness, lightheadedness</li>\n<li>Rapid heart rate</li>\n</ul>\n\n\nLate dumping syndrome starts one to three hours after you eat a high-sugar meal. The signs and symptoms develop that long after you eat because your body releases large amounts of insulin to absorb the sugars entering your small intestine. The result is low blood sugar.\n\nSigns and symptoms of late dumping syndrome can include:\n\n<ul>\n<li>Sweating</li>\n<li>Flushing</li>\n<li>Dizziness, lightheadedness</li>\n<li>Weakness</li>\n<li>Rapid heart rate</li>\n</ul>\n\n\nSome people have both early and late signs and symptoms. And dumping syndrome can develop years after surgery. \n\n<b>When to see a doctor</b>\nContact your doctor if any of the following apply to you.\n\n<ul>\n<li>You develop signs and symptoms that might be due to dumping syndrome, even if you haven't had surgery.</li>\n<li>Your symptoms are not controlled by dietary changes.</li>\n<li>You are losing large amounts of weight due to dumping syndrome. Your doctor may refer you to a registered dietitian to help you create an eating plan.</li>\n</ul>", 
    "Title": "Dumping syndrome", 
    "Treatment": "Early dumping syndrome is likely to resolve on its own within three months. In the meantime, there's a good chance that diet changes will ease your symptoms. If not, your doctor may recommend medications or surgery.\n\n<b>Medications</b>\nFor people with severe signs and symptoms unrelieved by dietary changes, doctors sometimes prescribe octreotide (Sandostatin). This anti-diarrheal drug, administered by injection under your skin (subcutaneously), can slow the emptying of food into the intestine. Possible side effects include nausea, vomiting and stomach upset.\n\nTalk with your doctor about the proper way to self-administer the drug.\n\n<b>Surgery</b>\nDoctors use a number of surgical procedures to treat people who have dumping syndrome that doesn't respond to more conservative approaches. Most of these operations are reconstructive techniques, such as reconstructing the pylorus, or they're intended to reverse gastric bypass surgery."
}