{
    "Aliases": [], 
    "Causes": "Excessive accumulation of serotonin in your body creates the symptoms of serotonin syndrome.\n\nUnder normal circumstances, nerve cells in your brain and spinal cord (central nervous system) produce serotonin that helps regulate your attention, behavior and body temperature.\n\nOther nerve cells in your body, primarily in your intestines, also produce serotonin. In these other areas, serotonin plays a role in regulating your digestive process, blood flow and breathing.\n\nAlthough it's possible that taking just one drug that increases serotonin levels can cause serotonin syndrome in susceptible individuals, this condition occurs most often when you combine certain medications.\n\nFor example, serotonin syndrome may occur if you take an antidepressant with a migraine medication. It may also occur if you take an antidepressant with an opioid pain medication.\n\nAnother cause of serotonin syndrome is intentional overdose of antidepressant medications.\n\nA number of over-the-counter and prescription drugs may be associated with serotonin syndrome, especially antidepressants. Illicit drugs and dietary supplements also may be associated with the condition. These drugs and supplements include:\n\n<ul>\n<li>Selective serotonin reuptake inhibitors (SSRIs), antidepressants such as citalopram (Celexa), fluoxetine (Prozac, Sarafem), fluvoxamine, paroxetine (Paxil) and sertraline (Zoloft)</li>\n<li>Serotonin and norepinephrine reuptake inhibitors (SNRIs), antidepressants such as trazodone, duloxetine (Cymbalta) and venlafaxine (Effexor)</li>\n<li>Bupropion (Wellbutrin, Zyban), an antidepressant and tobacco-addiction medication</li>\n<li>Tricyclic antidepressants, such as amitriptyline and nortriptyline (Pamelor)</li>\n<li>Monoamine oxidase inhibitors (MAOIs), antidepressants such as isocarboxazid (Marplan) and phenelzine (Nardil)</li>\n<li>Anti-migraine medications such as triptans (Axert, Amerge, Imitrex), carbamazepine (Tegretol) and valproic acid (Depakene)</li>\n<li>Pain medications such as opioid pain medications including codeine (Tylenol with codeine), fentanyl (Duragesic), hydrocodone meperidine (Demerol), oxycodone (Oxycontin, Percocet, Percodan) and tramadol (Ultram).</li>\n<li>Lithium (Lithobid), a mood stabilizer</li>\n<li>Illicit drugs, including LSD, Ecstasy, cocaine and amphetamines</li>\n<li>Herbal supplements, including St. John's wort, ginseng and nutmeg</li>\n<li>Over-the-counter cough and cold medications containing dextromethorphan (Delsym, Mucinex DM, others)</li>\n<li>Anti-nausea medications such as granisetron, metoclopramide (Reglan), droperidol (Inapsine) and ondansetron (Zofran)</li>\n<li>Linezolid (Zyvox), an antibiotic</li>\n<li>Ritonavir (Norvir), an anti-retroviral medication used to treat HIV/AIDS</li>\n</ul>", 
    "Complications": "Serotonin syndrome generally doesn't cause any problems once serotonin levels are back to normal.\n\nIf left untreated, severe serotonin syndrome can lead to unconsciousness and death.", 
    "Diagnosis": "No single test can confirm a serotonin syndrome diagnosis. Your doctor will diagnose the condition by ruling out other possibilities.\n\nYour doctor will likely begin by asking about your symptoms, medical history and any medications you're taking. Your doctor will also conduct a physical examination.\n\nTo make sure your symptoms are caused by serotonin syndrome and not due to another cause, your doctor may use tests to:\n\n<ul>\n<li>Measure levels of any drugs you're using</li>\n<li>Check for signs of infection</li>\n<li>Check body functions that may be affected by serotonin syndrome</li>\n</ul>\n\n\nA number of conditions can cause symptoms similar to those of serotonin syndrome. Minor symptoms can be caused by numerous conditions. Causes of moderate and severe symptoms include:\n\n<ul>\n<li>Anticholinergic syndrome, malignant hyperthermia and neuroleptic malignant syndrome, serious conditions caused by certain medications</li>\n<li>An overdose of illegal drugs, antidepressant medications or other medications that increase serotonin levels</li>\n<li>Damage (toxicity) associated with illegal drug use</li>\n<li>Severe alcohol withdrawal</li>\n</ul>\n\n\nYour doctor may order tests to rule out other causes of your symptoms. Tests may include:\n\n<ul>\n<li>Blood and urine tests</li>\n<li>Chest X-ray</li>\n<li>Computerized tomography</li>\n<li>Spinal tap (lumbar puncture)</li>\n</ul>", 
    "Id": "syc-20354758", 
    "Overview": "Serotonin syndrome occurs when you take medications that cause high levels of the chemical serotonin to accumulate in your body.\n\nSerotonin syndrome can occur when you increase the dose of such a drug or add a new drug to your regimen. Certain illegal drugs and dietary supplements also are associated with serotonin syndrome.\n\nSerotonin is a chemical your body produces that's needed for your nerve cells and brain to function. But too much serotonin causes symptoms that can range from mild (shivering and diarrhea) to severe (muscle rigidity, fever and seizures). Severe serotonin syndrome can be fatal if not treated.\n\nMilder forms of serotonin syndrome may go away within a day of stopping the medications that cause symptoms and, sometimes, taking drugs that block serotonin.", 
    "Preparing for your appointment": "Because serotonin syndrome can be a life-threatening condition, seek emergency treatment if you have worsening or severe symptoms.\n\nIf your symptoms aren't severe, you're likely to start by seeing your family doctor or a general practitioner. Here's some information to help you get ready for your appointment and to know what to expect from your doctor.\n\n<b>What you can do</b>\n<ul>\n<li>Be aware of any pre-appointment steps you need to take. When you make the appointment, be sure to ask if there's anything you need to do in advance, such as quitting any of the current medications or supplements you take.</li>\n<li>Write down any symptoms you're experiencing, including any that may seem unrelated to the reason for which you scheduled the appointment.</li>\n<li>Write down key personal information, including any major stresses or recent life changes.</li>\n<li>Make a list of all medications, vitamins or supplements that you're taking.</li>\n<li>Take a family member or friend along, if possible. Sometimes it can be difficult to absorb all the information provided to you during an appointment. Someone who accompanies you may remember something that you missed or forgot.</li>\n<li>Write down questions to ask your doctor.</li>\n</ul>\n\n\nPreparing a list of questions will help you make the most of your time with your doctor. For symptoms you think may be caused by serotonin syndrome, some basic questions to ask your doctor include:\n\n<ul>\n<li>Is serotonin syndrome most likely causing my symptoms, or could it be something else?</li>\n<li>Other than the most likely cause, what are other possible causes of my symptoms?</li>\n<li>What kinds of tests do I need?</li>\n<li>What is the best course of action?</li>\n<li>What are the alternatives to the primary approach that you're suggesting?</li>\n<li>I have other health conditions. How can I best manage them together?</li>\n<li>Can I still take the medications I've been prescribed, or will I need to change them or change the dose?</li>\n<li>Are there any restrictions that I need to follow, such as avoiding certain drugs or supplements?</li>\n</ul>\n\n\nDon't hesitate to ask your doctor any other questions you have.\n\n<b>What to expect from your doctor</b>\nYour doctor is likely to ask you a number of questions, such as:\n\n<ul>\n<li>When did you begin experiencing symptoms?</li>\n<li>Have your symptoms been continuous or occasional?</li>\n<li>How severe are your symptoms?</li>\n<li>What prescription and over-the-counter medications do you take?</li>\n<li>Do you use any illicit drugs?</li>\n<li>Do you take any dietary supplements?</li>\n</ul>", 
    "Prevention": "Taking more than one serotonin-related medication or increasing your dose of a serotonin-related medication increases your risk of serotonin syndrome.\n\nTalk to your doctor about possible risks. Don't stop taking any such medications on your own. If your doctor prescribes a new medication, make sure he or she knows about all the other medications you're taking, especially if you receive prescriptions from more than one doctor.\n\nIf you and your doctor decide the benefits of combining certain serotonin-level-affecting drugs outweigh the risks, be alert to the possibility of serotonin syndrome.", 
    "Risk factors": "Some people are more susceptible to the drugs and supplements that cause serotonin syndrome than are others, but the condition can occur in anyone.\n\nYou're at increased risk of serotonin syndrome if:\n\n<ul>\n<li>You recently started taking or increased the dose of a medication known to increase serotonin levels.</li>\n<li>You take more than one drug known to increase serotonin levels.</li>\n<li>You take herbal supplements known to increase serotonin levels.</li>\n<li>You use an illicit drug known to increase serotonin levels.</li>\n</ul>", 
    "Symptoms": "Serotonin syndrome symptoms usually occur within several hours of taking a new drug or increasing the dose of a drug you're already taking. Signs and symptoms include:\n\n<ul>\n<li>Agitation or restlessness</li>\n<li>Confusion</li>\n<li>Rapid heart rate and high blood pressure</li>\n<li>Dilated pupils</li>\n<li>Loss of muscle coordination or twitching muscles</li>\n<li>Muscle rigidity</li>\n<li>Heavy sweating</li>\n<li>Diarrhea</li>\n<li>Headache</li>\n<li>Shivering</li>\n<li>Goose bumps</li>\n</ul>\n\n\nSevere serotonin syndrome can be life-threatening. Signs and symptoms include:\n\n<ul>\n<li>High fever</li>\n<li>Seizures</li>\n<li>Irregular heartbeat</li>\n<li>Unconsciousness</li>\n</ul>\n\n\nIf you suspect you might have serotonin syndrome after starting a new drug or increasing the dose of a drug you're already taking, call your doctor right away or go to the emergency room. If you have severe or rapidly worsening symptoms, seek emergency treatment immediately.", 
    "Title": "Serotonin syndrome", 
    "Treatment": "Treatment of serotonin syndrome depends on the severity of your symptoms.\n\n<ul>\n<li>If your symptoms are minor, a visit to the doctor and stopping the medication causing the problem may be enough.</li>\n<li>If you have symptoms that concern your doctor, you may need to go to the hospital. Your doctor may have you stay in the hospital for several hours to make sure your symptoms are improving.</li>\n<li>If you have severe serotonin syndrome, you'll need intensive treatment in a hospital.</li>\n</ul>\n\n\nDepending on your symptoms, you may receive the following treatments:\n\n<ul>\n<li>Muscle relaxants. Benzodiazepines, such as diazepam (Valium) or lorazepam (Ativan), can help control agitation, seizures and muscle stiffness.</li>\n<li>Serotonin-production blocking agents. If other treatments aren't working, medications such as cyproheptadine can help by blocking serotonin production.</li>\n<li>Oxygen and intravenous (IV) fluids. Breathing oxygen through a mask helps maintain normal oxygen levels in your blood, and IV fluids are used to treat dehydration and fever.</li>\n<li>Drugs that control heart rate and blood pressure. These may include esmolol (Brevibloc) or nitroprusside (Nitropress), to reduce a high heart rate or high blood pressure. If your blood pressure is too low, your doctor may give you phenylephrine (Neo-Synephrine) or epinephrine (Adrenalin, Epipen).</li>\n<li>A breathing tube and machine and medication to paralyze your muscles. You may need a breathing tube and medication to paralyze your muscles if you have a high fever.</li>\n</ul>\n\n\nMilder forms of serotonin syndrome usually go away within 24 to 72 hours of stopping medications that increase serotonin, and by taking medications to block the effects of serotonin already in your system if they're needed.\n\nHowever, symptoms of serotonin syndrome caused by some antidepressants could take several weeks to go away completely. These medications remain in your system longer than do other medications that can cause serotonin syndrome."
}