{
    "Aliases": [], 
    "Alternative medicine": "Many products claim to be smoking-cessation aids. Many also claim to be \"natural.\" Just remember that \"natural\" doesn't necessarily mean \"safe.\" Talk with your doctor before trying any alternative medicine treatments.\n\n<ul>\n<li>Acupuncture. Acupuncture involves stimulating points on the body, typically with thin, solid, metallic needles. Several studies have been conducted on the effects of acupuncture or acupressure for smoking cessation, but there's no definitive evidence that it works.</li>\n<li>Herbs and supplements. A few studies have been conducted on the dietary supplements SAMe, silver acetate and St. John's wort for the treatment of tobacco dependence, but there is no current evidence that any natural product improves smoking cessation rates.</li>\n<li>Hypnosis. Although no evidence supports the use of hypnosis \u2014 also called hypnotherapy \u2014 in smoking cessation, some people find it helpful. If you choose to pursue hypnosis, talk to your doctor about finding a reputable therapist.</li>\n<li>Meditation. Although no evidence supports the effectiveness of meditation in smoking cessation, some people find it helpful to reduce symptoms of anxiety.</li>\n</ul>", 
    "Causes": "Nicotine is the chemical in tobacco that keeps you smoking. Nicotine is very addictive when delivered by inhaling tobacco smoke into the lungs, which quickly releases nicotine into the blood allowing it to get into the brain within seconds of taking a puff. In the brain nicotine increases the release of brain chemicals called neurotransmitters, which help regulate mood and behavior.\n\nDopamine, one of these neurotransmitters, is released in the \"reward center\" of the brain and causes improved mood and feelings of pleasure. Experiencing these effects from nicotine is what makes tobacco so addictive.\n\nNicotine dependence involves behavioral (routines, habits, feelings) as well as physical factors. These behavioral associations with smoking may act as triggers \u2014 situations or feelings that activate a craving for tobacco, even if you have not smoked for some time.\n\nBehaviors and cues that you may associate with smoking include:\n\n<ul>\n<li>Certain times of the day, such as first thing in the morning, with morning coffee or during breaks at work</li>\n<li>After a meal</li>\n<li>Drinking alcohol</li>\n<li>Certain places or friends</li>\n<li>Talking on the phone</li>\n<li>Stressful situations or when you're feeling down</li>\n<li>Sight or smell of a burning cigarette</li>\n<li>Driving your car</li>\n</ul>\n\n\nTo overcome your dependence on tobacco, you need to become aware of your triggers and develop a plan to deal with the behaviors and routines that you associate with smoking.", 
    "Clinical trials": "Explore Mayo Clinic studies testing new treatments, interventions and tests as a means to prevent, detect, treat or manage this disease.", 
    "Complications": "Tobacco smoke contains more than 60 known cancer-causing chemicals and thousands of other harmful substances. Even \"all natural\" or herbal cigarettes have chemicals that are harmful to your health.\n\nSmoking harms almost every organ of your body and impairs your body's immune system. About half of all regular smokers will die of a disease caused by tobacco.\n\nWomen smokers are now at equal risk to men smokers of dying from lung cancer, COPD and cardiovascular disease caused by using tobacco.\n\nThe negative health effects include:\n\n<ul>\n<li>Lung cancer and other lung diseases. Smoking causes nearly 9 out of 10 lung cancer cases. In addition, smoking causes other lung diseases, such as emphysema and chronic bronchitis. Smoking also makes asthma worse.</li>\n<li>Other cancers. Smoking is a major cause of cancers of the esophagus, larynx, throat (pharynx) and mouth and is related to cancers of the bladder, pancreas, kidney and cervix, and some leukemias. Overall, smoking causes 30 percent of all cancer deaths.</li>\n<li>Heart and circulatory system problems. Smoking increases your risk of dying of heart and blood vessel (cardiovascular) disease, including heart attack and stroke. Even smoking just one to four cigarettes daily increases your risk of heart disease. If you have heart or blood vessel disease, such as heart failure, smoking worsens your condition. However, stopping smoking reduces your risk of having a heart attack by 50 percent in the first year.</li>\n<li>Diabetes. Smoking increases insulin resistance, which can set the stage for the development of type 2 diabetes. If you have diabetes, smoking can speed the progress of complications, such as kidney disease and eye problems.</li>\n<li>Eye problems. Smoking can increase your risk of serious eye problems such as cataracts and loss of eyesight from macular degeneration.</li>\n<li>Infertility and impotence. Smoking increases the risk of reduced fertility in women and the risk of impotence in men.</li>\n<li>Pregnancy and newborn complications. Mothers who smoke while pregnant face a higher risk of miscarriage, preterm delivery, lower birth weight and sudden infant death syndrome (SIDS) in their newborns.</li>\n<li>Cold, flu and other illnesses. Smokers are more prone to respiratory infections, such as colds, flu and bronchitis.</li>\n<li>Weakened senses. Smoking deadens your senses of taste and smell, so food isn't as appetizing.</li>\n<li>Teeth and gum disease. Smoking is associated with an increased risk of developing inflammation of the gum (gingivitis) and a serious gum infection that can destroy the support system for teeth (periodontitis).</li>\n<li>Physical appearance. The chemicals in tobacco smoke can change the structure of your skin, causing premature aging and wrinkles. Smoking also yellows your teeth, fingers and fingernails.</li>\n<li>Risks to your family. Nonsmoking spouses and partners of smokers have a higher risk of lung cancer and heart disease compared with people who don't live with a smoker. If you smoke, your children will be more prone to SIDS, worsening asthma, ear infections and colds.</li>\n</ul>", 
    "Coping and support": "To stay smoke-free over the long haul, consider these tips:\n\n<ul>\n<li>Stay motivated. Decide to quit, pick a date and create a plan to make it happen. Start by thinking about the mixed feelings you may have about smoking. Then make a list of your reasons for stopping smoking.</li>\n<li>Don't get discouraged if you slip. Remember, it's common to lapse, and sometimes relapse. But your goal is no smoking at all \u2014 even light or occasional smoking is dangerous. You can learn from past experiences about what may have led to a lapse or relapse. Armed with that knowledge, you'll be stronger during your next attempt.</li>\n<li>Identify your major smoking triggers and challenges. This will help you solve problems and have a plan to deal with high-risk situations.</li>\n<li>Seek support. Social support is key to achieving a stable and solid, smoke-free life. Ask your family, friends and co-workers for support and encouragement. Be direct, and let them know what specifically helps you most.</li>\n<li>Practice positive self-talk. Think of one or two phrases to use repeatedly for encouragement, such as \"I am grateful to be smoke-free.\"</li>\n<li>Set smoke-free boundaries. If there's another smoker in your household, set boundaries by making your home and car smoke-free. Ask smoking co-workers not to offer you a smoke or invite you outside for a smoke break.</li>\n<li>Regularly review the benefits you're getting from quitting. Short-term benefits include breathing easier, saving money and having better-smelling clothes. Long-term benefits include a lower risk of disease, increased chances for a longer life and a healthier environment for your family. Add up how much money you've saved.</li>\n<li>Avoid alcohol. Drinking is a high-risk situation. Avoid drinking situations until you're confident that you can remain smoke-free.</li>\n<li>Reward yourself. Buy a magazine, go to the park, meet a friend for lunch or take a class.</li>\n</ul>", 
    "Diagnosis": "Your doctor may ask you questions or have you complete a questionnaire to get a sense of how dependent you are on nicotine. The more cigarettes you smoke each day and the sooner you smoke after awakening, the more dependent you are.\n\nKnowing your degree of dependence will help your doctor determine the best treatment plan for you.", 
    "Id": "syc-20351584", 
    "Lifestyle and home remedies": "It's important to have a plan for managing nicotine withdrawal symptoms. Withdrawal symptoms are usually the most intense during the first week after you stop smoking. They may continue for several weeks, with declining intensity.\n\nAlthough most nicotine withdrawal symptoms pass within a month, you may occasionally experience a strong urge or craving to smoke months after stopping. Triggers or cues that were associated with your smoking can provoke these urges or cravings.\n\nHere's what you can do to help manage nicotine withdrawal symptoms:\n\n<ul>\n<li>Exercise regularly. Regular physical activity has been found to reduce withdrawal symptoms and help people stop smoking. Exercise also helps avoid potential weight gain often associated with stopping.</li>\n<li>Wait out cravings. Cravings or urges usually last less than five minutes. Wash the dishes, go for a walk or have a healthy snack, such as carrots, an apple or sunflower seeds, which will keep your mouth busy. Do something that keeps your hands busy, and before you know it, the urge will have passed. This is why you want to get rid of tobacco supplies when you decide to quit. You don't want to have any on hand when a craving hits.</li>\n<li>Identify rationalizations. If you find yourself thinking, \"I'll just smoke one to get through this tough time\" or \"Just one won't hurt,\" recognize it as a message that can derail your plan. Review your reasons for quitting, and replace that thought with something positive to support your stopping.</li>\n<li>Talk to a support person. If you're feeling anxious or depressed or need encouragement, a support person can help you get through a difficult craving.</li>\n<li>Avoid high-risk situations. Know your triggers, and stay away from people, places and situations that tempt you to smoke.</li>\n<li>Eat regular, healthy meals. Include plenty of fruits and vegetables, and drink more water.</li>\n</ul>", 
    "Overview": "Nicotine dependence \u2015 also called tobacco dependence \u2015 is an addiction to tobacco products caused by the drug nicotine. Nicotine dependence means you can't stop using the substance, even though it's causing you harm.\n\nNicotine produces physical and mood-altering effects in your brain that are temporarily pleasing. These effects make you want to use tobacco and lead to dependence. At the same time, stopping tobacco use causes withdrawal symptoms, including irritability and anxiety.\n\nWhile it's the nicotine in tobacco that causes nicotine dependence, the toxic effects of tobacco result from other substances in tobacco. Smokers have much higher rates of heart disease, stroke and cancer than nonsmokers do.\n\nRegardless of how long you've smoked, stopping smoking can improve your health. Many effective treatments for nicotine dependence are available to help you manage withdrawal and stop smoking for good. Ask your doctor for help.", 
    "Preparing for your appointment": "You're likely to start by seeing your primary care doctor. Here's some information to help you get ready, and what to expect from your doctor.\n\n<b>What you can do</b>\nTo get ready for your appointment:\n\n<ul>\n<li>Consider your smoking triggers. List the circumstances when you're most likely to reach for a cigarette. In what situations has smoking become a ritual? Are there any situations when you're less likely to smoke?</li>\n<li>List any physical symptoms you've had that may be related to smoking. Include the length of time you've had each one.</li>\n<li>List key personal information. Include any major stresses or recent life changes.</li>\n<li>Make a list of all medications you're taking. Include any vitamins, herbs or other supplements, as well as the dosages.</li>\n<li>Take a family member or friend along, if possible. Sometimes it can be difficult to soak up all the information provided during an appointment. Someone who accompanies you may remember something that you missed or forgot.</li>\n<li>Make a list of questions to ask your doctor. List your questions from most important to least important in case time runs out.</li>\n</ul>\n\n\nFor nicotine dependence, some basic questions to ask your doctor include:\n\n<ul>\n<li>Do you think smoking could be causing or worsening my other health problems?</li>\n<li>Is there still time for my health to benefit from quitting smoking?</li>\n<li>What treatment options seem most likely to help in my situation?</li>\n<li>What should I do to start getting ready?</li>\n<li>Can you refer me to a specialist who can help me stop smoking?</li>\n</ul>\n\n\nDon't hesitate to ask questions during your appointment.\n\n<b>What to expect from your doctor</b>\nBeing ready to answer questions your doctor may ask reserves time to go over any points you want to spend more time on. Some questions your doctor may ask include:\n\n<ul>\n<li>How many cigarettes do you smoke each day? How soon after waking do you smoke?</li>\n<li>Have you previously tried to stop smoking? If so, what happened? What worked? What didn't work?</li>\n<li>What is motivating you to stop smoking now?</li>\n<li>Do you have any physical health problems, such as heart disease or diabetes, that you suspect are related to smoking?</li>\n<li>Are there family members or co-workers who smoke with you?</li>\n<li>Do you have any lifestyle limitations related to smoking, such as difficulty playing sports or doing other physical activities?</li>\n<li>Has smoking caused any problems at work or in your relationships?</li>\n<li>Do you have any mental health problems, such as depression or anxiety?</li>\n<li>What are your biggest obstacles to stopping smoking?</li>\n<li>Will your loved ones support your effort to stop smoking?</li>\n<li>How confident are you that you'll be able to stop?</li>\n</ul>", 
    "Prevention": "The best way to prevent tobacco dependence is to not smoke in the first place.\n\nThe best way to prevent your children from smoking is to not smoke yourself. Research has shown that children whose parents do not smoke or who successfully quit smoking are much less likely to take up smoking.\n\nHere are steps you can take to prevent future generations from nicotine addiction and the many diseases associated with smoking:\n\n<ul>\n<li>Talk to your children about smoking. Tell them about the dangers of tobacco. Encourage them to value good health. You can be a great influence on whether your children smoke, despite what they see in movies and on the web.</li>\n<li>Stay in touch with your teens. Studies show that smoking is most likely to become a habit during the teen years. Ask whether their friends smoke. Those who have friends who smoke are more likely to start smoking than those who don't. Help them plan ways to handle peer pressure. Let your child know that other forms of tobacco, including cigars and smokeless tobacco, also carry significant health risks.</li>\n<li>Promote smoke-free environments. Ban smoking in your home. Support legislation to make all workplaces smoke-free. Encourage smoke-free public places, including restaurants. Become active in community and school-based stop-smoking programs.</li>\n<li>Support legislation to increase taxes on tobacco products. Higher prices discourage teens from starting to smoke. Higher prices on tobacco products, coupled with smoke-free workplace laws, are the most effective public health policies to reduce smoking in adults and prevent young people from ever starting.</li>\n</ul>", 
    "Risk factors": "Anyone who smokes or uses other forms of tobacco is at risk of becoming dependent. Factors that influence who will use tobacco include:\n\n<ul>\n<li>Genetics. The likelihood that you will start smoking and keep smoking may be partly inherited \u2014 genetic factors may influence how receptors on the surface of your brain's nerve cells respond to high doses of nicotine delivered by cigarettes.</li>\n<li>Home and peer influence. Children who grow up with parents who smoke are more likely to become smokers. Children with friends who smoke also are more likely to try cigarettes. Evidence suggests that smoking shown in movies and on the Internet can encourage young people to smoke.</li>\n<li>Age. Most people begin smoking during childhood or the teen years. The younger you are when you begin smoking, the greater the chance that you'll become a heavy smoker as an adult.</li>\n<li>Depression or other mental illness. Many studies show an association between depression and smoking. People who have depression, schizophrenia, post-traumatic stress disorder (PTSD) or other forms of mental illness are more likely to be smokers.</li>\n<li>Substance use. People who abuse alcohol and illegal drugs are more likely to be smokers.</li>\n</ul>", 
    "Symptoms": "For some people, using any amount of tobacco can quickly lead to nicotine dependence. Signs that you may be addicted include:\n\n<ul>\n<li>You can't stop smoking. You've made one or more serious, but unsuccessful, attempts to stop.</li>\n<li>You experience withdrawal symptoms when you try to stop. Your attempts at stopping have caused physical and mood-related symptoms, such as strong cravings, anxiety, irritability, restlessness, difficulty concentrating, depressed mood, frustration, anger, increased hunger, insomnia, constipation or diarrhea.</li>\n<li>You keep smoking despite health problems. Even though you've developed health problems with your lungs or your heart, you haven't been able to stop.</li>\n<li>You give up social or recreational activities in order to smoke. You may stop going to smoke-free restaurants or stop socializing with certain family members or friends because you can't smoke in these locations or situations.</li>\n</ul>\n\n\nYou're not alone if you've tried to stop smoking but haven't been able to stop for good. Most smokers make many attempts to stop smoking before they achieve stable, long-term abstinence from smoking.\n\nYou're more likely to stop for good if you follow a treatment plan that addresses both the physical and the behavioral aspects of nicotine dependence. Using medications and working with a counselor specially trained to help people stop smoking (a tobacco treatment specialist) will significantly boost your chances of success.\n\nAsk your doctor, counselor or therapist to help you develop a treatment plan that works for you or to advise you on where to get help to stop smoking.", 
    "The Mayo Clinic experience and patient stories": "Our patients tell us that the quality of their interactions, our attention to detail and the efficiency of their visits mean health care like they've never experienced. See the stories of satisfied Mayo Clinic patients.", 
    "Title": "Nicotine dependence", 
    "Treatment": "Like most smokers, you've probably made at least one serious attempt to stop. But it's rare to stop smoking on your first attempt \u2014 especially if you try to do it without help.\n\nYou're much more likely to stop if you use medications and counseling, which have both been proved effective, especially in combination.\n\n<b>Medications</b>\nMany treatments, including nicotine replacement therapy and non-nicotine medications, have been approved as safe and effective in treating nicotine dependence. Using more than one medication may help you get better results.\n\nFor example, combining a longer acting medication with a short-acting nicotine replacement product may be beneficial. Talk to your health care provider about the right treatment for you.\n\nIf you're pregnant or breast-feeding, you smoke fewer than 10 cigarettes a day, or you're under age 18, talk to your doctor before taking any over-the-counter nicotine replacement products.\n\n<b>Nicotine replacement therapy</b>\nNicotine replacement therapy gives you nicotine without tobacco and the harmful chemicals in tobacco smoke. Nicotine replacement products help relieve withdrawal symptoms and cravings.\n\nThe best time to start using nicotine replacement medication is on the date you've set to stop smoking. Some smokers start earlier in order to reduce smoking on their way to stopping altogether.\n\nThe following nicotine replacement products are available over-the-counter:\n\n<ul>\n<li>Nicotine patch (NicoDerm CQ, Habitrol, others). The patch delivers nicotine through your skin and into your bloodstream. You wear a new patch each day. You typically use the patch for eight weeks or longer. If you haven't been able to stop smoking completely after two weeks of wearing the patch, ask your doctor about adjusting the dose or adding another nicotine replacement product. Common side effects include skin irritation, insomnia and vivid dreams.</li>\n<li>Nicotine gum (Nicorette, others). This gum delivers nicotine to your blood through the lining of your mouth. Nicotine gum is often recommended to curb cravings. Chew the gum for a few times until you feel a mild tingling or peppery taste, then park the gum between your cheek and gumline for several minutes. This chewing and parking allows nicotine to be gradually absorbed in your bloodstream. Mouth irritation is a common side effect. Other side effects are often a result of overly vigorous chewing that releases nicotine too quickly. These include heartburn, nausea and hiccups.</li>\n<li>Nicotine lozenge (Commit, Nicorette mini lozenge, others). This lozenge dissolves in your mouth and, like nicotine gum, delivers nicotine through the lining of your mouth. Place the lozenge in your mouth between your gumline and cheek or under your tongue and allow it to dissolve. You'll start with one lozenge every one to two hours and gradually increase the time between lozenges. Avoid drinking anything right before, while using or right after the lozenge. Side effects include mouth irritation as well as nicotine-related effects such as heartburn, nausea and hiccups.</li>\n</ul>\n\n\nThese nicotine replacement products are available by prescription:\n\n<ul>\n<li>Nicotine nasal spray (Nicotrol NS). The nicotine in this product, sprayed directly into each nostril, is absorbed through your nasal membranes into your blood vessels. The nasal spray delivers nicotine a bit quicker than gum, lozenges or the patch, but not as rapidly as smoking a cigarette. It's usually prescribed for three-month periods for up to six months. Nasal and throat irritation, runny nose, sneezing and coughing are common side effects.</li>\n<li>Nicotine inhaler (Nicotrol). This device is shaped something like a cigarette holder. You puff on it, and it delivers nicotine vapor into your mouth. You absorb the nicotine through the lining in your mouth, where it then enters your bloodstream. Common side effects are mouth and throat irritation and occasional coughing.</li>\n</ul>\n\n\n<b>Non-nicotine medications</b>\nMedications that don't contain nicotine and are available by prescription include:\n\n<ul>\n<li>Bupropion (Zyban). The antidepressant drug bupropion increases levels of dopamine and norepinephrine, brain chemicals that are also boosted by nicotine. Typically your doctor will advise you to start bupropion one week before you stop smoking. Bupropion has the advantage of helping to minimize weight gain after you quit smoking. Common side effects include insomnia, agitation, headache and dry mouth. If you have a history of seizures or serious head trauma, such as a skull fracture, you shouldn't take this drug.</li>\n<li>Varenicline (Chantix). This medication acts on the brain's nicotine receptors, decreasing withdrawal symptoms and reducing the feelings of pleasure you get from smoking. Typically your doctor will advise you to start varenicline one week before you stop smoking. Common side effects include nausea, headache, insomnia and vivid dreams. Rarely, varenicline has been associated with serious psychiatric symptoms, such as depressed mood and suicidal thoughts.</li>\n<li>Nortriptyline (Pamelor). This medication may be prescribed if other medications haven't helped. This tricyclic antidepressant acts by increasing the levels of the brain neurotransmitter norepinephrine. Common side effects may include dry mouth, drowsiness, dizziness and constipation.</li>\n</ul>\n\n\n<b>Counseling, support groups and other programs</b>\nCombining medications with behavioral counseling provides the best chance for establishing long-term smoking abstinence.\n\nMedications help you cope by reducing withdrawal symptoms including tobacco craving, while behavioral treatments help you develop the skills you need to avoid tobacco over the long run. The more time you spend with a counselor, the better your treatment results will be.\n\nSeveral types of counseling and support can help with stopping smoking:\n\n<ul>\n<li>Telephone counseling. No matter where you live, you can take advantage of phone counseling to help you give up tobacco. Every state in the U.S. has a telephone quit line, and some have more than one. To find the options in your state, call 800-QUIT-NOW (800-784-8669).</li>\n<li>Individual or group counseling program. Your doctor may recommend local support groups or a treatment program where counseling is provided by a tobacco treatment specialist. Counseling helps you learn techniques for preparing to stop smoking and provides support for you during the process. Many hospitals, health care plans, health care providers and employers offer treatment programs or have tobacco treatment specialists who are certified to provide treatment for nicotine dependence. Nicotine Anonymous groups are available in many locations to provide support for smokers trying to quit. Some medical centers provide residential treatment programs \u2014 the most intensive treatment available.</li>\n<li>Internet-based programs. Several websites offer support and strategies for people who want to stop smoking. BecomeAnEX is free and provides information and techniques as well as blogs, community forums, ask the expert and many other features. Text messaging services, including personalized reminders about a quit-smoking plan, also may prove helpful.</li>\n</ul>\n\n\n<b>Methods to avoid</b>\nIt's not a good idea to substitute another type of tobacco use for cigarette smoking. Tobacco in any form is not safe. Even products that deliver nicotine without tobacco are risky.\n\nStick with proven stop-smoking aids and steer clear of the following products:\n\n<ul>\n<li>Dissolvable tobacco products. Tobacco pouches, lozenges, strips or other products contain small amounts of tobacco and nicotine you hold or dissolve in your mouth. There is no evidence they will help you stop smoking and little is known about their health effects.</li>\n<li>E-cigarettes. Electronic cigarettes, or e-cigarettes, are battery-powered devices that heat liquid containing nicotine into a vapor to be inhaled. Because these products are new, there isn't much data about possible safety risks. Studies of e-cigarettes for smoking cessation have shown mixed results. For these reasons, e-cigarettes aren't recommended for people trying to quit smoking.</li>\n<li>Flavored cigarettes. Clove cigarettes (kreteks) and flavored cigarettes (bidis) carry the same health risks as smoking regular cigarettes and can cause additional health problems. Although they're banned in the United States, flavored cigarettes are available in other countries.</li>\n<li>Hookahs (narghiles). These are water pipes that burn tobacco, and the smoke is inhaled through a hose. They are not safer than cigarettes. The water does not filter out toxins in the smoke, and the water and pipe have a risk of transmitting infections.</li>\n<li>Nicotine lollipops and balms. Products containing nicotine salicylate are not approved by the Food and Drug Administration, and they pose a risk for accidental use by children.</li>\n<li>Pipes and cigars. These products have similar, though less frequent, health risks as cigarettes, and they are not a safe alternative.</li>\n<li>Smokeless tobacco and snuff (snus). These products contain nicotine in amounts similar to cigarettes and increase your risk of mouth and throat cancer, tooth and gum diseases, and other health problems.</li>\n</ul>"
}