{
    "Aliases": [], 
    "Causes": "The cause of lichen sclerosus is unknown. An overactive immune system or an imbalance of hormones may play a role. Previous skin damage at a particular site on your skin may increase the likelihood of lichen sclerosus at that location.\n\nLichen sclerosus isn't contagious and cannot be spread through sexual intercourse.\n\nLichen sclerosus often occurs in postmenopausal women, but also in men and children. In women, lichen sclerosus usually involves the vulva. In boys and men, uncircumcised males are most at risk, because the condition generally affects the foreskin.\n\nIn children, the signs and symptoms may improve at puberty, but they will still need monitoring for disease activity.", 
    "Complications": "Complications of lichen sclerosus include painful sex, urinary retention, constipation and an inability to retract the foreskin. People with lichen sclerosus are also at an increased risk of squamous cell carcinoma of the affected area.", 
    "Diagnosis": "Your doctor may diagnose lichen sclerosus based on:\n\n<ul>\n<li>A physical examination</li>\n<li>Removal of a small piece of affected tissue (biopsy) for examination under a microscope</li>\n</ul>\n\n\nYour doctor may refer you to a specialist in skin conditions (dermatologist) or the female reproductive system.", 
    "Id": "syc-20374448", 
    "Lifestyle and home remedies": "These self-care tips may help, whether you are undergoing treatment or not:\n\n<ul>\n<li>Apply lubricant (petroleum jelly, A and D ointment, Aquaphor) to the affected area.</li>\n<li>Gently wash the affected area daily and pat dry. Avoid harsh soaps and bathing too much.</li>\n<li>Ease burning and pain with oatmeal solutions, sitz baths, ice packs or cool compresses.</li>\n<li>Take an oral antihistamine at bedtime to help control the itching as you try to sleep.</li>\n</ul>", 
    "Overview": "Lichen sclerosus (LIE-kun skluh-ROW-sus) is an uncommon condition that creates patchy, white skin that appears thinner than normal. It usually affects the genital and anal areas.\n\nAnyone can get lichen sclerosus but postmenopausal women are at higher risk.\n\nYour doctor can suggest treatment with creams or ointments that help return a more normal appearance to your skin and decrease the tendency for scarring. The condition does tend to recur, so long-term follow-up care may be needed. Rarely, lichen sclerosus improves without treatment.", 
    "Preparing for your appointment": "If you have signs and symptoms common to lichen sclerosus, make an appointment with your primary care doctor. Your doctor may refer you to a specialist in the diagnosis and treatment of skin conditions (dermatologist).\n\nHere's some information to help you get ready for your appointment.\n\n<b>What you can do</b>\nBefore your appointment make a list of:\n\n<ul>\n<li>Your symptoms and how long you've had them.</li>\n<li>Your key medical information, such as other conditions with which you've been diagnosed and any prescription or over-the-counter medications you're using, including vitamins and supplements.</li>\n<li>Questions to ask your doctor.</li>\n</ul>\n\n\nSome basic questions to ask your doctor about possible lichen sclerosus include:\n\n<ul>\n<li>What's the most likely cause of my symptoms?</li>\n<li>What treatment approach do you recommend, if any?</li>\n<li>If the first treatment doesn't work, what will you recommend next?</li>\n<li>How much do you expect my symptoms will improve with treatment \u2014 and how soon?</li>\n<li>Will I need treatment for this condition for the rest of my life?</li>\n<li>What self-care steps can I follow to ease my symptoms?</li>\n<li>What can I do to help prevent a recurrence?</li>\n</ul>\n\n\n<b>What to expect from your doctor</b>\nYour doctor is likely to ask you a number of questions, such as:\n\n<ul>\n<li>How severe is your discomfort?</li>\n<li>Have you noticed any bleeding?</li>\n<li>Do your symptoms include pain with urination or bowel movements?</li>\n<li>Do your symptoms include pain with sexual intercourse?</li>\n<li>Have you had any previous injuries to the affected area?</li>\n<li>What steps have you taken to treat this condition yourself?</li>\n<li>Have you had prescription treatments for this condition?</li>\n<li>Have you been diagnosed with any other medical conditions?</li>\n</ul>", 
    "Risk factors": "The risk of lichen sclerosus is higher for postmenopausal women, although it can occur in men and children. Men who are uncircumcised have a higher risk because the condition often affects the foreskin.", 
    "Symptoms": "People with mild lichen sclerosus may have no signs or symptoms.\n\nSigns and symptoms usually affect the skin of the genital and anal areas, but may also affect the skin of the upper body, upper arms and breasts. They may include:\n\n<ul>\n<li>Redness</li>\n<li>Itching (pruritus), which can be severe</li>\n<li>Discomfort or pain</li>\n<li>Smooth white patches on your skin</li>\n<li>Blotchy, wrinkled patches</li>\n<li>Tearing or bleeding</li>\n<li>In severe cases, bleeding, blistering or ulcerated sores</li>\n<li>Painful sex</li>\n</ul>\n\n\n<b>When to see a doctor</b>\nSee your doctor if you have signs and symptoms common to lichen sclerosus.\n\nIf you've already been diagnosed with lichen sclerosus, see your doctor every six to 12 months to be checked for any skin changes or treatment side effects.", 
    "Title": "Lichen sclerosus", 
    "Treatment": "If you have lichen sclerosus on or around your genitals or anus, or have a more advanced case on other parts of your body, your doctor will recommend treatment. Treatment helps reduce itching, improve your skin's appearance and decrease further scarring. Recurrence is common. Rarely, lichen sclerosus gets better on its own.\n\n<b>Corticosteroids</b>\nCorticosteroid ointments or creams are commonly prescribed for lichen sclerosus. Initially, you'll generally have to use cortisone creams or ointments on the affected skin twice a day. After several weeks, your doctor will likely recommend that you only use these medications twice a week to prevent a recurrence.\n\nYour doctor will monitor you for side effects associated with prolonged use of topical corticosteroids, such as further thinning of the skin.\n\n<b>Other treatment options</b>\nIf corticosteroid treatment doesn't work or if months of corticosteroid therapy are needed, your doctor may prescribe an ointment such as tacrolimus (Protopic).\n\nRemoval of the foreskin (circumcision) in men is a common treatment in cases resistant to other therapies or more-advanced cases. Surgery in the genital or anal area generally isn't recommended for women with lichen sclerosus because the condition may just come back after surgery.\n\nAsk your doctor how often you should return for follow-up exams. They are generally recommended every six to 12 months."
}