{
    "Aliases": [], 
    "Causes": "Radiation is the energy released from atoms as either a wave or a tiny particle of matter. Radiation sickness is caused by exposure to a high dose of radiation, such as a high dose of radiation received during an industrial accident.\n\n<b>Sources of high-dose radiation</b>\nPossible sources of high-dose radiation include the following:\n\n<ul>\n<li>An accident at a nuclear industrial facility</li>\n<li>An attack on a nuclear industrial facility</li>\n<li>Detonation of a small radioactive device</li>\n<li>Detonation of a conventional explosive device that disperses radioactive material (dirty bomb)</li>\n<li>Detonation of a standard nuclear weapon</li>\n</ul>\n\n\nRadiation sickness occurs when high-energy radiation damages or destroys certain cells in your body. Regions of the body most vulnerable to high-energy radiation are cells in the lining of your intestinal tract, including your stomach, and the blood cell-producing cells of bone marrow.", 
    "Clinical trials": "Explore Mayo Clinic studies testing new treatments, interventions and tests as a means to prevent, detect, treat or manage this disease.", 
    "Complications": "Having radiation sickness can contribute to both short-term and long-term mental health problems, such as grief, fear and anxiety about:\n\n<ul>\n<li>Experiencing a radioactive accident or attack</li>\n<li>Mourning friends or family who haven't survived</li>\n<li>Dealing with the uncertainty of a mysterious and potentially fatal illness</li>\n<li>Worrying about the eventual risk of cancer due to radiation exposure</li>\n</ul>", 
    "Diagnosis": "When a person has experienced known or probable exposure to a high dose of radiation from an accident or attack, medical personnel take a number of steps to determine the absorbed radiation dose. This information is essential for determining how severe the illness is likely to be, which treatments to use and whether a person is likely to survive.\n\nInformation important for determining an absorbed dose includes:\n\n<ul>\n<li>Known exposure. Details about distance from the source of radiation and duration of exposure can help provide a rough estimate of the severity of radiation sickness.</li>\n<li>Vomiting and other symptoms. The time between radiation exposure and the onset of vomiting is a fairly accurate screening tool to estimate absorbed radiation dose. The shorter the time before the onset of this sign, the higher the dose. The severity and timing of other signs and symptoms also may help medical personnel determine the absorbed dose.</li>\n<li>Blood tests. Frequent blood tests over several days enable medical personnel to look for drops in disease-fighting white blood cells and abnormal changes in the DNA of blood cells. These factors indicate the degree of bone marrow damage, which is determined by the level of an absorbed dose.</li>\n<li>Dosimeter. A device called a dosimeter can measure the absorbed dose of radiation but only if it was exposed to the same radiation event as the affected person.</li>\n<li>Survey meter. A device such as a Geiger counter can be used to survey people to determine the body location of radioactive particles.</li>\n<li>Type of radiation. A part of the larger emergency response to a radioactive accident or attack would include identifying the type of radiation exposure. This information would guide some decisions for treating people with radiation sickness.</li>\n</ul>", 
    "Id": "syc-20377058", 
    "Overview": "Radiation sickness is damage to your body caused by a large dose of radiation often received over a short period of time (acute). The amount of radiation absorbed by the body \u2014 the absorbed dose \u2014 determines how sick you'll be.\n\nRadiation sickness is also called acute radiation syndrome or radiation poisoning. Radiation sickness is not caused by common imaging tests that use low-dose radiation, such as X-rays or CT scans.\n\nAlthough radiation sickness is serious and often fatal, it's rare. Since the atomic bombings of Hiroshima and Nagasaki, Japan, during World War II, most cases of radiation sickness have occurred after nuclear industrial accidents, such as the 1986 fire that damaged the nuclear power plant at Chernobyl, Ukraine.", 
    "Prevention": "In the event of a radiation emergency, stay tuned to your radio or television to hear what protective actions local, state and federal authorities recommend. Recommended actions will depend on the situation, but you will be told to either stay in place or evacuate your area.\n\n<b>Shelter in place</b>\nIf you're advised to stay where you are, whether you're at home or work or elsewhere, do the following:\n\n<ul>\n<li>Close and lock all doors and windows.</li>\n<li>Turn off fans, air conditioners and heating units that bring air in from outside.</li>\n<li>Close fireplace dampers.</li>\n<li>Bring pets indoors.</li>\n<li>Move to an inner room or basement.</li>\n<li>Stay tuned to your emergency response network or local news.</li>\n<li>Stay put for at least 24 hours.</li>\n</ul>\n\n\n<b>Evacuate</b>\nIf you're advised to evacuate, follow the instructions provided by your local authorities. Try to stay calm and move quickly and in an orderly manner. In addition, travel lightly, but take supplies, including:\n\n<ul>\n<li>Flashlight</li>\n<li>Portable radio</li>\n<li>Batteries</li>\n<li>First-aid kit</li>\n<li>Necessary medicines</li>\n<li>Sealed food, such as canned foods, and bottled water</li>\n<li>Manual can opener</li>\n<li>Cash and credit cards</li>\n<li>Extra clothes</li>\n</ul>\n\n\nBe aware that most emergency vehicles and shelters won't accept pets. Take them only if you're driving your own vehicle and going someplace other than a shelter.", 
    "Symptoms": "The severity of signs and symptoms of radiation sickness depends on how much radiation you've absorbed. How much you absorb depends on the strength of the radiated energy, the time of your exposures, and the distance between you and the source of radiation.\n\nSigns and symptoms are also affected by the type of exposure \u2014 such as total or partial body. The severity of radiation sickness also depends on how sensitive the affected tissue is. For instance, the gastrointestinal system and bone marrow are highly sensitive to radiation.\n\n<b>Initial signs and symptoms</b>\nThe initial signs and symptoms of treatable radiation sickness are usually nausea and vomiting. The amount of time between exposure and when these symptoms develop is a clue to how much radiation a person has absorbed.\n\nAfter the first round of signs and symptoms, a person with radiation sickness may have a brief period with no apparent illness, followed by the onset of new, more-serious symptoms.\n\nIf you've had a mild exposure, it may take hours to weeks before any signs and symptoms begin. But with severe exposure, signs and symptoms can begin minutes to days after exposure.\n\nPossible symptoms include:\n\n<ul>\n<li>Nausea and vomiting</li>\n<li>Diarrhea</li>\n<li>Headache</li>\n<li>Fever</li>\n<li>Dizziness and disorientation</li>\n<li>Weakness and fatigue</li>\n<li>Hair loss</li>\n<li>Bloody vomit and stools from internal bleeding</li>\n<li>Infections</li>\n<li>Low blood pressure</li>\n</ul>\n\n\n<b>When to see a doctor</b>\nAn accident or attack that causes radiation sickness would no doubt cause a lot of attention and public concern. If such an event occurs, monitor radio, television or online reports to learn about emergency instructions for your area.\n\nIf you know you've been overexposed to radiation, seek emergency medical care.", 
    "Title": "Radiation sickness", 
    "Treatment": "The treatment goals for radiation sickness are to prevent further radioactive contamination; treat life-threatening injuries, such as from burns and trauma; reduce symptoms; and manage pain.\n\n<b>Decontamination</b>\nDecontamination involves removing external radioactive particles. Removing clothing and shoes eliminates about 90 percent of external contamination. Gently washing with water and soap removes additional radiation particles from the skin.\n\nDecontamination prevents radioactive materials from spreading more. It also lowers the risk of internal contamination from inhalation, ingestion or open wounds.\n\n<b>Treatment for damaged bone marrow</b>\nA protein called granulocyte colony-stimulating factor, which promotes the growth of white blood cells, may counter the effect of radiation sickness on bone marrow. Treatment with this protein-based medication, which includes filgrastim (Neupogen), sargramostim (Leukine) and pegfilgrastim (Neulasta), may increase white blood cell production and help prevent subsequent infections.\n\nIf you have severe damage to bone marrow, you may also receive transfusions of red blood cells or blood platelets.\n\n<b>Treatment for internal contamination</b>\nSome treatments may reduce damage to internal organs caused by radioactive particles. Medical personnel would use these treatments only if you've been exposed to a specific type of radiation. These treatments include the following:\n\n<ul>\n<li>\n    Potassium iodide (ThyroShield, Iosat). This is a nonradioactive form of iodine.\n    Iodine is essential for proper thyroid function. If you're exposed to significant radiation, your thyroid will absorb radioactive iodine (radioiodine) just as it would other forms of iodine. The radioiodine is eventually cleared from the body in urine.\n    If you take potassium iodide, it may fill \"vacancies\" in the thyroid and prevent the absorption of radioiodine. Potassium iodide isn't a cure-all and is most effective if taken within a day of exposure.\n    </li>\n<li>Prussian blue (Radiogardase). This type of dye binds to particles of radioactive elements known as cesium and thallium. The radioactive particles are then excreted in feces. This treatment speeds up the elimination of the radioactive particles and reduces the amount of radiation cells may absorb.</li>\n<li>Diethylenetriamine pentaacetic acid (DTPA). This substance binds to metals. DTPA binds to particles of the radioactive elements plutonium, americium and curium. The radioactive particles pass out of the body in urine, thereby reducing the amount of radiation absorbed.</li>\n</ul>\n\n\n<b>Supportive treatment</b>\nIf you have radiation sickness, you may receive additional medications or interventions to treat:\n\n<ul>\n<li>Bacterial infections</li>\n<li>Headache</li>\n<li>Fever</li>\n<li>Diarrhea</li>\n<li>Nausea and vomiting</li>\n<li>Dehydration</li>\n<li>Burns</li>\n<li>Sores or ulcers</li>\n</ul>\n\n\n<b>End-of-life care</b>\nA person who has absorbed very large doses of radiation has little chance of recovery. Depending on the severity of illness, death can occur within two days or two weeks. People with a lethal radiation dose will receive medications to control pain, nausea, vomiting and diarrhea. They may also benefit from psychological or pastoral care."
}