{
    "Aliases": [], 
    "Causes": "Ehrlichiosis is caused by ehrlichia bacteria and is transmitted primarily by the Lone Star tick.\n\nTicks feed on blood, latching onto a host and feeding until they're swollen to many times their normal size. During feeding, ticks that carry disease-producing bacteria can transmit the bacteria to a healthy host. Or they may pick up bacteria themselves if the host, such as a white-tailed deer or a coyote, is infected.\n\nUsually, to get ehrlichiosis, you must be bitten by an infected tick. The bacteria enter your skin through the bite and eventually make their way into your bloodstream.\n\nBefore bacteria can be transmitted, a tick must be attached and feeding for at least 24 hours. An attached tick with a swollen appearance may have been feeding long enough to have transmitted bacteria. Removing ticks as soon as possible may prevent infection.\n\nIt's also possible that ehrlichiosis may be transmitted through blood transfusions, from mother to fetus, and through direct contact with an infected, slaughtered animal.", 
    "Complications": "Without prompt treatment, ehrlichiosis can have serious effects on an otherwise healthy adult or child.\n\nPeople with weakened immune systems are at an even higher risk of more-serious and potentially life-threatening consequences. Serious complications of untreated infection include:\n\n<ul>\n<li>Kidney failure</li>\n<li>Respiratory failure</li>\n<li>Heart failure</li>\n<li>Seizures</li>\n<li>Coma</li>\n</ul>", 
    "Diagnosis": "Tick-borne infections are difficult to diagnose based solely on signs and symptoms because the signs and symptoms, such as fever and muscle aches, are similar to many other common conditions.\n\nAbnormal findings on a number of blood tests, combined with your history of possible exposure, may lead your doctor to suspect a tick-borne illness. If you have ehrlichiosis, your blood tests will likely show:\n\n<ul>\n<li>A low white blood cell count \u2014 these cells are the body's disease fighters</li>\n<li>A low platelet count \u2014 platelets are essential to blood clotting</li>\n<li>Abnormal liver function</li>\n</ul>\n\n\nMore specific blood tests for ehrlichiosis include:\n\n<ul>\n<li>Polymerase chain reaction (PCR) test. This test helps identify specific genes unique to ehrlichiosis. However, if you've already started treatment, the results of this test may be affected.</li>\n<li>Indirect fluorescent antibody (IFA) test. This test, not used as commonly as the PCR test, measures the amount of antibody you have in your blood to the bacteria that causes ehrlichiosis.</li>\n</ul>\n\n\nIf you live in an area where ticks are common, your doctor may start you on antibiotics before the results of the blood tests return because earlier treatment results in a better outcome for some tick-borne diseases.", 
    "Id": "syc-20372142", 
    "Lifestyle and home remedies": "If you find a tick on your body, don't be alarmed. If you remove the tick within 24 hours of its attachment, it's unlikely you'll get ehrlichiosis or other tick-borne illnesses. Follow these steps for safe removal of ticks:\n\n<ul>\n<li>Use tweezers if possible. Use a pair of flat-tipped tweezers or cover your hand with a tissue or glove to remove a tick. A tick's saliva and bodily fluids can carry the same bacterium that's found in its mouth and the bacterium can enter your body through cuts or mucous membranes in your skin.</li>\n<li>\n    Remove the tick slowly. Grab the tick by its mouth parts where it has attached to your skin. Pull it up and out of your skin steadily and slowly without jerking or twisting it.\n    If you pull too quickly or grab the tick by its body, the tick will likely separate, leaving the mouth parts in your skin. If the tick's mouth parts do break off in your skin, remove them with tweezers.\n    Petroleum jelly and hot matches are not effective treatments for removing ticks or tick parts from your skin. These methods may make matters worse by triggering the tick to release more of its bodily fluids, and that could cause further infection.\n    </li>\n<li>\n    Kill the tick. Once you have successfully removed the tick, kill it by placing it in a container with rubbing alcohol in it. Don't crush the tick in your hands or with your fingernails because the fluids it releases may contain infected bacteria.\n    If you want to save the tick for testing in the event you become ill, put it in a plastic bag or a jar, date the container and place it in the freezer.\n    </li>\n<li>Clean the bite site. Wash the bite site thoroughly with hand antiseptic or soap and water. And, thoroughly wash your hands.</li>\n<li>\n    Monitor the bite site. In the following days and weeks, watch the bite site for a rash and pay close attention to any signs and symptoms that develop such as fever, muscle aches or joint pain.\n    If you notice anything out of the ordinary, see your doctor. If possible, bring the tick with you to your appointment.\n    </li>\n</ul>", 
    "Overview": "Ehrlichiosis is a bacterial illness transmitted by ticks that causes flu-like symptoms. The signs and symptoms of ehrlichiosis range from mild body aches to severe fever and usually appear within a week or two of a tick bite. If treated quickly with appropriate antibiotics, ehrlichiosis generally improves within a few days.\n\nAnother tick-borne infection \u2014 anaplasmosis \u2014 is closely related to ehrlichiosis. But the two have distinct differences and are caused by different microorganisms.\n\nThe best way to prevent these infections is to avoid tick bites. Tick repellents, thorough body checks after being outside and proper removal of ticks give you the best chance of avoiding ehrlichiosis.", 
    "Preparing for your appointment": "You're likely to first see your primary care doctor or possibly an emergency room doctor, depending on the severity of your signs and symptoms. However, you may then be referred to a doctor who specializes in infectious diseases.\n\nIf you have time before your appointment to prepare, it's helpful to have certain information at hand. Here's what you can do to help get ready for your appointment, and what you can expect from your doctor.\n\n<b>What you can do</b>\n<ul>\n<li>Write down any symptoms you're experiencing, including any that may seem unrelated to the reason for which you scheduled the appointment.</li>\n<li>Write down key personal information, including any recent travel to areas where ticks might be common.</li>\n<li>Make a list of all medications, vitamins and supplements that you're taking, with dose information.</li>\n<li>Write down questions to ask your doctor.</li>\n</ul>\n\n\nPreparing a list of questions can help you make the most of your time with your doctor. For erhlichiosis, some basic questions to ask your doctor include:\n\n<ul>\n<li>Did a tick bite cause these symptoms?</li>\n<li>Are there other possible causes for my symptoms?</li>\n<li>What tests do I need?</li>\n<li>Does this infection have lasting effects?</li>\n<li>What treatments are available, and which do you recommend?</li>\n<li>What types of side effects can I expect from treatment?</li>\n<li>I have another health problem. How can I best manage these conditions together?</li>\n<li>Are there any alternatives to the primary approach you're suggesting?</li>\n<li>Is there a generic alternative to the medicine you're prescribing?</li>\n<li>What can I do to prevent this type of infection in the future?</li>\n<li>Are there brochures or other printed material I can take with me? What websites do you recommend?</li>\n</ul>\n\n\nDon't hesitate to ask your doctor any other relevant questions.\n\n<b>What to expect from your doctor</b>\nYour doctor is likely to ask you a number of questions, such as:\n\n<ul>\n<li>When did you begin experiencing symptoms?</li>\n<li>Have your symptoms been continuous or occasional?</li>\n<li>How severe are your symptoms?</li>\n<li>Have you traveled recently?</li>\n<li>Have you been hiking, golfing or participating in other outdoor activities recently?</li>\n<li>Have you found any ticks on you? If yes, when?</li>\n<li>Have you had any problems with antibiotics in the past?</li>\n</ul>", 
    "Prevention": "The best way to steer clear of ehrlichiosis is to avoid tick bites.\n\nMost ticks attach themselves to your lower legs and feet as you walk or work in grassy, wooded areas or overgrown fields. After a tick attaches to your body, it usually crawls upward to find a location to burrow into your skin. You may find a tick on the back of your knees, groin, underarms, ears, back of your neck and elsewhere.\n\nIf you remove a tick in the first 24 hours after attachment, you reduce your risk of infection. While you may not be able to avoid going into areas where ticks are present, the following tips can make it easier to discover and remove ticks before they attach to your skin:\n\n<ul>\n<li>Wear light-colored clothing. Ticks are dark-colored. Light clothing helps you and others notice ticks on your clothing before they can attach themselves to your skin.</li>\n<li>Avoid open-toed shoes or sandals. Ticks generally live in grassy areas or fields and can attach themselves to your feet and legs when you brush by. Wearing open-toed shoes or sandals increases the risk of a tick attaching to your bare skin and working its way under your clothes, out of sight from detection.</li>\n<li>\n    Apply repellent. Products containing DEET (Off! Deep Woods, Repel) or permethrin (Repel Permanone) often repel ticks. Permethrin is for use on clothing only. You can use DEET on your skin or clothing, but follow recommendations on the label.\n    For children, use a DEET repellent containing less than 30 percent DEET, and use the product with caution. Don't use DEET on your or your children's hands or faces.\n    </li>\n<li>Wear long pants and a long-sleeved shirt. The less skin you expose, the less area a tick has to bite. For added protection, wear shirts, pants and socks with permethrin impregnated in the fabric.</li>\n<li>Tuck your shirt into your pants and your pants into your socks. By doing this, ticks will be less able to crawl onto exposed skin. However, be aware that if ticks get on your clothing, they'll climb upward until they reach exposed skin. Check your clothing often while you're outdoors.</li>\n<li>Stay on clear trails whenever possible. Ticks prefer grassy areas and may be less common on well-beaten paths.</li>\n<li>\n    Inspect your body. Do a complete visual inspection of your body. Be sure to check your head and neck because ticks will continue to climb upward until they find a suitable burrowing site. Use your hands to feel through your hair and in areas you can't see when you return from your outing or garden.\n    Ticks can be as small as a strawberry seed, and they usually attach to hidden skin. Be sure to check all the possibilities. A shower alone will rarely dislodge attached ticks from your head and body.\n    </li>\n<li>Inspect your clothes and gear. Check your clothes, backpacks and other gear when you get home to look for ticks that hitched a ride. Spinning your clothes in the dryer for about an hour will kill any ticks you missed.</li>\n<li>Don't forget your pets. Do a daily inspection for ticks on any pet that spends time outdoors.</li>\n</ul>", 
    "Risk factors": "<b>Risk factors</b>\nEhrlichiosis spreads when an infected tick, primarily the Lone Star tick, bites you and feeds on you for 24 hours or longer. The following factors may increase your risk of getting tick-borne infections:\n\n<ul>\n<li>Being outdoors in warm weather. Most cases of ehrlichiosis occur in the spring and summer months when populations of the Lone Star tick are at their peak, and people are outside more often.</li>\n<li>Living in or visiting an area with a high tick population. You are at greater risk if you are in an area with a high Lone Star tick population. In the United States, Lone Star ticks are most common in southeastern, eastern and south-central states.</li>\n<li>Being male. Ehrlichiosis infections are more common in males, possibly because of increased time outdoors for work and recreation.</li>\n</ul>", 
    "Symptoms": "If a tick carrying the bacterium that causes ehrlichiosis has been feeding on you for at least 24 hours, the following flu-like signs and symptoms may appear \u2014 usually within seven to 14 days of the bite:\n\n<ul>\n<li>Mild fever</li>\n<li>Headache</li>\n<li>Chills</li>\n<li>Muscle aches</li>\n<li>Nausea</li>\n<li>Vomiting</li>\n<li>Diarrhea</li>\n<li>Fatigue</li>\n<li>Loss of appetite</li>\n<li>Joint pain</li>\n<li>Confusion</li>\n<li>Rash</li>\n<li>Cough</li>\n</ul>\n\n\nSome people infected with ehrlichiosis may have symptoms so mild that they never seek medical attention, and the body fights off the illness on its own. But untreated ehrlichiosis with persistent symptoms can result in an illness serious enough to require hospitalization.\n\n<b>When to see a doctor</b>\nIt may take as long as 14 days after a tick bite for you to begin showing signs and symptoms of ehrlichiosis. If you get symptoms within two weeks of a tick bite, see your doctor.\n\nIf you experience any of the above symptoms soon after you've been in an area known to have ticks, see your doctor. Be sure to tell your doctor that you recently received a tick bite or visited an area with a high population of ticks.", 
    "Title": "Ehrlichiosis", 
    "Treatment": "If your doctor suspects that you have ehrlichiosis or another tick-borne illness, you'll likely receive a prescription for the antibiotic doxycycline (Doryx, Vibramycin, others). You'll generally take the antibiotic for up to 10 days. Your doctor may have you take antibiotics for a longer period if you're severely ill.\n\nIf you're pregnant, your doctor may prescribe the antibiotic rifampin (Rifadin, Rimactane) instead, because doxycycline isn't recommended during pregnancy."
}