{
    "Aliases": [], 
    "Causes": "Doctors aren't certain what causes most colon cancers.\n\nIn general, colon cancer begins when healthy cells in the colon develop changes (mutations) in their DNA. A cell's DNA contains a set of instructions that tell a cell what to do.\n\nHealthy cells grow and divide in an orderly way to keep your body functioning normally. But when a cell's DNA is damaged and becomes cancerous, cells continue to divide \u2014 even when new cells aren't needed. As the cells accumulate, they form a tumor.\n\nWith time, the cancer cells can grow to invade and destroy normal tissue nearby. And cancerous cells can travel to other parts of the body to form deposits there (metastasis).", 
    "Clinical trials": "Explore Mayo Clinic studies testing new treatments, interventions and tests as a means to prevent, detect, treat or manage this disease.", 
    "Coping and support": "A cancer diagnosis can be emotionally challenging. In time, people learn to cope in their own unique ways. Until you find what works for you, you might try to:\n\n<ul>\n<li>Learn enough about your cancer to feel comfortable making treatment decisions. Ask your doctor to tell you the type and stage of your cancer, as well as your treatment options and their side effects. The more you know, the more confident you'll be when it comes to making decisions about your own care. Look for information in your local library and on reliable websites.</li>\n<li>Keep friends and family close. Keeping your close relationships strong will help you deal with cancer. Friends and family can provide the practical support you'll need, such as helping take care of your home if you're in the hospital. And they can serve as emotional support when you feel overwhelmed.</li>\n<li>Find someone to talk with. Find a good listener who is willing to listen to you talk about your hopes and fears. This may be a friend or family member. The concern and understanding of a counselor, medical social worker, clergy member or cancer support group also may be helpful.\n    Ask your doctor about support groups in your area or contact a cancer organization, such as the National Cancer Institute or the American Cancer Society.\n    </li>\n</ul>", 
    "Diagnosis": "<b>Screening for colon cancer</b>\nDoctors recommend certain screening tests for healthy people with no signs or symptoms in order to look for signs of colon cancer or noncancerous colon polyps. Finding colon cancer at its earliest stage provides the greatest chance for a cure. Screening has been shown to reduce your risk of dying of colon cancer.\n\nDoctors generally recommend that people with an average risk of colon cancer begin screening around age 50. But people with an increased risk, such as those with a family history of colon cancer or African-American heritage, should consider screening sooner.\n\nSeveral screening options exist \u2014 each with its own benefits and drawbacks. Talk about your options with your doctor, and together you can decide which tests are appropriate for you. If a colonoscopy is used for screening, polyps can be removed during the procedure before they turn into cancer.\n\n<b>Diagnosing colon cancer</b>\nFor decades, Mayo Clinic has been a world leader in providing comprehensive, state-of-the-art care for patients with cancers of the colon and rectum.\n\nMayo Clinic Cancer Center meets strict standards for a National Cancer Institute comprehensive cancer center, which recognizes scientific excellence and a multidisciplinary approach to cancer prevention, diagnosis and treatment.\n\nMayo Clinic doctors care for more than 3,500 people with colon cancer each year.\n\nIf your signs and symptoms indicate that you could have colon cancer, your doctor may recommend one or more tests and procedures, including:\n\n<ul>\n<li>Using a scope to examine the inside of your colon (colonoscopy). Colonoscopy uses a long, flexible and slender tube attached to a video camera and monitor to view your entire colon and rectum. If any suspicious areas are found, your doctor can pass surgical tools through the tube to take tissue samples (biopsies) for analysis and remove polyps.</li>\n<li>\n    Blood tests. No blood test can tell you if you have colon cancer. But your doctor may test your blood for clues about your overall health, such as kidney and liver function tests.\n    Your doctor may also test your blood for a chemical sometimes produced by colon cancers (carcinoembryonic antigen, or CEA). Tracked over time, the level of CEA in your blood may help your doctor understand your prognosis and whether your cancer is responding to treatment.\n    </li>\n</ul>\n\n\n<b>Determining the extent of the cancer</b>\nIf you've been diagnosed with colon cancer, your doctor may recommend tests to determine the extent (stage) of your cancer. Staging helps determine what treatments are most appropriate for you.\n\nStaging tests may include imaging procedures such as abdominal, pelvic and chest CT scans. In many cases, the stage of your cancer may not be fully determined until after colon cancer surgery.\n\nThe stages of colon cancer are indicated by Roman numerals that range from 0 to IV, with the lowest stages indicating cancer that is limited to the lining of the inside of the colon. By stage IV, the cancer is considered advanced and has spread (metastasized) to other areas of the body.", 
    "Id": "syc-20353669", 
    "Overview": "Colon cancer is a type of cancer that begins in the large intestine (colon). The colon is the final part of the digestive tract.\n\nColon cancer typically affects older adults, though it can happen at any age. It usually begins as small, noncancerous (benign) clumps of cells called polyps that form on the inside of the colon. Over time some of these polyps can become colon cancers.\n\nPolyps may be small and produce few, if any, symptoms. For this reason, doctors recommend regular screening tests to help prevent colon cancer by identifying and removing polyps before they turn into cancer.\n\nIf colon cancer develops, many treatments are available to help control it, including surgery, radiation therapy and drug treatments, such as chemotherapy, targeted therapy and immunotherapy.\n\nColon cancer is sometimes called colorectal cancer, which is a term that combines colon cancer and rectal cancer, which begins in the rectum.", 
    "Preparing for your appointment": "If your doctor suspects you may have colon cancer, you'll likely be referred to specialists who treat colon cancer. You may meet with a number of specialists, including a:\n\n<ul>\n<li>Doctor who treats digestive diseases (gastroenterologist)</li>\n<li>Doctor who uses medications to treat cancer (oncologist)</li>\n<li>Doctor who removes colon cancer using surgery (surgeon)</li>\n<li>Doctor who uses radiation to treat cancer (radiation oncologist)</li>\n</ul>\n\n\nBecause appointments can be brief, and because there's often a lot of ground to cover, it's a good idea to be well-prepared. Here's some information to help you get ready, and know what to expect from your doctor.\n\n<b>What you can do</b>\n<ul>\n<li>Be aware of any pre-appointment restrictions. At the time you make the appointment, be sure to ask if there's anything you need to do in advance, such as restrict your diet.</li>\n<li>Write down any symptoms you're experiencing, including any that may seem unrelated to the reason for which you scheduled the appointment.</li>\n<li>Write down key personal information, including any major stresses or recent life changes.</li>\n<li>Make a list of all medications, vitamins or supplements that you're taking.</li>\n<li>Consider taking a family member or friend along. Sometimes it can be difficult to take in all the information provided during an appointment. Someone who accompanies you may remember something that you missed or forgot.</li>\n<li>Write down questions to ask your doctor.</li>\n</ul>\n\n\nSome basic questions to ask your doctor include:\n\n<ul>\n<li>Where is my colon cancer located in my colon?</li>\n<li>What is the stage of my colon cancer?</li>\n<li>Can you explain my pathology report to me?</li>\n<li>Can I have a copy of my pathology report?</li>\n<li>Has my colon cancer spread to other parts of my body?</li>\n<li>Will I need more tests?</li>\n<li>What are the treatment options for my colon cancer?</li>\n<li>Will any of the treatments cure my colon cancer?</li>\n<li>What is the chance that my colon cancer will be cured?</li>\n<li>How much does each treatment increase my chances that my colon cancer will be cured?</li>\n<li>What are the potential side effects of each treatment?</li>\n<li>How will each treatment affect my daily life?</li>\n<li>Is there one treatment you feel is best for me?</li>\n<li>What would you recommend to a family member or friend in my same situation?</li>\n<li>How much time can I take to make my decision about treatment?</li>\n<li>Should I seek a second opinion?</li>\n<li>Should I see a specialist? What will that cost, and will my insurance cover it?</li>\n<li>Are there any brochures or other printed material that I can take with me? What websites do you recommend?</li>\n<li>Do my siblings or my children have an increased risk of colon cancer?</li>\n</ul>\n\n\nIn addition to the questions that you've prepared to ask your doctor, don't hesitate to ask questions during your appointment.\n\n<b>What to expect from your doctor</b>\nYour doctor is likely to ask you a number of questions. Being ready to answer them may allow time to cover other points you want to address. Your doctor may ask:\n\n<ul>\n<li>When did you first begin experiencing symptoms?</li>\n<li>Have your symptoms been continuous or occasional?</li>\n<li>How severe are your symptoms?</li>\n<li>What, if anything, seems to improve your symptoms?</li>\n<li>What, if anything, appears to worsen your symptoms?</li>\n<li>Do you have a family history of colon cancer or other cancers?</li>\n</ul>\n\n\nMayo Clinic in Rochester, Minn., ranks No. 1 for digestive disorders in the U.S. News & World Report Best Hospitals rankings. Mayo Clinic in Scottsdale, Ariz., and Mayo Clinic in Jacksonville, Fla., are ranked among the Best Hospitals for digestive disorders by U.S. News & World Report.", 
    "Prevention": "<b>Screening colon cancer</b>\nDoctors recommend that people with an average risk of colon cancer consider colon cancer screening around age 50. But people with an increased risk, such as those with a family history of colon cancer, should consider screening sooner.\n\nSeveral screening options exist \u2014 each with its own benefits and drawbacks. Talk about your options with your doctor, and together you can decide which tests are appropriate for you.\n\n<b>Lifestyle changes to reduce your risk of colon cancer</b>\nYou can take steps to reduce your risk of colon cancer by making changes in your everyday life. Take steps to:\n\n<ul>\n<li>Eat a variety of fruits, vegetables and whole grains. Fruits, vegetables and whole grains contain vitamins, minerals, fiber and antioxidants, which may play a role in cancer prevention. Choose a variety of fruits and vegetables so that you get an array of vitamins and nutrients.</li>\n<li>Drink alcohol in moderation, if at all. If you choose to drink alcohol, limit the amount of alcohol you drink to no more than one drink a day for women and two for men.</li>\n<li>Stop smoking. Talk to your doctor about ways to quit that may work for you.</li>\n<li>Exercise most days of the week. Try to get at least 30 minutes of exercise on most days. If you've been inactive, start slowly and build up gradually to 30 minutes. Also, talk to your doctor before starting any exercise program.</li>\n<li>Maintain a healthy weight. If you are at a healthy weight, work to maintain your weight by combining a healthy diet with daily exercise. If you need to lose weight, ask your doctor about healthy ways to achieve your goal. Aim to lose weight slowly by increasing the amount of exercise you get and reducing the number of calories you eat.</li>\n</ul>\n\n\n<b>Colon cancer prevention for people with a high risk</b>\nSome medications have been found to reduce the risk of precancerous polyps or colon cancer. For instance, some evidence links a reduced risk of polyps and colon cancer to regular use of aspirin or aspirin-like drugs. But it's not clear what dose and what length of time would be needed to reduce the risk of colon cancer. Taking aspirin daily has some risks, including gastrointestinal bleeding and ulcers.\n\nThese options are generally reserved for people with a high risk of colon cancer. There isn't enough evidence to recommend these medications to people who have an average risk of colon cancer.\n\nIf you have an increased risk of colon cancer, discuss your risk factors with your doctor to determine whether preventive medications are safe for you.", 
    "Risk factors": "Factors that may increase your risk of colon cancer include:\n\n<ul>\n<li>Older age. Colon cancer can be diagnosed at any age, but a majority of people with colon cancer are older than 50. The rates of colon cancer in people younger than 50 have been increasing, but doctors aren't sure why.</li>\n<li>African-American race. African-Americans have a greater risk of colon cancer than do people of other races.</li>\n<li>A personal history of colorectal cancer or polyps. If you've already had colon cancer or noncancerous colon polyps, you have a greater risk of colon cancer in the future.</li>\n<li>Inflammatory intestinal conditions. Chronic inflammatory diseases of the colon, such as ulcerative colitis and Crohn's disease, can increase your risk of colon cancer.</li>\n<li>Inherited syndromes that increase colon cancer risk. Some gene mutations passed through generations of your family can increase your risk of colon cancer significantly. Only a small percentage of colon cancers are linked to inherited genes. The most common inherited syndromes that increase colon cancer risk are familial adenomatous polyposis (FAP) and Lynch syndrome, which is also known as hereditary nonpolyposis colorectal cancer (HNPCC).</li>\n<li>Family history of colon cancer. You're more likely to develop colon cancer if you have a blood relative who has had the disease. If more than one family member has colon cancer or rectal cancer, your risk is even greater.</li>\n<li>Low-fiber, high-fat diet. Colon cancer and rectal cancer may be associated with a typical Western diet, which is low in fiber and high in fat and calories. Research in this area has had mixed results. Some studies have found an increased risk of colon cancer in people who eat diets high in red meat and processed meat.</li>\n<li>A sedentary lifestyle. People who are inactive are more likely to develop colon cancer. Getting regular physical activity may reduce your risk of colon cancer.</li>\n<li>Diabetes. People with diabetes or insulin resistance have an increased risk of colon cancer.</li>\n<li>Obesity. People who are obese have an increased risk of colon cancer and an increased risk of dying of colon cancer when compared with people considered normal weight.</li>\n<li>Smoking. People who smoke may have an increased risk of colon cancer.</li>\n<li>Alcohol. Heavy use of alcohol increases your risk of colon cancer.</li>\n<li>Radiation therapy for cancer. Radiation therapy directed at the abdomen to treat previous cancers increases the risk of colon cancer.</li>\n</ul>", 
    "Symptoms": "Signs and symptoms of colon cancer include:\n\n<ul>\n<li>A persistent change in your bowel habits, including diarrhea or constipation or a change in the consistency of your stool</li>\n<li>Rectal bleeding or blood in your stool</li>\n<li>Persistent abdominal discomfort, such as cramps, gas or pain</li>\n<li>A feeling that your bowel doesn't empty completely</li>\n<li>Weakness or fatigue</li>\n<li>Unexplained weight loss</li>\n</ul>\n\n\nMany people with colon cancer experience no symptoms in the early stages of the disease. When symptoms appear, they'll likely vary, depending on the cancer's size and location in your large intestine.\n\n<b>When to see a doctor</b>\nIf you notice any persistent symptoms that worry you, make an appointment with your doctor.\n\nTalk with your doctor about when to begin colon cancer screening. Guidelines generally recommend that colon cancer screenings begin around 50. Your doctor may recommend more frequent or earlier screening if you have other risk factors, such as a family history of the disease.", 
    "Title": "Colon cancer", 
    "Treatment": "Which treatments are most likely to help you depends on your particular situation, including the location of your cancer, its stage and your other health concerns. Treatment for colon cancer usually involves surgery to remove the cancer. Other treatments, such as radiation therapy and chemotherapy, might also be recommended.\n\nAt Mayo Clinic, a multidisciplinary team of gastroenterologists, colon and rectal surgeons, oncologists, radiation oncologists, radiologists, and pathologists collaborate to treat colon cancer. Other specialists such as those trained in medical genetics, general surgery, gynecologic surgery or urologic surgery, are included as needed.\n\nMembers of your care team spend time getting to know you, so they understand what's important to you. The result is a treatment plan that puts you \u2014 a unique individual \u2014 at the center of all the care you receive.\n\nYour personal physician at Mayo Clinic will work with you to review your treatment options and choose the treatment that best suits your needs and goals. The range of treatments offered to people with colon and rectal cancer includes chemotherapy, immunotherapy, radiation, targeted therapy and a variety of operations, including minimally invasive surgery and robotic surgery.\n\nThe colon and rectal surgeons at Mayo Clinic draw on decades of cumulative experience treating colon cancer in a high-volume practice. They specialize in removal (resection) of complex tumors affecting multiple organs and structures in the abdomen and pelvis.\n\n<b>Surgery for early-stage colon cancer</b>\nIf your colon cancer is very small, your doctor may recommend a minimally invasive approach to surgery, such as:\n\n<ul>\n<li>Removing polyps during a colonoscopy (polypectomy). If your cancer is small, localized, completely contained within a polyp and in a very early stage, your doctor may be able to remove it completely during a colonoscopy.</li>\n<li>Endoscopic mucosal resection. Larger polyps might be removed during colonoscopy using special tools to remove the polyp and a small amount of the inner lining of the colon in a procedure called an endoscopic mucosal resection.</li>\n<li>Minimally invasive surgery (laparoscopic surgery). Polyps that can't be removed during a colonoscopy may be removed using laparoscopic surgery. In this procedure, your surgeon performs the operation through several small incisions in your abdominal wall, inserting instruments with attached cameras that display your colon on a video monitor. The surgeon may also take samples from lymph nodes in the area where the cancer is located.</li>\n</ul>\n\n\n<b>Surgery for more advanced colon cancer</b>\nIf the cancer has grown into or through your colon, your surgeon may recommend:\n\n<ul>\n<li>Partial colectomy. During this procedure, the surgeon removes the part of your colon that contains the cancer, along with a margin of normal tissue on either side of the cancer. Your surgeon is often able to reconnect the healthy portions of your colon or rectum. This procedure can commonly be done by a minimally invasive approach (laparoscopy).</li>\n<li>\n    Surgery to create a way for waste to leave your body. When it's not possible to reconnect the healthy portions of your colon or rectum, you may need an ostomy. This involves creating an opening in the wall of your abdomen from a portion of the remaining bowel for the elimination of stool into a bag that fits securely over the opening.\n    Sometimes the ostomy is only temporary, allowing your colon or rectum time to heal after surgery. In some cases, however, the colostomy may be permanent.\n    </li>\n<li>Lymph node removal. Nearby lymph nodes are usually also removed during colon cancer surgery and tested for cancer.</li>\n</ul>\n\n\n<b>Surgery for advanced cancer</b>\nIf your cancer is very advanced or your overall health very poor, your surgeon may recommend an operation to relieve a blockage of your colon or other conditions in order to improve your symptoms. This surgery isn't done to cure cancer, but instead to relieve signs and symptoms, such as a blockage, bleeding or pain.\n\nIn specific cases where the cancer has spread only to the liver or lung but your overall health is otherwise good, your doctor may recommend surgery or other localized treatments to remove the cancer. Chemotherapy may be used before or after this type of procedure. This approach provides a chance to be free of cancer over the long term.\n\n<b>Chemotherapy</b>\nChemotherapy uses drugs to destroy cancer cells. Chemotherapy for colon cancer is usually given after surgery if the cancer is larger or has spread to the lymph nodes. In this way, chemotherapy may kill any cancer cells that remain in the body and help reduce the risk of cancer recurrence.\n\nChemotherapy might also be used before an operation to shrink a large cancer so that it's easier to remove with surgery.\n\nChemotherapy can also be used to relieve symptoms of colon cancer that can't be removed with surgery or that has spread to other areas of the body. Sometimes it's combined with radiation therapy.\n\n<b>Radiation therapy</b>\nRadiation therapy uses powerful energy sources, such as X-rays and protons, to kill cancer cells. It might be used to shrink a large cancer before an operation so that it can be removed more easily.\n\nWhen surgery isn't an option, radiation therapy might be used to relieve symptoms, such as pain. Sometimes radiation is combined with chemotherapy.\n\n<b>Targeted drug therapy</b>\nTargeted drug treatments focus on specific abnormalities present within cancer cells. By blocking these abnormalities, targeted drug treatments can cause cancer cells to die.\n\nTargeted drugs are usually combined with chemotherapy. Targeted drugs are typically reserved for people with advanced colon cancer.\n\n<b>Immunotherapy</b>\nImmunotherapy is a drug treatment that uses your immune system to fight cancer. Your body's disease-fighting immune system may not attack your cancer because the cancer cells produce proteins that blind the immune system cells from recognizing the cancer cells. Immunotherapy works by interfering with that process.\n\nImmunotherapy is usually reserved for advanced colon cancer. Your doctor might have your cancer cells tested to see if they're likely to respond to this treatment.\n\n<b>Proton beam therapy</b>\nOne of the newest radiation therapies available at Mayo Clinic in the Arizona and Minnesota locations, proton beam therapy can benefit children, young adults, and those with cancers located close to critical organs and body structures. Mayo Clinic's Proton Beam Therapy Program features intensity-modulated proton beam therapy with pencil beam scanning allowing Mayo radiation oncologists to destroy cancer while sparing healthy tissue.\n\n<b>Supportive (palliative) care</b>\nPalliative care is specialized medical care that focuses on providing relief from pain and other symptoms of a serious illness. Palliative care is provided by a team of doctors, nurses and other specially trained professionals that work with you, your family and your other doctors to provide an extra layer of support that complements your ongoing care.\n\nPalliative care teams aim to improve the quality of life for people with cancer and their families. This form of care is offered alongside curative or other treatments you may be receiving.\n\nWhen palliative care is used along with all of the other appropriate treatments, people with cancer may feel better and live longer."
}