{
    "Aliases": [], 
    "Causes": "It's not clear what causes Hirschsprung's disease. It sometimes occurs in families and might, in some cases, be associated with a genetic mutation.\n\nHirschsprung's disease occurs when nerve cells in the colon don't form completely. Nerves in the colon control the muscle contractions that move food through the bowels. Without the contractions, stool stays in the large intestine.", 
    "Complications": "Children who have Hirschsprung's disease are prone to a serious intestinal infection called enterocolitis. Enterocolitis can be life-threatening and requires immediate treatment.", 
    "Diagnosis": "Your child's doctor will perform an exam and ask questions about your child's bowel movements. He or she might recommend one or more of the following tests to diagnose or rule out Hirschsprung's disease:\n\n<ul>\n<li>\n    Abdominal X-ray using a contrast dye. Barium or another contrast dye is placed into the bowel through a special tube inserted in the rectum. The barium fills and coats the lining of the bowel, creating a clear silhouette of the colon and rectum.\n    The X-ray will often show a clear contrast between the narrow section of bowel without nerves and the normal but often swollen section of bowel behind it.\n    </li>\n<li>Measuring control of the muscles around the rectum (anal manometry). A manometry test is typically done on older children and adults. The doctor inflates a balloon inside the rectum. The surrounding muscle should relax as a result. If it doesn't, Hirschsprung's disease could be the cause.</li>\n<li>Removing a sample of colon tissue for testing (biopsy). This is the surest way to identify Hirschsprung's disease. A biopsy sample can be collected using a suction device, then examined under a microscope to determine whether nerve cells are missing.</li>\n</ul>", 
    "Id": "syc-20351556", 
    "Lifestyle and home remedies": "If your child has constipation after surgery for Hirschsprung's disease, discuss with your doctor whether to try any of the following:\n\n<ul>\n<li>\n    Serve high-fiber foods. If your child eats solid foods, include high-fiber foods. Offer whole grains, fruits and vegetables and limit white bread and other low-fiber foods. Because a sudden increase in high-fiber foods can worsen constipation at first, add high-fiber foods to your child's diet slowly.\n    If your child isn't eating solid foods yet, ask the doctor about formulas that might help relieve constipation. Some infants might need a feeding tube for a while.\n    </li>\n<li>Increase fluids. Encourage your child to drink more water. If a portion or all of your child's colon was removed, your child may have trouble absorbing enough water. Drinking more water can help your child stay hydrated, which may help ease constipation.</li>\n<li>Encourage physical activity. Daily aerobic activity helps promote regular bowel movements.</li>\n<li>Laxatives (only as directed by your child's doctor). If your child doesn't respond to or can't tolerate increased fiber, water or physical activity, certain laxatives \u2014 medications to encourage bowel movements \u2014 might help relieve constipation. Ask the doctor whether you should give your child laxatives, how often you should do so, and about the risks and benefits.</li>\n</ul>", 
    "Overview": "Hirschsprung's (HIRSH-sproongz) disease is a condition that affects the large intestine (colon) and causes problems with passing stool. The condition is present at birth (congenital) as a result of missing nerve cells in the muscles of the baby's colon.\n\nA newborn who has Hirschsprung's disease usually can't have a bowel movement in the days after birth. In mild cases, the condition might not be detected until later in childhood. Uncommonly, Hirschsprung's disease is first diagnosed in adults.\n\nSurgery to bypass or remove the diseased part of the colon is the treatment.", 
    "Preparing for your appointment": "Hirschsprung's disease is often diagnosed in the hospital shortly after birth, or signs of the disease show up later. If your child has signs or symptoms that worry you, particularly constipation and a swollen abdomen, talk to your doctor.\n\nYou might be referred to a digestive disorders specialist (gastroenterologist) or to the emergency department if your child's symptoms are severe.\n\nHere's some information to help you get ready for your appointment.\n\n<b>What you can do</b>\nWhen you make the appointment, ask if there's anything your child needs to do in advance, such as fasting for a specific test. Make a list of:\n\n<ul>\n<li>Your child's signs or symptoms, including details about bowel movements \u2014 frequency, consistency, color and associated pain</li>\n<li>Your child's key medical information, including other conditions he or she has and family medical history</li>\n<li>All medications, vitamins or supplements your child is taking and how much water he or she drinks in a typical day</li>\n<li>Questions to ask your child's doctor</li>\n</ul>\n\n\nTake a family member or friend along, if possible, to help you remember the information you're given.\n\nFor Hirschsprung's disease, basic questions to ask your doctor include:\n\n<ul>\n<li>What is likely causing my child's symptoms?</li>\n<li>What are other possible causes?</li>\n<li>What tests does my child need?</li>\n<li>What's the best course of action?</li>\n<li>If you recommend surgery, what should I expect from my child's recovery?</li>\n<li>What are the risks of surgery?</li>\n<li>What's my child's long-term prognosis after surgery?</li>\n<li>Will my child need to follow a special diet?</li>\n<li>Are there any brochures or other printed materials I can have? What websites do you recommend?</li>\n</ul>\n\n\nDon't hesitate to ask other questions.\n\n<b>What to expect from the doctor</b>\nYour child's doctor is likely to ask you questions, including:\n\n<ul>\n<li>When did your child's symptoms begin?</li>\n<li>Have the symptoms worsened?</li>\n<li>How often does your child have a bowel movement?</li>\n<li>Are your child's bowel movements painful?</li>\n<li>Are your child's stools loose? Do they contain blood?</li>\n<li>Has your child been vomiting?</li>\n<li>Does your child tire easily?</li>\n<li>What, if anything, seems to improve your child's symptoms?</li>\n<li>What, if anything, appears to worsen your child's symptoms?</li>\n</ul>", 
    "Risk factors": "Factors that may increase the risk of Hirschsprung's disease include:\n\n<ul>\n<li>Having a sibling who has Hirschsprung's disease. Hirschsprung's disease can be inherited. If you have one child who has the condition, future biological children could be at risk.</li>\n<li>Being male. Hirschsprung's disease is more common in males.</li>\n<li>Having other inherited conditions. Hirschsprung's disease is associated with certain inherited conditions, such as Down syndrome and other abnormalities present at birth, such as congenital heart disease.</li>\n</ul>", 
    "Symptoms": "Signs and symptoms of Hirschsprung's disease vary with the severity of the condition. Usually signs and symptoms appear shortly after birth, but sometimes they're not apparent until later in life.\n\nTypically, the most obvious sign is a newborn's failure to have a bowel movement within 48 hours after birth.\n\nOther signs and symptoms in newborns may include:\n\n<ul>\n<li>Swollen belly</li>\n<li>Vomiting, including vomiting a green or brown substance</li>\n<li>Constipation or gas, which might make a newborn fussy</li>\n<li>Diarrhea</li>\n</ul>\n\n\nIn older children, signs and symptoms can include:\n\n<ul>\n<li>Swollen belly</li>\n<li>Chronic constipation</li>\n<li>Gas</li>\n<li>Failure to thrive</li>\n<li>Fatigue</li>\n</ul>", 
    "The Mayo Clinic experience and patient stories": "Our patients tell us that the quality of their interactions, our attention to detail and the efficiency of their visits mean health care like they've never experienced. See the stories of satisfied Mayo Clinic patients.", 
    "Title": "Hirschsprung's disease", 
    "Treatment": "For most people, Hirschsprung's disease is treated with surgery to bypass the part of the colon that's lacking nerve cells. There are two ways this can be done: a pull-through surgery or an ostomy surgery.\n\n<b>Pull-through surgery</b>\nIn this procedure, the lining of the diseased part of the colon is stripped away. Then, the normal section is pulled through the colon from the inside and attached to the anus. This is usually done using minimally invasive (laparoscopic) methods, operating through the anus.\n\n<b>Ostomy surgery</b>\nIn children who are very ill, surgery might be done in two steps.\n\nFirst, the abnormal portion of the colon is removed and the top, healthy portion of the colon is connected to an opening the surgeon creates in the child's abdomen. Stool then leaves the body through the opening into a bag that attaches to the end of the intestine that protrudes through the hole in the abdomen (stoma). This allows time for the lower part of the colon to heal.\n\nOnce the colon has had time to heal, a second procedure is done to close the stoma and connect the healthy portion of the intestine to the rectum or anus.\n\n<b>Results of surgery</b>\nAfter surgery, most children are able to pass stool through the anus.\n\nPossible complications that may improve with time include:\n\n<ul>\n<li>Diarrhea</li>\n<li>Constipation</li>\n<li>Leaking stool (fecal incontinence)</li>\n<li>Delays in toilet training</li>\n</ul>\n\n\nChildren also continue to be at risk of developing a bowel infection (enterocolitis) after surgery, especially in the first year. Call the doctor immediately if any of the signs and symptoms of enterocolitis occur, such as:\n\n<ul>\n<li>Bleeding from the rectum</li>\n<li>Diarrhea</li>\n<li>Fever</li>\n<li>Swollen abdomen</li>\n<li>Vomiting</li>\n</ul>"
}