{
    "Aliases": [
        "heavy menstrual bleeding"
    ], 
    "Causes": "In some cases, the cause of heavy menstrual bleeding is unknown, but a number of conditions may cause menorrhagia. Common causes include:\n\n<ul>\n<li>Hormone imbalance. In a normal menstrual cycle, a balance between the hormones estrogen and progesterone regulates the buildup of the lining of the uterus (endometrium), which is shed during menstruation. If a hormone imbalance occurs, the endometrium develops in excess and eventually sheds by way of heavy menstrual bleeding.\n\nA number of conditions can cause hormone imbalances, including polycystic ovary syndrome (PCOS), obesity, insulin resistance and thyroid problems.</li>\n<li>Dysfunction of the ovaries. If your ovaries don't release an egg (ovulate) during a menstrual cycle (anovulation), your body doesn't produce the hormone progesterone, as it would during a normal menstrual cycle. This leads to hormone imbalance and may result in menorrhagia.</li>\n<li>Uterine fibroids. These noncancerous (benign) tumors of the uterus appear during your childbearing years. Uterine fibroids may cause heavier than normal or prolonged menstrual bleeding.</li>\n<li>Polyps. Small, benign growths on the lining of the uterus (uterine polyps) may cause heavy or prolonged menstrual bleeding.</li>\n<li>Adenomyosis. This condition occurs when glands from the endometrium become embedded in the uterine muscle, often causing heavy bleeding and painful periods.</li>\n<li>Intrauterine device (IUD). Menorrhagia is a well-known side effect of using a nonhormonal intrauterine device for birth control. Your doctor will help you plan for alternative management options.</li>\n<li>Pregnancy complications. A single, heavy, late period may be due to a miscarriage. Another cause of heavy bleeding during pregnancy includes an unusual location of the placenta, such as a low-lying placenta or placenta previa.</li>\n<li>Cancer. Uterine cancer and cervical cancer can cause excessive menstrual bleeding, especially if you are postmenopausal or have had an abnormal Pap test in the past.</li>\n<li>Inherited bleeding disorders. Some bleeding disorders \u2014 such as von Willebrand's disease, a condition in which an important blood-clotting factor is deficient or impaired \u2014 can cause abnormal menstrual bleeding.</li>\n<li>Medications. Certain medications, including anti-inflammatory medications, hormonal medications such as estrogen and progestins, and anticoagulants such as warfarin (Coumadin, Jantoven) or enoxaparin (Lovenox), can contribute to heavy or prolonged menstrual bleeding.</li>\n<li>Other medical conditions. A number of other medical conditions, including liver or kidney disease, may be associated with menorrhagia.</li>\n</ul>", 
    "Clinical trials": "Explore Mayo Clinic studies testing new treatments, interventions and tests as a means to prevent, detect, treat or manage this disease.", 
    "Complications": "Excessive or prolonged menstrual bleeding can lead to other medical conditions, including:\n\n<ul>\n<li>Anemia. Menorrhagia can cause blood loss anemia by reducing the number of circulating red blood cells. The number of circulating red blood cells is measured by hemoglobin, a protein that enables red blood cells to carry oxygen to tissues.\n\nIron deficiency anemia occurs as your body attempts to make up for the lost red blood cells by using your iron stores to make more hemoglobin, which can then carry oxygen on red blood cells. Menorrhagia may decrease iron levels enough to increase the risk of iron deficiency anemia.\n\nSigns and symptoms include pale skin, weakness and fatigue. Although diet plays a role in iron deficiency anemia, the problem is complicated by heavy menstrual periods.</li>\n<li>Severe pain. Along with heavy menstrual bleeding, you might have painful menstrual cramps (dysmenorrhea). Sometimes the cramps associated with menorrhagia are severe enough to require medical evaluation.</li>\n</ul>", 
    "Diagnosis": "Your doctor will most likely ask about your medical history and menstrual cycles. You may be asked to keep a diary of bleeding and nonbleeding days, including notes on how heavy your flow was and how much sanitary protection you needed to control it.\n\nYour doctor will do a physical exam and may recommend one or more tests or procedures such as:\n\n<ul>\n<li>Blood tests. A sample of your blood may be evaluated for iron deficiency (anemia) and other conditions, such as thyroid disorders or blood-clotting abnormalities.</li>\n<li>Pap test. In this test, cells from your cervix are collected and tested for infection, inflammation or changes that may be cancerous or may lead to cancer.</li>\n<li>Endometrial biopsy. Your doctor may take a sample of tissue from the inside of your uterus to be examined by a pathologist.</li>\n<li>Ultrasound. This imaging method uses sound waves to produce images of your uterus, ovaries and pelvis.</li>\n</ul>\n\n\nBased on the results of your initial tests, your doctor may recommend further testing, including:\n\n<ul>\n<li>Sonohysterography. During this test, a fluid is injected through a tube into your uterus by way of your vagina and cervix. Your doctor then uses ultrasound to look for problems in the lining of your uterus.</li>\n<li>Hysteroscopy. This exam involves inserting a thin, lighted instrument through your vagina and cervix into your uterus, which allows your doctor to see the inside of your uterus.</li>\n</ul>\n\n\nDoctors can be certain of a diagnosis of menorrhagia only after ruling out other menstrual disorders, medical conditions or medications as possible causes or aggravations of this condition.", 
    "Id": "syc-20352829", 
    "Overview": "Menorrhagia is the medical term for menstrual periods with abnormally heavy or prolonged bleeding. Although heavy menstrual bleeding is a common concern, most women don't experience blood loss severe enough to be defined as menorrhagia.\n\nWith menorrhagia, you can't maintain your usual activities when you have your period because you have so much blood loss and cramping. If you dread your period because you have such heavy menstrual bleeding, talk with your doctor. There are many effective treatments for menorrhagia.", 
    "Preparing for your appointment": "If your periods are so heavy that they limit your lifestyle, make an appointment with your doctor or other health care provider.\n\nHere's some information to help you prepare for your appointment and what to expect from your provider.\n\n<b>What you can do</b>\nTo prepare for your appointment:\n\n<ul>\n<li>Ask if there are any pre-appointment instructions. Your doctor may ask you to track your menstrual cycles on a calendar, noting how long they last and how heavy the bleeding is.</li>\n<li>Write down any symptoms you're experiencing, and for how long. In addition to the frequency and volume of your periods, tell your doctor about other symptoms that typically occur around the time of your period, such as breast tenderness, menstrual cramps or pelvic pain.</li>\n<li>Write down key personal information, including any recent changes or stressors in your life. These factors can affect your menstrual cycle.</li>\n<li>Make a list of your key medical information, including other conditions for which you're being treated and the names of medications, vitamins or supplements you're taking.</li>\n<li>Write down questions to ask your doctor, to help make the most of your time together.</li>\n</ul>\n\n\nFor menorrhagia, some basic questions to ask your doctor include:\n\n<ul>\n<li>Are my periods abnormally heavy?</li>\n<li>Do I need any tests?</li>\n<li>What treatment approach do you recommend?</li>\n<li>Are there any side effects associated with these treatments?</li>\n<li>Will any of these treatments affect my ability to become pregnant?</li>\n<li>Are there any lifestyle changes I can make to help manage my symptoms?</li>\n<li>Could my symptoms change over time?</li>\n</ul>\n\n\nDon't hesitate to ask any other questions that occur to you during your appointment.\n\n<b>What to expect from your doctor</b>\nYour doctor is likely to ask you a number of questions, such as:\n\n<ul>\n<li>When did your last period start?</li>\n<li>At what age did you begin menstruating?</li>\n<li>How have your periods changed over time?</li>\n<li>Do you have breast tenderness or pelvic pain during your menstrual cycle?</li>\n<li>How long do your periods last?</li>\n<li>How frequently do you need to change your tampon or pad when you're menstruating?</li>\n<li>Do you have severe cramping during your period?</li>\n<li>Has your body weight recently changed?</li>\n<li>Are you sexually active?</li>\n<li>What type of birth control are you using?</li>\n<li>Do you have a family history of bleeding disorders?</li>\n<li>Do your symptoms limit your ability to function? For example, have you ever had to miss school or work because of your period?</li>\n<li>Are you currently being treated or have you recently been treated for any other medical conditions?</li>\n</ul>\n\n\n<b>What you can do in the meantime</b>\nWhile you wait for your appointment, check with your family members to find out if any relatives have been diagnosed with bleeding disorders. In addition, start jotting down notes about how often and how much you bleed over the course of each month. To track the volume of bleeding, count how many tampons or pads you saturate during an average menstrual period.", 
    "Risk factors": "Risk factors vary with age and whether you have other medical conditions that may explain your menorrhagia. In a normal cycle, the release of an egg from the ovaries stimulates the body's production of progesterone, the female hormone most responsible for keeping periods regular. When no egg is released, insufficient progesterone can cause heavy menstrual bleeding.\n\nMenorrhagia in adolescent girls is typically due to anovulation. Adolescent girls are especially prone to anovulatory cycles in the first year after their first menstrual period (menarche).\n\nMenorrhagia in older reproductive-age women is typically due to uterine pathology, including fibroids, polyps and adenomyosis. However, other problems, such as uterine cancer, bleeding disorders, medication side effects and liver or kidney disease must be ruled out.", 
    "Symptoms": "Signs and symptoms of menorrhagia may include:\n\n<ul>\n<li>Soaking through one or more sanitary pads or tampons every hour for several consecutive hours</li>\n<li>Needing to use double sanitary protection to control your menstrual flow</li>\n<li>Needing to wake up to change sanitary protection during the night</li>\n<li>Bleeding for longer than a week</li>\n<li>Passing blood clots larger than a quarter</li>\n<li>Restricting daily activities due to heavy menstrual flow</li>\n<li>Symptoms of anemia, such as tiredness, fatigue or shortness of breath</li>\n</ul>\n\n\n<b>When to see a doctor</b>\nSeek medical help before your next scheduled exam if you experience:\n\n<ul>\n<li>Vaginal bleeding so heavy it soaks at least one pad or tampon an hour for more than two hours</li>\n<li>Bleeding between periods or irregular vaginal bleeding</li>\n<li>Any vaginal bleeding after menopause</li>\n</ul>", 
    "Title": "Menorrhagia", 
    "Treatment": "Specific treatment for menorrhagia is based on a number of factors, including:\n\n<ul>\n<li>Your overall health and medical history</li>\n<li>The cause and severity of the condition</li>\n<li>Your tolerance for specific medications, procedures or therapies</li>\n<li>The likelihood that your periods will become less heavy soon</li>\n<li>Your future childbearing plans</li>\n<li>Effects of the condition on your lifestyle</li>\n<li>Your opinion or personal preference</li>\n</ul>\n\n\n<b>Medications</b>\nMedical therapy for menorrhagia may include:\n\n<ul>\n<li>Nonsteroidal anti-inflammatory drugs (NSAIDs). NSAIDs, such as ibuprofen (Advil, Motrin IB, others) or naproxen sodium (Aleve), help reduce menstrual blood loss. NSAIDs have the added benefit of relieving painful menstrual cramps (dysmenorrhea).</li>\n<li>Tranexamic acid. Tranexamic acid (Lysteda) helps reduce menstrual blood loss and only needs to be taken at the time of the bleeding.</li>\n<li>Oral contraceptives. Aside from providing birth control, oral contraceptives can help regulate menstrual cycles and reduce episodes of excessive or prolonged menstrual bleeding.</li>\n<li>Oral progesterone. The hormone progesterone can help correct hormone imbalance and reduce menorrhagia.</li>\n<li>Hormonal IUD (Liletta, Mirena). This intrauterine device releases a type of progestin called levonorgestrel, which makes the uterine lining thin and decreases menstrual blood flow and cramping.</li>\n</ul>\n\n\nIf you have menorrhagia from taking hormone medication, you and your doctor may be able to treat the condition by changing or stopping your medication.\n\nIf you also have anemia due to your menorrhagia, your doctor may recommend that you take iron supplements regularly. If your iron levels are low but you're not yet anemic, you may be started on iron supplements rather than waiting until you become anemic.\n\n<b>Procedures</b>\nYou may need surgical treatment for menorrhagia if medical therapy is unsuccessful. Treatment options include:\n\n<ul>\n<li>Dilation and curettage (D&C). In this procedure, your doctor opens (dilates) your cervix and then scrapes or suctions tissue from the lining of your uterus to reduce menstrual bleeding. Although this procedure is common and often treats acute or active bleeding successfully, you may need additional D&C procedures if menorrhagia recurs.</li>\n<li>Uterine artery embolization. For women whose menorrhagia is caused by fibroids, the goal of this procedure is to shrink any fibroids in the uterus by blocking the uterine arteries and cutting off their blood supply. During uterine artery embolization, the surgeon passes a catheter through the large artery in the thigh (femoral artery) and guides it to your uterine arteries, where the blood vessel is injected with materials that decrease blood flow to the fibroid.</li>\n<li>Focused ultrasound surgery. Similar to uterine artery embolization, focused ultrasound surgery treats bleeding caused by fibroids by shrinking the fibroids. This procedure uses ultrasound waves to destroy the fibroid tissue. There are no incisions required for this procedure.</li>\n<li>Myomectomy. This procedure involves surgical removal of uterine fibroids. Depending on the size, number and location of the fibroids, your surgeon may choose to perform the myomectomy using open abdominal surgery, through several small incisions (laparoscopically), or through the vagina and cervix (hysteroscopically).</li>\n<li>Endometrial ablation. This procedure involves destroying (ablating) the lining of your uterus (endometrium). The procedure uses a laser, radiofrequency or heat applied to the endometrium to destroy the tissue.\n\nAfter endometrial ablation, most women have much lighter periods. Pregnancy after endometrial ablation has many associated complications. If you have endometrial ablation, the use of reliable or permanent contraception until menopause is recommended.</li>\n<li>Endometrial resection. This surgical procedure uses an electrosurgical wire loop to remove the lining of the uterus. Both endometrial ablation and endometrial resection benefit women who have very heavy menstrual bleeding. Pregnancy isn't recommended after this procedure.</li>\n<li>Hysterectomy. Hysterectomy \u2014 surgery to remove your uterus and cervix \u2014 is a permanent procedure that causes sterility and ends menstrual periods. Hysterectomy is performed under anesthesia and requires hospitalization. Additional removal of the ovaries (bilateral oophorectomy) may cause premature menopause.</li>\n</ul>\n\n\nMany of these surgical procedures are done on an outpatient basis. Although you may need a general anesthetic, it's likely that you can go home later on the same day. An abdominal myomectomy or a hysterectomy usually requires a hospital stay.\n\nWhen menorrhagia is a sign of another condition, such as thyroid disease, treating that condition usually results in lighter periods."
}