{
    "Aliases": [], 
    "Alternative medicine": "No alternative medicine therapies have been proved to treat eosinophilic esophagitis. Still, some complementary and alternative therapies may provide some relief from heartburn or reflux symptoms when combined with your doctor's care. Talk to your doctor about what alternative treatments may be safe for you. Options may include:\n\n<ul>\n<li>Herbal remedies. Herbal remedies sometimes used for heartburn or reflux symptoms include licorice, slippery elm, chamomile, marshmallow and others. Herbal remedies can have serious side effects, and they may interfere with medications. Ask your doctor about a safe dosage before beginning any herbal remedy.</li>\n<li>Relaxation therapies. Techniques to calm stress and anxiety may reduce signs and symptoms of heartburn or reflux. Ask your doctor about relaxation techniques, such as progressive muscle relaxation or guided imagery.</li>\n<li>Acupuncture. Acupuncture involves inserting thin needles into specific points on your body. Limited evidence suggests it may help people with regurgitation and heartburn, but major studies have not proved a benefit. Ask your doctor whether acupuncture is safe for you.</li>\n</ul>", 
    "Causes": "Eosinophils are a normal type of white blood cells present in your digestive tract. However, in eosinophilic esophagitis, you have an allergic reaction to an outside substance. The reaction may occur as follows:\n\n<ul>\n<li>Reaction of the esophagus. The lining of your esophagus reacts to allergens, such as food or pollen.</li>\n<li>Multiplication of eosinophils. The eosinophils multiply in your esophagus and produce a protein that causes inflammation.</li>\n<li>Damage to esophagus. Inflammation can lead to scarring, narrowing and formation of excessive fibrous tissue in the lining of your esophagus.</li>\n<li>Dysphagia and impaction. You may have difficulty swallowing (dysphagia) or have food become stuck when you swallow (impaction).</li>\n<li>Additional symptoms. You may have other symptoms, such as chest pain or stomach pain.</li>\n</ul>\n\n\nThere has been a significant increase in numbers of people diagnosed with eosinophilic esophagitis in the past decade. At first, researchers thought this was due to an increase in awareness among doctors and greater availability of tests. However, studies now suggest the disease is becoming increasingly common, parallel to the increase in asthma and allergy.", 
    "Clinical trials": "Explore Mayo Clinic studies testing new treatments, interventions and tests as a means to prevent, detect, treat or manage this disease.", 
    "Complications": "In some people, eosinophilic esophagitis can lead to the following:\n\n<ul>\n<li>Scarring and narrowing of the esophagus. This makes it difficult to swallow and more likely that you will have food get stuck.</li>\n<li>Damage to the esophagus. Because of inflammation of the esophagus, endoscopy can cause perforation or tears in the tissue that lines the esophagus. Tearing can also occur in connection with retching that some people experience when they get food stuck in the esophagus.</li>\n</ul>", 
    "Diagnosis": "Your doctor will consider both your symptoms and test results to diagnose eosinophilic esophagitis. This will include determining whether you have gastroesophageal reflux disease (GERD).\n\nTests to diagnose eosinophilic esophagitis include:\n\n<ul>\n<li>Upper endoscopy. Your doctor will use a long narrow tube (endoscope) containing a light and tiny camera and insert it through your mouth down the esophagus. The doctor will inspect the lining of your esophagus for inflammation and swelling, horizontal rings, vertical furrows, narrowing (strictures), and white spots. Some people with eosinophilic esophagitis will have an esophagus that looks normal.</li>\n<li>Biopsy. During an endoscopy, your doctor will perform a biopsy of your esophagus. A biopsy involves taking a small bit of tissue. Your doctor will likely take multiple samples from your esophagus and then examine the tissue under a microscope for eosinophils.</li>\n<li>Blood tests. If doctors suspect eosinophilic esophagitis, you may be given some additional tests to confirm the diagnosis and to begin to look for the sources of your allergic reaction (allergens). You may be given blood tests to look for higher than normal eosinophil counts or total immunoglobulin E levels, suggesting allergy.</li>\n</ul>", 
    "Id": "syc-20372197", 
    "Lifestyle and home remedies": "If you often have heartburn, these lifestyle changes may help reduce the frequency or severity of symptoms:\n\n<ul>\n<li>Maintain a healthy weight. Excess pounds put pressure on your abdomen, pushing up your stomach and causing acid to back up into your esophagus. If your weight is at a healthy level, work to maintain it. If you are overweight or obese, work to slowly lose weight \u2014 no more than 1 or 2 pounds (0.5 to 1 kilogram) a week. Ask your doctor for help in devising a weight-loss strategy that will work for you.</li>\n<li>Avoid foods and drinks that trigger heartburn. Common triggers, such as fatty or fried foods, tomato sauce, alcohol, chocolate, mint, garlic, onion, and caffeine, may make heartburn worse. Avoid foods you know will trigger your heartburn.</li>\n<li>Elevate the head of your bed. If you regularly experience heartburn at night or while trying to sleep, put gravity to work for you. Place wood or cement blocks under the feet of your bed so that the head end is raised by 6 to 9 inches (152 to 228 millimeters). If it's not possible to elevate your bed, insert a wedge between your mattress and box spring to elevate your body from the waist up.</li>\n</ul>", 
    "Overview": "In eosinophilic esophagitis (e-o-sin-o-FILL-ik uh-sof-uh-JIE-tis), a type of white blood cell (eosinophil) builds up in the lining of the tube that connects your mouth to your stomach (esophagus). This buildup, which is a reaction to foods, allergens or acid reflux, can inflame or injure the esophageal tissue. Damaged esophageal tissue can lead to difficulty swallowing or cause food to get stuck when you swallow.\n\nEosinophilic esophagitis is a chronic immune system disease. It has been identified only in the past two decades, but is now considered a major cause of digestive system (gastrointestinal) illness. Research is ongoing and will likely lead to revisions in the diagnosis and treatment of eosinophilic esophagitis.", 
    "Preparing for your appointment": "If you think you have eosinophilic esophagitis, you're likely to start by seeing your family doctor or a general practitioner. Your doctor may recommend you see a specialist in treating digestive diseases (gastroenterologist) or an allergist.\n\nBecause appointments can be brief, and because there's often a lot of ground to cover, it's a good idea to be well-prepared. Here's some information to help you get ready, and what to expect from your doctor.\n\n<b>What you can do</b>\n<ul>\n<li>Be aware of any pre-appointment restrictions. At the time you make the appointment, be sure to ask if there's anything you need to do in advance, such as restrict your diet.</li>\n<li>Bring test results. If you are seeing a new specialist after you've had an endoscopy from another doctor, bring the results with you.</li>\n<li>Write down any symptoms you're experiencing, including any that may seem unrelated to the reason for which you scheduled the appointment.</li>\n<li>Write down key personal information, including any major stresses or recent life changes.</li>\n<li>Make a list of all medications, vitamins or supplements that you're taking.</li>\n<li>Consider taking a family member or friend along. Sometimes it can be difficult to absorb all the information provided during an appointment. Someone who accompanies you may remember something that you missed or forgot.</li>\n<li>Write down questions to ask your doctor.</li>\n</ul>\n\n\nYour time with your doctor is limited, so preparing a list of questions can help you make the most of your time together. List your questions from most important to least important in case time runs out. For eosinophilic esophagitis, some basic questions to ask your doctor include:\n\n<ul>\n<li>What is likely causing my symptoms?</li>\n<li>What kinds of tests do I need?</li>\n<li>Do I need an endoscopy?</li>\n<li>Is my condition likely temporary or chronic?</li>\n<li>What is the best course of action?</li>\n<li>What are the alternatives to the primary approach that you're suggesting?</li>\n<li>I have other health conditions. How can I best manage them together?</li>\n<li>Are there any restrictions I need to follow?</li>\n<li>Should I see a specialist? What will it cost?</li>\n<li>Is there a generic alternative to the medicine you're prescribing for me?</li>\n<li>Are there brochures or other printed material I can take with me? What websites do you recommend?</li>\n<li>Should I schedule a follow-up visit?</li>\n</ul>\n\n\nIn addition to the questions you've prepared, don't hesitate to ask questions during your appointment.\n\n<b>What to expect from your doctor</b>\nYour doctor is likely to ask you a number of questions. Being ready to answer them may allow more time later to cover points you want to address.\n\n<ul>\n<li>What are your symptoms?</li>\n<li>When did you first notice them?</li>\n<li>Have they been continuous or occasional?</li>\n<li>How severe are your symptoms?</li>\n<li>What, if anything, seems to improve your symptoms?</li>\n<li>What, if anything, appears to worsen your symptoms?</li>\n<li>Do your symptoms wake you up at night?</li>\n<li>Are your symptoms worse after meals or after lying down?</li>\n<li>Do you have difficulty swallowing?</li>\n<li>Have you ever had food get stuck while you are swallowing?</li>\n<li>Does food or sour material ever come up in the back of your throat?</li>\n<li>Do you have chest pain or stomach pain?</li>\n<li>Have you had an esophageal dilation?</li>\n<li>Have you been treated with a topical steroid or food elimination diet?</li>\n<li>Have you gained or lost weight?</li>\n<li>Do you experience nausea or vomiting?</li>\n<li>Are your symptoms worse at certain times of the year?</li>\n<li>Do you have asthma or any chronic respiratory disease?</li>\n<li>Do you have any allergies to foods or to anything in the environment, such as pollen?</li>\n<li>Does anyone in your family have allergies?</li>\n<li>Have you tried taking antacid or anti-reflux medication? What was the result?</li>\n</ul>\n\n\nIf you're a parent of a young child, the doctor may also ask if your child has trouble feeding or has been diagnosed with failure to thrive.", 
    "Risk factors": "The following risk factors are associated with eosinophilic esophagitis:\n\n<ul>\n<li>Climate. People who live in a cold or dry climate are more likely than those in other climates to be diagnosed with eosinophilic esophagitis.</li>\n<li>Season. You're more likely to be diagnosed between the spring and fall, probably because levels of pollen and other allergens are higher and people are more prone to be outdoors.</li>\n<li>Sex. Eosinophilic esophagitis is more common in males than in females.</li>\n<li>Family history. Doctors think eosinophilic esophagitis may run in the family (have a genetic component). If your family members have eosinophilic esophagitis, you have a greater chance of being diagnosed.</li>\n<li>Allergies and asthma. If you have food or environmental allergies, asthma, atopic dermatitis or a chronic respiratory disease, you're more likely to be diagnosed with eosinophilic esophagitis.</li>\n<li>Age. Originally, eosinophilic esophagitis was thought to be a childhood disease, but now it is known to be common in adults as well. The symptoms differ somewhat between children and adults.</li>\n</ul>", 
    "Symptoms": "Signs and symptoms include:\n\nAdults:\n\n<ul>\n<li>Difficulty swallowing (dysphagia)</li>\n<li>Food getting stuck in the esophagus after swallowing (impaction)</li>\n<li>Chest pain that is often centrally located and does not respond to antacids</li>\n<li>Persistent heartburn</li>\n<li>Upper abdominal pain</li>\n<li>No response to gastroesophageal reflux disease (GERD) medication</li>\n<li>Backflow of undigested food (regurgitation)</li>\n</ul>\n\n\nChildren:\n\n<ul>\n<li>Difficulty feeding, in infants</li>\n<li>Difficulty eating, in children</li>\n<li>Vomiting</li>\n<li>Abdominal pain</li>\n<li>Difficulty swallowing (dysphagia)</li>\n<li>Food getting stuck in the esophagus after swallowing (impaction)</li>\n<li>No response to GERD medication</li>\n<li>Failure to thrive (poor growth, malnutrition and weight loss)</li>\n</ul>\n\n\n<b>When to see a doctor</b>\nSeek immediate medical attention if you experience chest pain, especially if you also have shortness of breath or jaw or arm pain. These may be symptoms of a heart attack.\n\nMake an appointment with your doctor if you experience severe or frequent eosinophilic esophagitis symptoms. If you take over-the-counter medications for heartburn more than twice a week, see your doctor.", 
    "Title": "Eosinophilic esophagitis", 
    "Treatment": "Eosinophilic esophagitis is considered a chronic relapsing disease, meaning that most people will require ongoing treatment to control their symptoms. Treatment will involve one or more of the following:\n\n<b>Dietary therapy</b>\nDepending on your response to tests for food allergies, your doctor may recommend that you stop eating certain foods, such as dairy or wheat products, to relieve your symptoms and reduce inflammation. A more limited diet is sometimes required.\n\n<b>Medication</b>\n<ul>\n<li>Proton pump inhibitor (PPI). Your doctor will likely first prescribe an acid blocker such as a PPI. This treatment is the easiest to use, but most people's symptoms don't improve.</li>\n<li>Topical steroid. If you do not respond to the PPI, your doctor will then likely prescribe a topical steroid, such as fluticasone or budesonide, which is a liquid that is swallowed to treat eosinophilic esophagitis. This type of steroid is not absorbed into the bloodstream, so you are unlikely to have the typical side effects often associated with steroids.</li>\n</ul>\n\n\n<b>Dilation</b>\nIf you experience severe narrowing (strictures) of your esophagus, your doctor may recommend dilation (stretching) to help make swallowing easier. Dilation may be used if steroids are not helpful. Or, dilation may be a choice to avoid ongoing use of medication."
}