{
    "Aliases": [], 
    "Causes": "It's not clear what causes Castleman disease. However, infection by a virus called human herpesvirus 8 (HHV-8) is associated with multicentric Castleman disease.\n\nThe HHV-8 virus has also been linked to the development of Kaposi's sarcoma, a cancerous tumor that can be a complication of HIV/AIDS. Studies have found that HHV-8 is present in nearly all HIV-positive people who have Castleman disease, and in about half of HIV-negative people with Castleman disease.", 
    "Complications": "People with unicentric Castleman disease usually do well once the affected lymph node is removed. Multicentric Castleman disease may lead to life-threatening infections or organ failure. People who also have HIV/AIDS generally have the worst outcomes.\n\nHaving either variety of Castleman disease may increase your risk of lymphoma.", 
    "Diagnosis": "After a thorough physical exam, your doctor may recommend:\n\n<ul>\n<li>Blood and urine tests, to help rule out other infections or diseases. These tests can also reveal anemia and abnormalities in blood proteins that are sometimes characteristic of Castleman disease.</li>\n<li>Imaging tests, to detect enlarged lymph nodes, liver or spleen. A CT scan or MRI of your neck, chest, abdomen and pelvis may be used. Positron emission tomography (PET) scans also may be used to diagnose Castleman disease and to assess whether a treatment is effective.</li>\n<li>Lymph node biopsy, to differentiate Castleman disease from other types of lymphatic tissue disorders, such as lymphoma. A tissue sample from an enlarged lymph node is removed and examined in the laboratory.</li>\n</ul>", 
    "Id": "syc-20370735", 
    "Overview": "Castleman disease is a rare disorder that involves an overgrowth of cells in your body's lymph nodes. The most common form of the disorder affects a single lymph node (unicentric Castleman disease), usually in the chest or abdomen.\n\nMulticentric Castleman disease affects multiple lymph nodes throughout the body and has been associated with human herpes virus type 8 (HHV-8) and human immunodeficiency virus (HIV).\n\nTreatment and outlook vary, depending on the variety of Castleman disease you have. The type that affects only one lymph node can usually be successfully treated with surgery.", 
    "Preparing for your appointment": "You may be referred to a doctor who specializes in treating blood disorders (hematologist).\n\n<b>What you can do</b>\n<ul>\n<li>Write down the symptoms you have been experiencing and for how long.</li>\n<li>Write down key medical information, including other conditions.</li>\n<li>Make a list of all medications, vitamins and supplements that you're taking.</li>\n</ul>\n\n\n<b>Questions to ask your doctor</b>\n<ul>\n<li>What's the most likely cause of my signs and symptoms?</li>\n<li>What kinds of tests do I need? Do they require any special preparation?</li>\n<li>What treatment do you recommend? Do I need surgery?</li>\n</ul>\n\n\nIn addition to the questions that you've prepared to ask your doctor, don't hesitate to ask other questions during your appointment.\n\n<b>What to expect from your doctor</b>\nYour doctor is likely to ask you a number of questions. Being ready to answer them may make time to go over points you want to spend more time on. You may be asked:\n\n<ul>\n<li>Do you have any other health conditions, such as HIV/AIDS or Kaposi's sarcoma?</li>\n<li>When did you first begin experiencing symptoms?</li>\n<li>Have your symptoms been continuous or occasional?</li>\n<li>How severe are your symptoms?</li>\n<li>Does anything seem to improve your symptoms?</li>\n<li>What, if anything, appears to worsen your symptoms?</li>\n</ul>", 
    "Risk factors": "Castleman disease can affect people of any age. But the average age of people diagnosed with unicentric Castleman disease is 35. Most people with the multicentric form are in their 50s and 60s. The multicentric form is also slightly more common in men than in women.\n\nThe risk of developing multicentric Castleman disease is higher in people who are infected with a virus called human herpesvirus 8 (HHV-8).", 
    "Symptoms": "Many people with unicentric Castleman disease don't notice any signs or symptoms. The enlarged lymph node may be detected during a physical exam or an imaging test for some unrelated problem.\n\nSome people with unicentric Castleman disease might experience signs and symptoms more common to multicentric Castleman disease, which may include:\n\n<ul>\n<li>Fever</li>\n<li>Unintended weight loss</li>\n<li>Fatigue</li>\n<li>Night sweats</li>\n<li>Nausea</li>\n<li>Enlarged liver or spleen</li>\n</ul>\n\n\nThe enlarged lymph nodes associated with multicentric Castleman disease are most commonly located in the neck, collarbone, underarm and groin areas.\n\n<b>When to see a doctor</b>\nIf you notice an enlarged lymph node on the side of your neck or in your underarm, collarbone or groin area, talk to your doctor. Also call your doctor if you experience a persistent feeling of fullness in your chest or abdomen, fever, fatigue, or unexplained weight loss.", 
    "Title": "Castleman disease", 
    "Treatment": "Treatment depends on the type of Castleman disease you have.\n\n<b>Unicentric Castleman disease</b>\nUnicentric Castleman disease can be cured by surgically removing the diseased lymph node. If the lymph node is in your chest or abdomen \u2014 which is often the case \u2014 major surgery may be required.\n\nIf surgical removal isn't possible, medication may be used to shrink the lymph node. Radiation therapy also may be an effective way to destroy the affected tissue.\n\nYou'll need follow-up exams, including imaging, to check for relapse.\n\n<b>Multicentric Castleman disease</b>\nTreatment for multicentric Castleman disease generally involves medications and other therapies to control cell overgrowth. Specific treatment depends on the extent of your disease and on whether you have HIV or HHV-8 infection or both.\n\nTreatment options for multicentric Castleman disease may include:\n\n<ul>\n<li>Immunotherapy. The use of drugs such as siltuximab (Sylvant) or rituximab (Rituxan) can block the action of a protein that is produced in excess in people who have multicentric Castleman disease.</li>\n<li>Chemotherapy. This type of medication can slow the overgrowth of lymphatic cells. Your doctor may recommend adding chemotherapy if the disease doesn't respond to immunotherapy or if you have organ failure.</li>\n<li>Corticosteroids. Drugs such as prednisone can help control inflammation.</li>\n<li>Antiviral drugs. These drugs can block the activity of HHV-8 or HIV if you have one or both of those viruses.</li>\n</ul>"
}