{
    "Aliases": [
        "CMV"
    ], 
    "Causes": "CMV is related to the viruses that cause chickenpox, herpes simplex and mononucleosis. CMV may cycle through periods when it lies dormant and then reactivates. If you're healthy, CMV mainly stays dormant.\n\nDuring activation you can pass the virus to other people. Casual contact doesn't transmit CMV. The virus is spread through body fluids \u2014 including blood, urine, saliva, breast milk, tears, semen and vaginal fluids.\n\nTransmission might occur through:\n\n<ul>\n<li>Touching your eyes or the inside of your nose or mouth after coming into contact with the body fluids of an infected person.</li>\n<li>Sexual contact with an infected person.</li>\n<li>The breast milk of an infected mother.</li>\n<li>Organ transplantation or blood transfusions.</li>\n<li>Birth. An infected mother can pass the virus to her baby before or during birth. The risk of virus transmission to your baby is higher if it's the first time you've had the infection rather than a reactivated infection.</li>\n</ul>", 
    "Clinical trials": "Explore Mayo Clinic studies testing new treatments, interventions and tests as a means to prevent, detect, treat or manage this disease.", 
    "Complications": "Complications of CMV infection vary, depending on your overall health and when you were infected.\n\nRarely, CMV causes a healthy adult to develop mononucleosis. Other rare complications for healthy adults include problems with the digestive system, liver, brain and nervous system.\n\nComplications of CMV infection can include:\n\n<ul>\n<li>Vision loss, due to inflammation of the light-sensing layer of the eye (retinitis)</li>\n<li>Digestive system problems, including inflammation of the colon (colitis), esophagus (esophagitis) and liver (hepatitis)</li>\n<li>Nervous system problems, including brain inflammation (encephalitis)</li>\n<li>Pneumonia</li>\n</ul>\n\n\nComplications are more likely to develop if the infant's mother had a primary CMV infection during pregnancy, rather than a reactivated infection. Complications for the baby can include:\n\n<ul>\n<li>Hearing loss</li>\n<li>Intellectual disability</li>\n<li>Vision problems</li>\n<li>Seizures</li>\n<li>Lack of coordination</li>\n<li>Weakness or problems using muscles</li>\n</ul>", 
    "Diagnosis": "Laboratory tests \u2014 including tests of blood and other body fluids or tests of tissue samples \u2014 can detect CMV virus.\n\n<b>Screening and testing for your baby</b>\nIf you're pregnant, testing to determine whether you've ever been infected with CMV can be important. Pregnant women with antibodies have a very small chance of a reactivation infecting their unborn child.\n\nIf your doctor detects a new CMV infection during pregnancy, a prenatal test (amniocentesis) can determine if the fetus has the infection. In amniocentesis your doctor obtains and examines a sample of amniotic fluid. Amniocentesis is generally recommended when abnormalities that might be caused by CMV are seen on ultrasound.\n\nIf your doctor suspects your baby has congenital CMV, it's important to test the baby within the first three weeks of birth. After that, tests can't show your baby has congenital CMV because the baby might have contracted the infection by nursing or exposure to other people with the virus. If your baby has CMV, your doctor likely will recommend additional tests to check the health of the baby's organs, such as the liver and kidneys.\n\n<b>Screening and testing if you have weakened immunity</b>\nTesting for CMV can also be important if you have a weakened immune system. For example, if you have HIV or AIDS, carrying the CMV virus means you'll need regular monitoring for complications of CMV, such as vision and hearing problems.", 
    "Id": "syc-20355358", 
    "Overview": "Cytomegalovirus (CMV) is a common virus that can infect almost anyone. Once infected, your body retains the virus for life. Most people don't know they have CMV because it rarely causes problems in healthy people.\n\nBut if you're pregnant or have a weakened immune system, CMV is cause for concern. A woman who develops an active CMV infection during pregnancy can pass the virus to her baby, who might then experience signs and symptoms. For people with compromised immunity, especially due to organ transplantation, CMV infection can be fatal.\n\nCMV spreads from person to person through body fluids, such as blood, saliva, urine, semen and breast milk. There's no cure for the virus. However, medications can help treat newborns and people with weak immune systems.", 
    "Preparing for your appointment": "Here's some information to help you get ready for your appointment.\n\n<b>What you can do</b>\nBefore your appointment take these steps:\n\n<ul>\n<li>Write down any signs and symptoms you or your child is experiencing. Include signs and symptoms even if they seem minor, such as low-grade fever or fatigue.</li>\n<li>Write down questions to ask your doctor. Your time with your doctor is limited, so it can be useful to prepare a list of questions.</li>\n</ul>\n\n\nFor CMV, questions to ask your doctor include:\n\n<ul>\n<li>What is likely causing my symptoms?</li>\n<li>What tests do I need?</li>\n<li>Is my condition likely temporary or chronic?</li>\n<li>What is the best course of action?</li>\n<li>Will I infect others?</li>\n<li>Are there any restrictions I need to follow?</li>\n<li>I have other health conditions. How can I best manage them together?</li>\n</ul>\n\n\n<b>What to expect from your doctor</b>\nYour doctor will likely ask you a number of questions, including:\n\n<ul>\n<li>How long have you had your symptoms?</li>\n<li>Do you work or live with young children?</li>\n<li>Have you had a blood transfusion or organ transplant recently?</li>\n<li>Do you have a medical condition that compromises your immune system, such as HIV or AIDS?</li>\n<li>Are you receiving chemotherapy?</li>\n<li>Do you practice safe sex?</li>\n<li>Are you pregnant or breast-feeding?</li>\n</ul>\n\n\nIn addition, if you think you have been exposed during pregnancy:\n\n<ul>\n<li>When do you think you may have been exposed?</li>\n<li>Have you had symptoms of the condition?</li>\n<li>Have you been tested for CMV before?</li>\n</ul>", 
    "Prevention": "Careful hygiene is the best prevention against CMV. You can take these precautions:\n\n<ul>\n<li>Wash your hands often. Use soap and water for 15 to 20 seconds, especially if you have contact with young children or their diapers, drool or other oral secretions. This is especially important if the children attend child care.</li>\n<li>Avoid contact with tears and saliva when you kiss a child. Instead of kissing a child on the lips, for instance, kiss on the forehead. This is especially important if you're pregnant.</li>\n<li>Avoid sharing food or drinking out of the same glass as others. Sharing glasses and kitchen utensils can spread the CMV virus.</li>\n<li>Be careful with disposable items. When disposing of diapers, tissues and other items that have been contaminated with bodily fluids, be careful not to touch your hands to your face until after thoroughly washing your hands.</li>\n<li>Clean toys and countertops. Clean any surfaces that come in contact with children's urine or saliva.</li>\n<li>Practice safe sex. Wear a condom during sexual contact to prevent spreading the CMV virus through semen and vaginal fluids.</li>\n</ul>\n\n\nIf you have a compromised immune system, you may benefit from taking antiviral medication to prevent CMV disease.\n\nExperimental vaccines are being tested for women of childbearing age. These vaccines may be useful in preventing CMV infection in mothers and infants, and reducing the chance that babies born to women who are infected while pregnant will develop disabilities.", 
    "Risk factors": "CMV is a widespread and common virus that can infect almost anyone. Most healthy children and adults who contract the virus have few if any symptoms, so CMV often goes undiagnosed.", 
    "Symptoms": "Most people infected with CMV who are otherwise healthy experience few if any signs and symptoms. People at greater risk of signs and symptoms of CMV include:\n\n<ul>\n<li>Newborns infected with CMV before birth (congenital CMV).</li>\n<li>Infants who become infected during birth or shortly afterward (perinatal CMV). This group includes babies infected through breast milk.</li>\n<li>People with weakened immune systems, for example due to organ transplant or HIV infection.</li>\n</ul>\n\n\nMost babies with congenital CMV appear healthy at birth.\n\nA few babies with congenital CMV who appear healthy at birth can develop signs over time \u2014 sometimes not for months or years after birth. The most common of these late-occurring signs are hearing loss and developmental delay. A small number of babies may also develop vision problems.\n\nBabies with congenital CMV who are sick at birth tend to have significant signs and symptoms, including:\n\n<ul>\n<li>Premature birth</li>\n<li>Low birth weight</li>\n<li>Yellow skin and eyes (jaundice)</li>\n<li>Enlarged and poorly functioning liver</li>\n<li>Purple skin splotches or a rash or both</li>\n<li>Abnormally small head (microencephaly)</li>\n<li>Enlarged spleen</li>\n<li>Pneumonia</li>\n<li>Seizures</li>\n</ul>\n\n\nIf your immune system is weakened, you might experience more-serious signs and symptoms affecting your:\n\n<ul>\n<li>Eyes</li>\n<li>Lungs</li>\n<li>Liver</li>\n<li>Esophagus</li>\n<li>Stomach</li>\n<li>Intestines</li>\n<li>Brain</li>\n</ul>\n\n\nMost people infected with CMV who are otherwise healthy experience few if any signs or symptoms. When first infected, some adults may have symptoms similar to infectious mononucleosis, including:\n\n<ul>\n<li>Fatigue</li>\n<li>Fever</li>\n<li>Sore throat</li>\n<li>Muscle aches</li>\n</ul>\n\n\nCMV mononucleosis is less likely than infectious mononucleosis to cause enlarged lymph nodes and spleen.\n\nSee your doctor if:\n\n<ul>\n<li>You have a weakened immune system and you're experiencing signs or symptoms of CMV infection. CMV infection in people with compromised immunity can be serious or even fatal. People who have undergone stem cell or organ transplants seem to be at greatest risk.</li>\n<li>You develop a mononucleosis-like illness while you're pregnant so that you can be evaluated for CMV infection.</li>\n</ul>\n\n\nIf you have CMV but are otherwise healthy, and you're experiencing any mild, generalized illness, you could be in a reactivation period. Practical self-care, such as getting plenty of rest, should be enough for your body to control the infection.\n\nIf you know you were infected with CMV during your pregnancy, tell your baby's doctor. The doctor should regularly assess your baby for hearing or vision problems.", 
    "Title": "Cytomegalovirus  infection", 
    "Treatment": "Treatment generally isn't necessary for healthy children and adults. Healthy adults who develop CMV mononucleosis generally recover without medication.\n\nBut newborns and people with compromised immune systems need treatment when they're having signs and symptoms of CMV infection. The type of treatment depends on the signs and symptoms and their severity.\n\nThe most common treatment is antiviral medications. They can slow reproduction of the virus, but can't eliminate it. Researchers are studying new medications and vaccines to treat and prevent CMV."
}