{
    "Aliases": [], 
    "Causes": "Your eye has two parts that focus images:\n\n<ul>\n<li>The cornea is the clear, dome-shaped front surface of your eye.</li>\n<li>The lens is a clear structure about the size and shape of an M&M's candy.</li>\n</ul>\n\n\nIn a normally shaped eye, each of these focusing elements has a perfectly smooth curvature, like the surface of a marble. A cornea and lens with such curvature bend (refract) all incoming light to make a sharply focused image directly on the retina, at the back of your eye.\n\n<b>A refractive error</b>\nIf your cornea or lens isn't evenly and smoothly curved, light rays aren't refracted properly, and you have a refractive error.\n\nNearsightedness usually occurs when your eyeball is longer than normal or your cornea is curved too steeply. Instead of being focused precisely on your retina, light is focused in front of your retina, resulting in a blurry appearance for distant objects.\n\n<b>Other refractive errors</b>\nIn addition to nearsightedness, other refractive errors include:\n\n<ul>\n<li>Farsightedness (hyperopia). This occurs when your eyeball is shorter than normal or your cornea is curved too little. The effect is the opposite of nearsightedness. In adults, both near and distant objects are blurred.</li>\n<li>Astigmatism. This occurs when your cornea or lens is curved more steeply in one direction than in another. Uncorrected astigmatism blurs your vision.</li>\n</ul>", 
    "Clinical trials": "Explore Mayo Clinic studies testing new treatments, interventions and tests as a means to prevent, detect, treat or manage this disease.", 
    "Complications": "Nearsightedness is associated with a variety of complications from mild to severe, such as:\n\n<ul>\n<li>Reduced quality of life. Uncorrected nearsightedness can affect your quality of life. You might not be able to perform a task as well as you wish. And your limited vision may detract from your enjoyment of day-to-day activities.</li>\n<li>Eyestrain. Uncorrected nearsightedness may cause you to squint or strain your eyes to maintain focus. This can lead to eyestrain and headaches.</li>\n<li>Impaired safety. Your own safety and that of others may be jeopardized if you have an uncorrected vision problem. This could be especially serious if you are driving a car or operating heavy equipment.</li>\n<li>Financial burden. The cost of corrective lenses, eye exams and medical treatments can add up, especially with a chronic condition like nearsightedness. Vision reduction and vision loss also can affect income potential in some cases.</li>\n<li>Other eye problems. Severe nearsightedness puts you at a slightly increased risk of retinal detachment, glaucoma, cataracts and myopic maculopathy \u2014 damage in the central retinal area. The tissues in long eyeballs are stretched and thinned, causing tears, inflammation, new blood vessels that are weak and bleed easily, and scarring.</li>\n</ul>", 
    "Diagnosis": "Nearsightedness is diagnosed by a basic eye exam, which includes a refraction assessment and an eye health exam.\n\nA refraction assessment determines if you have vision problems such as nearsightedness or farsightedness, astigmatism, or presbyopia. Your doctor may use various instruments and ask you to look through several lenses to test your distance and close-up vision.\n\nYour eye doctor likely will put drops in your eyes to dilate your pupils for the eye health exam. This may make your eyes more light sensitive for a few hours after the exam. Dilation enables your doctor to see wider views inside of your eyes.", 
    "Id": "syc-20375556", 
    "Lifestyle and home remedies": "You can't prevent nearsightedness at this time. Some studies suggest you may be able to slow its progression though. You can, however, help protect your eyes and your vision by following these tips:\n\n<ul>\n<li>Have your eyes checked. Do this regularly even if you see well.</li>\n<li>Control chronic health conditions. Certain conditions, such as diabetes and high blood pressure, can affect your vision if you don't receive proper treatment.</li>\n<li>Protect your eyes from the sun. Wear sunglasses that block ultraviolet (UV) radiation.</li>\n<li>Prevent eye injuries. Wear protective eyewear when doing certain things, such as playing sports, mowing the lawn, painting or using other products with toxic fumes.</li>\n<li>Eat healthy foods. Try to eat plenty of leafy greens, other vegetables and fruits. And studies show that your eyes benefit if you also include in your diet fish high in omega-3 fatty acids, such as tuna and salmon.</li>\n<li>Don't smoke. Just as smoking isn't good for the rest of your body, smoking can adversely affect your eye health as well.</li>\n<li>Use the right corrective lenses. TThe right lenses optimize your vision. Having regular exams will ensure that your prescription is correct. There is evidence that wearing a prescription that is too weak (undercorrecting) can increase the development of nearsightedness.</li>\n<li>Use good lighting. Turn up or add light for better vision.</li>\n<li>Reduce eyestrain. Look away from your computer or near-task work, including reading, every 20 minutes \u2014 for 20 seconds \u2014 at something 20 feet away.</li>\n<li>See your doctor immediately if you experience any of these symptoms: Sudden loss of vision in one eye with or without pain; sudden hazy or blurred vision; double vision; or you see flashes of light, black spots or halos around lights. This may represent a serious medical or eye condition.</li>\n</ul>", 
    "Overview": "Nearsightedness (myopia) is a common vision condition in which you can see objects near to you clearly, but objects farther away are blurry. It occurs when the shape of your eye causes light rays to bend (refract) incorrectly, focusing images in front of your retina instead of on your retina.\n\nNearsightedness may develop gradually or rapidly, often worsening during childhood and adolescence. Nearsightedness tends to run in families.\n\nA basic eye exam can confirm nearsightedness. You can compensate for the blur with eyeglasses, contact lenses or refractive surgery.", 
    "Preparing for your appointment": "You may encounter three kinds of specialists as you seek help for various eye conditions:\n\n<ul>\n<li>Ophthalmologist. An ophthalmologist is an eye specialist with a doctor of medicine (M.D.) or a doctor of osteopathy (D.O.) degree followed by a residency. Ophthalmologists are trained to provide complete eye evaluations, prescribe corrective lenses, diagnose and treat common and complex eye disorders, and perform eye surgery.</li>\n<li>Optometrist. An optometrist has a doctor of optometry (O.D.) degree. Optometrists are trained to provide complete eye evaluations, prescribe corrective lenses, diagnose and treat common eye disorders.</li>\n<li>Optician. An optician is a specialist who helps fit people for eyeglasses or contact lenses, following prescriptions from ophthalmologists and optometrists. Some states require opticians to be licensed. Opticians are not trained to diagnose or treat eye disease.</li>\n</ul>\n\n\nNo matter which type of eye specialist you choose, here's some information to help you get ready for your appointment.\n\n<b>What you can do</b>\n<ul>\n<li>If you already wear glasses, bring them with you to your appointment. Your doctor has a device that measures your current glasses prescription. If you wear contacts, bring to your appointment an empty contact lens box from each eye.</li>\n<li>List any symptoms you're experiencing, such as trouble reading up close or difficulty with night driving.</li>\n<li>Make a list of all medications, vitamins or supplements that you're taking.</li>\n<li>List questions to ask your doctor.</li>\n</ul>\n\n\nPreparing a list of questions can help you make the most of your visit. For nearsightedness, some basic questions to ask include:\n\n<ul>\n<li>When do I need to use corrective lenses?</li>\n<li>What are benefits and drawbacks to glasses?</li>\n<li>What are benefits and drawbacks to contacts?</li>\n<li>How often do you recommend that I have my eyes examined?</li>\n<li>Are more permanent treatments, such as eye surgery, an option for me?</li>\n<li>If so, which do you recommend?</li>\n<li>What types of side effects are possible from these treatments?</li>\n<li>Will my insurance company pay for surgical procedures or a contact lens fitting?</li>\n<li>Do you have any brochures or other printed material that I can take home with me? What websites do you recommend?</li>\n</ul>\n\n\n<b>What to expect from your doctor</b>\nYour doctor may ask:\n\n<ul>\n<li>When did you first begin experiencing symptoms?</li>\n<li>Does your vision improve if you squint or move objects closer (or farther) away?</li>\n<li>Do others in your family use glasses or contacts? Do you know how old they were when they first began having trouble with their vision?</li>\n<li>When did you first begin wearing glasses or contacts?</li>\n<li>Do you have any medical problems, such as diabetes?</li>\n<li>Have you started to take any new medications, supplements or herbal preparations?</li>\n</ul>", 
    "Risk factors": "Certain risk factors may increase the likelihood of developing nearsightedness, such as:\n\n<ul>\n<li>Genetics. Nearsightedness tends to run in families. If one of your parents is nearsighted, your risk of developing the condition is increased. The risk is even higher if both parents are nearsighted.</li>\n<li>Reading and close-up work. People who do a lot of reading, writing or computer work may be at increased risk of myopia. The amount of time you spend playing electronic games or watching television also can play a role. Even holding reading material too close has been associated with increased myopia.</li>\n<li>Environmental conditions. Some studies support the idea that a lack of time spent outdoors may increase the chances of developing myopia.</li>\n</ul>", 
    "Symptoms": "Nearsightedness symptoms may include:\n\n<ul>\n<li>Blurry vision when looking at distant objects</li>\n<li>The need to squint or partially close the eyelids to see clearly</li>\n<li>Headaches caused by eyestrain</li>\n<li>Difficulty seeing while driving a vehicle, especially at night (night myopia)</li>\n</ul>\n\n\nNearsightedness is often first detected during childhood and is commonly diagnosed between the early school years through the teens. A child with nearsightedness may:\n\n<ul>\n<li>Persistently squint</li>\n<li>Need to sit closer to the television, movie screen or the front of the classroom</li>\n<li>Seem to be unaware of distant objects</li>\n<li>Blink excessively</li>\n<li>Rub his or her eyes frequently</li>\n</ul>\n\n\n<b>When to see a doctor</b>\nIf your difficulty clearly seeing things that are far away (distance blur) is pronounced enough that you can't perform a task as well as you wish, or if the quality of your vision detracts from your enjoyment of activities, see an eye doctor. He or she can determine the degree of your nearsightedness and advise you of your options to correct your vision.\n\nSeek emergency medical care if you experience:\n\n<ul>\n<li>The sudden appearance of many floaters \u2014 tiny specks that seem to drift through your field of vision</li>\n<li>Flashes of light in one or both eyes</li>\n<li>A curtain-like shadow over your visual field</li>\n</ul>\n\n\nThese are warnings signs of retinal detachment, which is a rare complication of myopia. Retinal detachment is a medical emergency, and time is critical.\n\n<b>Regular eye exams</b>\nSince it may not always be readily apparent that you're having trouble with your vision, the American Academy of Ophthalmology recommends the following intervals for regular eye exams:\n\nIf you're at high risk of certain eye diseases, such as glaucoma, get a dilated eye exam every one to two years, starting at age 40.\n\nIf you don't wear glasses or contacts, have no symptoms of eye trouble, and are at a low risk of developing eye diseases, such as glaucoma, get an eye exam at the following intervals:\n\n<ul>\n<li>An initial exam at 40</li>\n<li>Every two to four years between ages 40 and 54</li>\n<li>Every one to three years between ages 55 and 64</li>\n<li>Every one to two years beginning at age 65</li>\n</ul>\n\n\nIf you wear glasses or contacts or you have a health condition that affects the eyes, such as diabetes, you'll likely need to have your eyes checked regularly. Ask your eye doctor how frequently you need to schedule your appointments. But, if you notice any problems with your vision, schedule an appointment with your eye doctor as soon as possible, even if you've recently had an eye exam. Blurred vision, for example, may suggest you need a prescription change, or it could be a sign of another problem.\n\nChildren need to be screened for eye disease and have their vision tested by a pediatrician, an ophthalmologist, an optometrist or another trained screener at the following ages and intervals.\n\n<ul>\n<li>Age 6 months</li>\n<li>Age 3 years</li>\n<li>Before first grade and every two years during school years, at well-child visits, or through school or public screenings</li>\n</ul>", 
    "Title": "Nearsightedness", 
    "Treatment": "The standard goal of treating nearsightedness is to improve vision by helping focus light on your retina through the use of corrective lenses or refractive surgery. Managing nearsightedness also includes regular monitoring for complications of the condition, including glaucoma, cataracts, retinal tears and detachments, and damage to central retinal areas.\n\n<b>Prescription lenses</b>\nWearing corrective lenses treats nearsightedness by counteracting the increased curvature of your cornea or the increased length of your eye. Types of prescription lenses include:\n\n<ul>\n<li>Eyeglasses. This is a simple, safe way to sharpen vision caused by nearsightedness. The variety of eyeglass lenses is wide and includes single vision, bifocals, trifocals and progressive multifocals.</li>\n<li>Contact lenses. These lenses are worn right on your eyes. They are available in a variety of materials and designs, including soft and rigid, gas permeable in combination with spherical, toric and multifocal designs. Ask your eye doctor about the pros and cons of contact lenses and what might be best for you.</li>\n</ul>\n\n\n<b>Refractive surgery</b>\nRefractive surgery reduces the need for eyeglasses and contact lenses. Your eye surgeon uses a laser beam to reshape the cornea, which results in a decreased nearsighted prescription. Even after surgery, you may need to use eyeglasses.\n\n<ul>\n<li>Laser-assisted in situ keratomileusis (LASIK). With this procedure, your eye surgeon makes a thin, hinged flap into your cornea. He or she then uses a laser to remove inner layers of your cornea to flatten its domed shape. Recovery from LASIK surgery is usually more rapid and causes less discomfort than other corneal surgeries.</li>\n<li>Laser-assisted subepithelial keratectomy (LASEK). The surgeon creates an ultra-thin flap only in the cornea's outer protective cover (epithelium). He or she then uses a laser to reshape the cornea's outer layers, flattening its curve, and then replaces the epithelium.</li>\n<li>Photorefractive keratectomy (PRK). This procedure is similar to LASEK, except the surgeon completely removes the epithelium, then uses the laser to reshape the cornea. The epithelium is not replaced, but will grow back naturally, conforming to your cornea's new shape.</li>\n</ul>\n\n\nTalk with your doctor about the possible side effects, as this procedure is not reversible. Refractive surgery is not recommended until your nearsighted prescription is stable.\n\n<b>Treatments to slow or stop progression of nearsightedness</b>\nResearchers and clinical practitioners continue to seek more-effective approaches to stop nearsightedness from getting worse over time. Therapies that show the most promise to date include:\n\n<ul>\n<li>The topical medication, atropine. Topical atropine drops are commonly used to dilate the pupil of the eye, often as part of eye exams or before and after eye surgery. Low-dose (0.01%) atropine may also help slow the progression of nearsightedness. The exact mechanism for this effect is unknown.</li>\n<li>Increased time outside. Spending time outdoors during adolescence and your early adult years may decrease the lifetime risk of nearsightedness. Researchers think exposure to the sun's ultraviolet (UV) rays may change the molecular structure of the sclera and cornea and help maintain a normal shape.</li>\n<li>Orthokeratology. In this procedure, you wear rigid, gas permeable contact lenses for several hours a day until the curvature of your eye evens out. Then you wear the lenses less frequently to maintain the new shape. If you discontinue this treatment, your eyes return to their former shape.</li>\n<li>Peripheral defocus modifying contact lenses. This type of contact lens corrects nearsightedness while keeping your eyes evenly focused on the side (periphery) of your retina. Some evidence suggests this type of vision correction may reduce the progression of nearsightedness.</li>\n</ul>"
}