{
    "Aliases": [], 
    "Alternative medicine": "Alternative and complementary treatments may help prevent vomiting episodes, although none of these treatments has been well-studied. These treatments include:\n\n<ul>\n<li>Coenzyme Q10 (ubiquinone), a natural substance made in the body that is available as a supplement. Coenzyme Q10 assists with the basic functions of cells.</li>\n<li>L-carnitine, a natural substance that is made in the body and is available as a supplement. L-carnitine helps your body turn fat into energy.</li>\n</ul>\n\n\nL-carnitine and coenzyme Q10 may work by helping your body overcome difficulty in converting food into energy (mitochondrial dysfunction). Some researchers believe mitochondrial dysfunction may be a factor causing both cyclic vomiting syndrome and migraine.\n\nBe sure to see a doctor and have the diagnosis of cyclic vomiting syndrome confirmed before starting any supplements. Always check with your doctor before taking any supplements to be sure you or your child is taking a safe dose and that the supplement won't adversely interact with any medications you're taking. Some people may experience side effects from L-carnitine and coenzyme Q10 that are similar to the symptoms of cyclic vomiting syndrome, including nausea, diarrhea and loss of appetite.", 
    "Causes": "The underlying cause of cyclic vomiting syndrome is unknown. Some possible causes include genes, digestive difficulties, nervous system problems and hormone imbalances. Specific bouts of vomiting may be triggered by:\n\n<ul>\n<li>Colds, allergies or sinus problems</li>\n<li>Emotional stress or excitement, especially in children</li>\n<li>Anxiety or panic attacks, especially in adults</li>\n<li>Foods, such as caffeine, chocolate or cheese</li>\n<li>Overeating, eating right before going to bed or fasting</li>\n<li>Hot weather</li>\n<li>Physical exhaustion</li>\n<li>Exercising too much</li>\n<li>Menstruation</li>\n<li>Motion sickness</li>\n</ul>\n\n\nIdentifying the triggers for vomiting episodes may help with managing cyclic vomiting syndrome.", 
    "Complications": "Cyclic vomiting syndrome can cause these complications:\n\n<ul>\n<li>Dehydration. Excessive vomiting causes the body to lose water quickly. Severe cases of dehydration may need to be treated in the hospital.</li>\n<li>Injury to the food tube. The stomach acid that comes up with the vomit can damage the tube that connects the mouth and stomach (esophagus). Sometimes the esophagus becomes so irritated it bleeds.</li>\n<li>Tooth decay. The acid in vomit can corrode tooth enamel.</li>\n</ul>", 
    "Coping and support": "Because you never know when the next episode might occur, cyclic vomiting syndrome can be difficult for the whole family. Children may be especially concerned, and may worry constantly that they'll be with other children when an episode happens.\n\nYou or your child may benefit from connecting with others who understand what it's like to live with the uncertainty of cyclic vomiting syndrome. Ask your doctor about support groups in your area.", 
    "Diagnosis": "Cyclic vomiting syndrome can be difficult to diagnose. There's no specific test to confirm the diagnosis, and vomiting is a sign of many conditions that must be ruled out first.\n\nThe doctor will start by asking about your child's or your medical history and conducting a physical exam. The doctor will also want to know about the pattern of symptoms that you or your child experiences.\n\nAfter that, the doctor may recommend:\n\n<ul>\n<li>Imaging studies \u2014 such as endoscopy, ultrasound or a CT scan \u2014 to check for blockages in the digestive system or signs of other digestive conditions</li>\n<li>Motility tests to monitor the movement of food through your digestive system and to check for digestive disorders</li>\n<li>Laboratory tests to check for thyroid problems and other metabolic conditions</li>\n</ul>", 
    "Id": "syc-20352161", 
    "Lifestyle and home remedies": "Lifestyle changes can help control the signs and symptoms of cyclic vomiting syndrome. People with cyclic vomiting syndrome generally need to get adequate sleep. Once vomiting begins, it may help to stay in bed and sleep in a dark, quiet room.\n\nWhen the vomiting phase has stopped, it's very important to drink fluids, such as an oral electrolyte solution (Pedialyte) or a sports drink (Gatorade, Powerade, others) diluted with 1 ounce of water for every ounce of sports drink. Some people may feel well enough to begin eating a normal diet soon after they stop vomiting. But if you don't or your child doesn't feel like eating right away, you might start with clear liquids and then gradually add solid food.\n\nIf vomiting episodes are triggered by stress or excitement, try during a symptom-free interval to find ways to reduce stress and stay calm. Eating small meals and small carbohydrate-containing snacks daily, instead of three large meals, also may help.", 
    "Overview": "Cyclic vomiting syndrome is characterized by episodes of severe vomiting that have no apparent cause. Episodes can last for hours or days and alternate with symptom-free periods. Episodes are similar, meaning that they tend to start at the same time of day, last the same length of time, and occur with the same symptoms and intensity.\n\nCyclic vomiting syndrome occurs in all age groups, though it often begins in children around 3 to 7 years old. Although more common in children, the number of cases diagnosed in adults is increasing.\n\nThe syndrome is difficult to diagnose because vomiting is a symptom of many disorders. Treatment often involves lifestyle changes to help prevent the events that can trigger vomiting episodes. Medications, including anti-nausea and migraine therapies, may help lessen symptoms.", 
    "Preparing for your appointment": "You're likely to start by seeing your primary care doctor or your child's pediatrician. But you may be referred immediately to a digestive diseases specialist (gastroenterologist). If you or your child is in the middle of a severe vomiting episode, the doctor may recommend immediate medical care.\n\nHere's some information to help you get ready for your appointment and know what to expect from the doctor.\n\n<b>What you can do</b>\n<ul>\n<li>Keep a record of any symptoms, including how often vomiting occurs and any typical triggers you may have noticed, such as food or activity.</li>\n<li>Write down key medical information, including other diagnosed conditions.</li>\n<li>Write down key personal information, including dietary habits and any major stresses or recent changes \u2014 both positive and negative \u2014 in your child's life or yours.</li>\n<li>Bring a list of all medications, vitamins or supplements that you or your child takes.</li>\n<li>Write down questions to ask the doctor.</li>\n</ul>\n\n\n<b>Questions to ask the doctor</b>\nSome basic questions to ask the doctor include:\n\n<ul>\n<li>What's the most likely cause of these symptoms?</li>\n<li>Are any tests needed?</li>\n<li>Do you think this condition is temporary or long lasting?</li>\n<li>What treatments do you recommend?</li>\n<li>Is there a medication that can help?</li>\n<li>Are there any dietary restrictions that can help?</li>\n</ul>\n\n\nDon't hesitate to ask other questions that occur to you during your appointment.\n\n<b>What to expect from the doctor</b>\nBe ready to answer questions your doctor may ask:\n\n<ul>\n<li>When did you or your child begin experiencing symptoms?</li>\n<li>How often does an episode of severe vomiting occur, and how many times do you or does your child typically vomit?</li>\n<li>How long do the episodes typically last?</li>\n<li>Do you or does your child experience abdominal pain?</li>\n<li>Have you noticed any warning signs that an episode is coming, such as loss of appetite or feeling unusually tired, or any common triggers, such as intense emotions, illness or menstruation?</li>\n<li>Have you or has your child been diagnosed with any other medical problems, including mental health conditions?</li>\n<li>What treatments, including over-the-counter medications and home remedies, are you or your child taking for other conditions?</li>\n<li>Does anything seem to improve the symptoms or shorten the duration of an episode?</li>\n<li>Do you or does your child have any history of severe headaches?</li>\n<li>Does anyone in your family have a history of cyclic vomiting syndrome or of migraines?</li>\n<li>Do you or your child use cannabis in any form? If so, how often?</li>\n</ul>\n\n\n<b>What you can do in the meantime</b>\nThe doctor will likely want to see you or your child immediately if an episode of severe vomiting is underway. But if the vomiting has passed, get plenty of rest, drink extra fluids and follow an easy-to-digest diet. It's also a good idea to avoid caffeinated beverages or foods containing caffeine, as these may trigger symptoms.", 
    "Prevention": "Many people know what triggers their cyclic vomiting episodes. Avoiding those triggers can reduce the frequency of episodes. While you may feel well between episodes, it's very important to take medications as prescribed by your doctor.\n\nIf episodes occur more than once a month or require hospitalization, your doctor may recommend preventive medicine, such as amitriptyline, propranolol (Inderal), cyproheptadine and topiramate. Lifestyle changes also may help, including:\n\n<ul>\n<li>Getting adequate sleep</li>\n<li>Downplaying the importance of upcoming events because excitement can be a trigger</li>\n<li>Avoiding trigger foods, such as caffeine, cheese and chocolate</li>\n<li>Eating small meals and small carbohydrate-containing snacks daily at regular times</li>\n</ul>", 
    "Risk factors": "The relationship between migraines and cyclic vomiting syndrome isn't clear. But many children with cyclic vomiting syndrome have a family history of migraines or have migraines themselves when they get older. In adults, the association between cyclic vomiting syndrome and migraine may be lower.\n\nChronic use of marijuana (Cannabis sativa) also has been associated with cyclic vomiting syndrome because some people use marijuana to treat their symptoms.\n\nHowever, cannabis can lead to a condition called cannabis hyperemesis syndrome, which typically leads to persistent vomiting without normal intervening periods. People with this syndrome often demonstrate frequent showering or bathing behavior.\n\nCannabis hyperemesis syndrome can be confused with cyclic vomiting syndrome. To rule out cannabis hyperemesis syndrome, you need to stop using marijuana for at least one to two weeks to see if vomiting lessens. If it doesn't, your doctor will continue testing for cyclic vomiting syndrome.", 
    "Symptoms": "The symptoms of cyclic vomiting syndrome often begin in the morning. Signs and symptoms include:\n\n<ul>\n<li>Severe vomiting that occurs several times an hour, continues for hours to days, but lasts less than one week</li>\n<li>Three or more separate episodes of vomiting with no apparent cause in the past six months, or five or more episodes occurring at any time</li>\n<li>Severe nausea</li>\n<li>Intense sweating</li>\n</ul>\n\n\nOther signs and symptoms during a vomiting episode may include:\n\n<ul>\n<li>Abdominal pain</li>\n<li>Diarrhea</li>\n<li>Fever</li>\n<li>Dizziness</li>\n<li>Sensitivity to light</li>\n<li>Headache</li>\n<li>Retching or gagging</li>\n</ul>\n\n\nThe time between vomiting episodes is usually symptom-free.\n\nCall your doctor if you see blood in your or your child's vomit.\n\nContinued vomiting may cause severe dehydration that can be life-threatening. Call your doctor if you or your child is showing symptoms of dehydration, such as:\n\n<ul>\n<li>Excess thirst</li>\n<li>Less urination</li>\n<li>Dry skin</li>\n<li>Exhaustion and listlessness</li>\n</ul>", 
    "Title": "Cyclic vomiting syndrome", 
    "Treatment": "There's no cure for cyclic vomiting syndrome, though many children no longer have vomiting episodes by the time they reach adulthood. For those experiencing cyclic vomiting episode, treatment focuses on controlling the signs and symptoms. You or your child may be prescribed:\n\n<ul>\n<li>Anti-nausea drugs</li>\n<li>Pain-relieving medications</li>\n<li>Medications that suppress stomach acid</li>\n<li>Antidepressants</li>\n<li>Anti-seizure medications</li>\n</ul>\n\n\nThe same types of medications used for migraines can sometimes help stop or even prevent episodes of cyclic vomiting. These medications may be recommended for people whose episodes are frequent and long lasting, or for people with a family history of migraine.\n\nIV fluids may need to be given to prevent dehydration. Treatment is individualized based on the severity and duration of symptoms as well as the presence of complications."
}