{
    "Aliases": [], 
    "Causes": "Frostbite occurs when skin and underlying tissues freeze. The most common cause of frostbite is exposure to cold-weather conditions. But it can also be caused by direct contact with ice, frozen metal or very cold liquids.\n\nSpecific conditions that lead to frostbite include:\n\n<ul>\n<li>Wearing clothing that isn't suitable for the conditions you're in \u2014 for example, it doesn't protect against cold, windy or wet weather or it's too tight.</li>\n<li>Staying out in the cold and wind too long. Risk increases as air temperature falls below 5 F (minus 15 C), even with low wind speeds. In wind chill of minus 16.6 F (minus 27 C), frostbite can occur on exposed skin in less than 30 minutes.</li>\n<li>Touching materials such as ice, cold packs or frozen metal.</li>\n</ul>", 
    "Complications": "Complications of frostbite include:\n\n<ul>\n<li>Increased sensitivity to cold</li>\n<li>Increased risk of developing frostbite again</li>\n<li>Long-term numbness in the affected area</li>\n<li>Excessive sweating (hyperhidrosis)</li>\n<li>Changes in skin color</li>\n<li>Changes in or loss of nails</li>\n<li>Joint stiffness (frostbite arthritis)</li>\n<li>Growth defects in children, if frostbite damages a bone's growth plate</li>\n<li>Infection</li>\n<li>Tetanus</li>\n<li>Gangrene \u2014 decay and death of tissue resulting from an interruption of blood flow to the affected area \u2014 which can result in amputation</li>\n<li>Hypothermia</li>\n</ul>", 
    "Diagnosis": "The diagnosis of frostbite is usually made based on your signs and symptoms, the appearance of your skin, and a review of recent activities in which you were exposed to cold.\n\nYour doctor may conduct tests, such as an X-ray, a bone scan or an MRI. These can help him or her determine the severity of your frostbite and check whether bone or muscle is damaged.", 
    "Id": "syc-20372656", 
    "Lifestyle and home remedies": "To care for your skin after frostbite:\n\n<ul>\n<li>Take all medications \u2014 antibiotics or pain medicine \u2014 as prescribed by your doctor. For milder cases of frostbite, take over-the-counter ibuprofen (Advil, Motrin IB, others) to reduce pain and inflammation.</li>\n<li>For superficial frostbite that has been rewarmed, some people find it soothing to apply aloe vera gel or lotion to the affected area several times a day.</li>\n<li>Avoid further exposure to cold and wind.</li>\n<li>Remove rings or other tight items. Try to do this before the affected area swells.</li>\n<li>Don't walk on frostbitten feet.</li>\n<li>Don't apply direct heat or rub the area.</li>\n<li>Don't break blisters that may develop. Blisters act like a bandage. Allow blisters to break on their own.</li>\n</ul>", 
    "Overview": "Frostbite is an injury caused by freezing of the skin and underlying tissues. First your skin becomes very cold and red, then numb, hard and pale. Frostbite is most common on the fingers, toes, nose, ears, cheeks and chin. Exposed skin in cold, windy weather is most vulnerable to frostbite. But frostbite can occur on skin covered by gloves or other clothing.\n\nFrostnip is a milder form of cold injury that doesn't cause permanent skin damage. You can treat frostnip with first-aid measures, including rewarming the affected skin. All other frostbite requires medical attention because it can damage skin, tissues, muscle and bones. Possible complications of severe frostbite include infection and nerve damage.", 
    "Preparing for your appointment": "Call your doctor if you suspect you have frostbite or hypothermia. Depending on the severity of your symptoms, you may be told to go to an emergency room.\n\nIf you have time before your appointment, use the information below to get ready for your medical evaluation.\n\n<b>What you can do</b>\n<ul>\n<li>List any signs and symptoms you're experiencing and for how long. It will help your doctor to have as many details as possible about your cold exposure and to know if your signs and symptoms have changed or progressed.</li>\n<li>List your key medical information, including any other conditions with which you've been diagnosed. Also list all medications you're taking, including over-the-counter medications and supplements.</li>\n<li>Make a note of the date of your last tetanus shot. Frostbite increases the risk of tetanus. If you haven't been vaccinated or if your last shot was more than 10 years ago, your doctor may recommend that you be vaccinated.</li>\n<li>List questions to ask your doctor. Being prepared will help you make the most of the time you have with your doctor.</li>\n</ul>\n\n\nFor frostbite, some basic questions to ask your doctor include:\n\n<ul>\n<li>Are tests needed to confirm the diagnosis?</li>\n<li>What are my treatment options and the pros and cons for each?</li>\n<li>What results can I expect?</li>\n<li>What skin care routines do you recommend while the frostbite heals?</li>\n<li>What kind of follow-up, if any, should I expect?</li>\n<li>What changes in my skin should I look for?</li>\n</ul>\n\n\nDon't hesitate to ask any other questions that occur to you.", 
    "Prevention": "Frostbite can be prevented. Here are tips to help you stay safe and warm.\n\n<ul>\n<li>Limit time you're outdoors in cold, wet or windy weather. Pay attention to weather forecasts and wind chill readings. In very cold, windy weather, exposed skin can develop frostbite in a matter of minutes.</li>\n<li>Dress in several layers of loose, warm clothing. Air trapped between the layers of clothing acts as insulation against the cold. Wear windproof and waterproof outer garments to protect against wind, snow and rain. Choose undergarments that wick moisture away from your skin. Change out of wet clothing \u2014 particularly gloves, hats and socks \u2014 as soon as possible.</li>\n<li>Wear a hat or headband that fully covers your ears. Heavy woolen or windproof materials make the best headwear for cold protection.</li>\n<li>Wear mittens rather than gloves. Mittens provide better protection. Or try a thin pair of glove liners made of a wicking material (such as polypropylene) under a pair of heavier gloves or mittens.</li>\n<li>Wear socks and sock liners that fit well, wick moisture and provide insulation. You might also try hand and foot warmers. Be sure the foot warmers don't make your boots too tight, restricting blood flow.</li>\n<li>Watch for signs of frostbite. Early signs of frostbite include red or pale skin, prickling, and numbness. Seek warm shelter if you notice signs of frostbite.</li>\n<li>Plan to protect yourself. When traveling in cold weather, carry emergency supplies and warm clothing in case you become stranded. If you'll be in remote territory, tell others your route and expected return date.</li>\n<li>Don't drink alcohol if you plan to be outdoors in cold weather. Alcoholic beverages cause your body to lose heat faster.</li>\n<li>Eat well-balanced meals and stay hydrated. Doing this even before you go out in the cold will help you stay warm.</li>\n<li>Keep moving. Exercise can get the blood flowing and help you stay warm, but don't do it to the point of exhaustion.</li>\n</ul>", 
    "Risk factors": "The following factors increase the risk of frostbite:\n\n<ul>\n<li>Medical conditions that affect your ability to feel or respond to cold, such as dehydration, excessive sweating, exhaustion, diabetes and poor blood flow in your limbs</li>\n<li>Alcohol or drug abuse</li>\n<li>Smoking</li>\n<li>Fear, panic or mental illness, if it inhibits good judgment or hampers your ability to respond to cold</li>\n<li>Previous frostbite or cold injury</li>\n<li>Being an infant or older adult, both of whom may have a harder time producing and retaining body heat</li>\n<li>Being at high altitude, which reduces the oxygen supply to your skin</li>\n</ul>", 
    "Symptoms": "Signs and symptoms of frostbite include:\n\n<ul>\n<li>At first, cold skin and a prickling feeling</li>\n<li>Numbness</li>\n<li>Red, white, bluish-white or grayish-yellow skin</li>\n<li>Hard or waxy-looking skin</li>\n<li>Clumsiness due to joint and muscle stiffness</li>\n<li>Blistering after rewarming, in severe cases</li>\n</ul>\n\n\nFrostbite is most common on the fingers, toes, nose, ears, cheeks and chin. Because of skin numbness, you may not realize you have frostbite until someone else points it out.\n\nFrostbite occurs in several stages:\n\n<ul>\n<li>Frostnip. Frostnip is a mild form of frostbite. Continued exposure leads to numbness in the affected area. As your skin warms, you may feel pain and tingling. Frostnip doesn't permanently damage the skin.</li>\n<li>Superficial frostbite. Superficial frostbite appears as reddened skin that turns white or pale. Your skin may begin to feel warm \u2014 a sign of serious skin involvement. If you treat frostbite with rewarming at this stage, the surface of your skin may appear mottled. And you may notice stinging, burning and swelling. A fluid-filled blister may appear 12 to 36 hours after rewarming the skin.</li>\n<li>Deep (severe) frostbite. As frostbite progresses, it affects all layers of the skin, including the tissues that lie below. Your skin turns white or bluish gray and you may experience numbness, losing all sensation of cold, pain or discomfort in the affected area. Joints or muscles may no longer work. Large blisters form 24 to 48 hours after rewarming. Afterward, the area turns black and hard as the tissue dies.</li>\n</ul>\n\n\n<b>When to see a doctor</b>\nSeek medical attention for frostbite if you experience:\n\n<ul>\n<li>Signs and symptoms of superficial or deep frostbite</li>\n<li>Increased pain, swelling, redness or discharge in the area that was frostbitten</li>\n<li>Fever</li>\n<li>New, unexplained symptoms</li>\n</ul>\n\n\nGet emergency medical help if you suspect hypothermia, a condition in which your body loses heat faster than it can be produced. Signs and symptoms of hypothermia include:\n\n<ul>\n<li>Intense shivering</li>\n<li>Slurred speech</li>\n<li>Drowsiness and loss of coordination</li>\n</ul>\n\n\n<b>What you can do in the meantime</b>\nWhile you wait for your emergency medical help or a doctor's appointment, take appropriate self-care measures, such as:\n\n<ul>\n<li>Protecting the affected area from further cold</li>\n<li>Not walking on frostbitten feet</li>\n<li>Reducing pain with ibuprofen (Advil, Motrin IB, others)</li>\n</ul>", 
    "Title": "Frostbite", 
    "Treatment": "Minor frostbite can be treated at home with basic first-aid measures. For all other frostbite, after appropriate first aid and assessment for hypothermia, treatment may involve rewarming, medications, wound care, surgery and various therapies, depending on the severity of your injury.\n\n<ul>\n<li>Rewarming of the skin. If it hasn't been done already, your doctor will rewarm the area using a warm-water bath for 15 to 30 minutes. The skin may turn soft and look red or purple. You may be encouraged to gently move the affected area as it rewarms.</li>\n<li>Oral pain medicine. Because the rewarming process can be painful, your doctor will likely give you a drug to ease the pain.</li>\n<li>Protecting the injury. Once your skin thaws, your doctor may loosely wrap the area with sterile sheets, towels or dressings to protect the skin. Or he or she may protect your fingers or toes as they thaw by gently separating them from each other. And you may need to elevate the affected area to reduce swelling.</li>\n<li>Removal of damaged tissue (debridement). To heal properly, frostbitten skin needs to be free of damaged, dead or infected tissue. To better distinguish between healthy and dead tissue, your doctor may wait one to three months before removing damaged tissue.</li>\n<li>Whirlpool therapy or physical therapy. Soaking in a whirlpool bath (hydrotherapy) can aid healing by keeping skin clean and naturally removing dead tissue. You may be encouraged to gently move the affected area.</li>\n<li>Infection-fighting drugs. If your skin or blisters appear infected, your doctor may prescribe oral antibiotics.</li>\n<li>Clot-busting drugs. You may receive an intravenous injection (IV) of a drug that helps restore blood flow (thrombolytic), such as tissue plasminogen activator (TPA). Studies of people with severe frostbite show that TPA lowers the risk of amputation. But these drugs can cause serious bleeding and are typically used only in the most serious situations and within 24 hours of exposure.</li>\n<li>Wound care. A variety of wound care techniques may be used, depending on the extent of injury.</li>\n<li>Surgery. People who have experienced severe frostbite may in time need surgery or amputation to remove dead or decaying tissue.</li>\n<li>Hyperbaric oxygen therapy. Hyperbaric oxygen therapy involves breathing pure oxygen in a pressurized room. Some patients showed improved symptoms after this therapy. But more study is needed.</li>\n</ul>"
}