{
    "Aliases": [], 
    "Causes": "It's not known what causes complicated grief. As with many mental health disorders, it may involve your environment, your personality, inherited traits and your body's natural chemical makeup.", 
    "Complications": "Complicated grief can affect you physically, mentally and socially. Without appropriate treatment, complications may include:\n\n<ul>\n<li>Depression</li>\n<li>Suicidal thoughts or behaviors</li>\n<li>Anxiety, including PTSD</li>\n<li>Significant sleep disturbances</li>\n<li>Increased risk of physical illness, such as heart disease, cancer or high blood pressure</li>\n<li>Long-term difficulty with daily living, relationships or work activities</li>\n<li>Alcohol, nicotine use or substance misuse</li>\n</ul>", 
    "Coping and support": "Although it's important to get professional treatment for complicated grief, these strategies also may help you cope:\n\n<ul>\n<li>Stick to your treatment plan. Attend therapy appointments as scheduled and practice skills learned in therapy. If needed, take medications as directed.</li>\n<li>Practice stress management. Learn how to better manage stress. Unmanaged stress can lead to depression, overeating, or other unhealthy thoughts and behaviors.</li>\n<li>Take care of yourself. Get enough rest, eat a healthy diet and take time to relax. Exercise regularly. Physical activity can help relieve stress, depression and anxiety. Don't turn to alcohol or recreational drugs for relief.</li>\n<li>Reach out to your faith community. If you follow religious practices or traditions, you may gain comfort from rituals or guidance from a spiritual leader.</li>\n<li>Socialize. Stay connected with people you enjoy being around. They can offer support, a shoulder to cry on or shared laughter to give you a little boost.</li>\n<li>Plan ahead for special dates or anniversaries. Holidays, anniversaries and special occasions can trigger painful reminders of your loved one. Find new ways to celebrate, positively reminisce or acknowledge your loved one that provide you comfort and hope.</li>\n<li>Learn new skills. If you were highly dependent on your loved one, for example, to handle the cooking or finances, try to master these tasks yourself. Ask family, friends or professionals for guidance, if necessary. Seek out community classes and resources, too.</li>\n<li>Join a support group. You may not be ready to join a support group immediately after your loss, but over time you may find shared experiences comforting and you may form meaningful new relationships.</li>\n</ul>", 
    "Diagnosis": "Grieving is a highly individual process for each person, and determining when normal grief becomes complicated grief can be difficult. There's currently no consensus among mental health experts about how much time must pass before complicated grief can be diagnosed.\n\nComplicated grief may be considered when the intensity of grief has not decreased in the months after your loved one's death. Some mental health professionals diagnose complicated grief when grieving continues to be intense, persistent and debilitating beyond 12 months.\n\nThere are many similarities between complicated grief and major depression, but there are also distinct differences. In some cases, clinical depression and complicated grief occur together. Getting the correct diagnosis is essential for appropriate treatment, so a comprehensive medical and psychological exam is often done.", 
    "Id": "syc-20360374", 
    "Overview": "Losing a loved one is one of the most distressing and, unfortunately, common experiences people face. Most people experiencing normal grief and bereavement have a period of sorrow, numbness, and even guilt and anger. Gradually these feelings ease, and it's possible to accept loss and move forward.\n\nFor some people, feelings of loss are debilitating and don't improve even after time passes. This is known as complicated grief, sometimes called persistent complex bereavement disorder. In complicated grief, painful emotions are so long lasting and severe that you have trouble recovering from the loss and resuming your own life.\n\nDifferent people follow different paths through the grieving experience. The order and timing of these phases may vary from person to person:\n\n<ul>\n<li>Accepting the reality of your loss</li>\n<li>Allowing yourself to experience the pain of your loss</li>\n<li>Adjusting to a new reality in which the deceased is no longer present</li>\n<li>Having other relationships</li>\n</ul>\n\n\nThese differences are normal. But if you're unable to move through these stages more than a year after the death of a loved one, you may have complicated grief. If so, seek treatment. It can help you come to terms with your loss and reclaim a sense of acceptance and peace.", 
    "Preparing for your appointment": "You may start by contacting your doctor. After your initial appointment, your doctor may refer you to a mental health professional who can help diagnose your symptoms and provide a treatment plan.\n\nYou may want to ask a trusted family member or friend to be present for your appointment, if possible, to help you remember key information.\n\nHere's some information to help you prepare for your appointment.\n\n<b>What you can do</b>\nBefore your appointment, make a list of:\n\n<ul>\n<li>Any symptoms you've been experiencing and for how long. Your doctor will want to know the extent to which these symptoms are affecting your daily life, including work and personal relationships.</li>\n<li>Your key personal information, especially any additional major stress or change you've experienced since your loved one died, such as serious illness, significant family disruptions or financial problems.</li>\n<li>Medical information, including other physical or mental health conditions with which you've been diagnosed.</li>\n<li>All medications, vitamins, herbs or other supplements you're taking, and the dosages.</li>\n<li>Questions you'd like to ask your doctor.</li>\n</ul>\n\n\nSome questions to ask your doctor or mental health professional include:\n\n<ul>\n<li>Do you think my symptoms are more severe than what's typical after a loved one's death?</li>\n<li>Do you think psychotherapy would help me?</li>\n<li>Are medications available that could improve my symptoms?</li>\n<li>What are the possible side effects of those medications?</li>\n<li>What self-care steps are most likely to help me?</li>\n<li>Are there local support groups or online support groups that might help me?</li>\n<li>How long do you expect it will take me to feel better with treatment?</li>\n<li>Will I eventually feel like myself again?</li>\n</ul>\n\n\nDon't hesitate to ask other questions during your appointment.\n\n<b>What to expect from your doctor</b>\nYour doctor or mental health professional will likely ask you a number of questions. Be ready to answer them to reserve time to go over any points you want to focus on. Questions may include:\n\n<ul>\n<li>How often do you think about your deceased loved one?</li>\n<li>Do you believe you could have prevented your loved one's death?</li>\n<li>Do you ever wish that you had died along with your loved one?</li>\n<li>How well are you functioning in your daily life, such as work, household maintenance and relationships?</li>\n<li>Have you experienced any other major stresses, changes or loss since your loved one died?</li>\n<li>Have you had trouble eating or sleeping since your loved one died?</li>\n<li>How much social support would you say you have, such as from relatives, friends or a church community?</li>\n<li>Have you been diagnosed with any medical conditions?</li>\n<li>Have you ever been treated for mental health conditions? If yes, what type of therapy was most beneficial?</li>\n<li>Have you ever thought about harming yourself or others?</li>\n<li>Do you drink alcohol or use recreational drugs? If so, how often?</li>\n</ul>", 
    "Prevention": "It's not clear how to prevent complicated grief. Getting counseling soon after a loss may help, especially for people at increased risk of developing complicated grief. In addition, caregivers providing end-of-life care for a loved one may benefit from counseling and support to help prepare for death and its emotional aftermath.\n\n<ul>\n<li>Talking. Talking about your grief and allowing yourself to cry also can help prevent you from getting stuck in your sadness. As painful as it is, trust that in most cases, your pain will start to lift if you allow yourself to feel it.</li>\n<li>Support. Family members, friends, social support groups and your faith community are all good options to help you work through your grief. You may be able to find a support group focused on a particular type of loss, such as the death of a spouse or a child. Ask your doctor to recommend local resources.</li>\n<li>Bereavement counseling. Through early counseling after a loss, you can explore emotions surrounding your loss and learn healthy coping skills. This may help prevent negative thoughts and beliefs from gaining such a strong hold that they're difficult to overcome.</li>\n</ul>", 
    "Risk factors": "Complicated grief occurs more often in females and with older age. Factors that may increase the risk of developing complicated grief include:\n\n<ul>\n<li>An unexpected or violent death, such as death from a car accident, or the murder or suicide of a loved one</li>\n<li>Death of a child</li>\n<li>Close or dependent relationship to the deceased person</li>\n<li>Social isolation or loss of a support system or friendships</li>\n<li>Past history of depression, separation anxiety or post-traumatic stress disorder (PTSD)</li>\n<li>Traumatic childhood experiences, such as abuse or neglect</li>\n<li>Other major life stressors, such as major financial hardships</li>\n</ul>", 
    "Symptoms": "During the first few months after a loss, many signs and symptoms of normal grief are the same as those of complicated grief. However, while normal grief symptoms gradually start to fade over time, those of complicated grief linger or get worse. Complicated grief is like being in an ongoing, heightened state of mourning that keeps you from healing.\n\nSigns and symptoms of complicated grief may include:\n\n<ul>\n<li>Intense sorrow, pain and rumination over the loss of your loved one</li>\n<li>Focus on little else but your loved one's death</li>\n<li>Extreme focus on reminders of the loved one or excessive avoidance of reminders</li>\n<li>Intense and persistent longing or pining for the deceased</li>\n<li>Problems accepting the death</li>\n<li>Numbness or detachment</li>\n<li>Bitterness about your loss</li>\n<li>Feeling that life holds no meaning or purpose</li>\n<li>Lack of trust in others</li>\n<li>Inability to enjoy life or think back on positive experiences with your loved one</li>\n</ul>\n\n\nComplicated grief also may be indicated if you continue to:\n\n<ul>\n<li>Have trouble carrying out normal routines</li>\n<li>Isolate from others and withdraw from social activities</li>\n<li>Experience depression, deep sadness, guilt or self-blame</li>\n<li>Believe that you did something wrong or could have prevented the death</li>\n<li>Feel life isn't worth living without your loved one</li>\n<li>Wish you had died along with your loved one</li>\n</ul>\n\n\n<b>When to see a doctor</b>\nContact your doctor or a mental health professional if you have intense grief and problems functioning that don't improve at least one year after the passing of your loved one.\n\n<b>If you have thoughts of suicide</b>\nAt times, people with complicated grief may consider suicide. If you're thinking about suicide, talk to someone you trust. If you think you may act on suicidal feelings, call 911 or your local emergency services number right away. Or call a suicide hotline number. In the United States, call the National Suicide Prevention Lifeline at 800-273-TALK (800-273-8255) to reach a trained counselor.", 
    "Title": "Complicated grief", 
    "Treatment": "Your doctor or mental health professional considers your particular symptoms and circumstances in determining what treatment is likely to work best for you.\n\n<b>Psychotherapy</b>\nComplicated grief is often treated with a type of psychotherapy called complicated grief therapy. It's similar to psychotherapy techniques used for depression and PTSD, but it's specifically for complicated grief. This treatment can be effective when done individually or in a group format.\n\nDuring therapy, you may:\n\n<ul>\n<li>Learn about complicated grief and how it's treated</li>\n<li>Explore such topics as grief reactions, complicated grief symptoms, adjusting to your loss and redefining your life goals</li>\n<li>Hold imagined conversations with your loved one and retell the circumstances of the death to help you become less distressed by images and thoughts of your loved one</li>\n<li>Explore and process thoughts and emotions</li>\n<li>Improve coping skills</li>\n<li>Reduce feelings of blame and guilt</li>\n</ul>\n\n\nOther types of psychotherapy can help you address other mental health conditions, such as depression or PTSD, which can occur along with complicated grief.\n\n<b>Medications</b>\nThere's little solid research on the use of psychiatric medications to treat complicated grief. However, antidepressants may be helpful in people who have clinical depression as well as complicated grief."
}