{
    "Aliases": [], 
    "Causes": "Carotid artery disease is caused by a buildup of plaques in arteries that deliver blood to your brain. Plaques are clumps of cholesterol, calcium, fibrous tissue and other cellular debris that gather at microscopic injury sites within the artery. This process is called atherosclerosis.\n\nCarotid arteries that are clogged with plaques are stiff and narrow. Clogged carotid arteries have trouble delivering oxygen and nutrients to vital brain structures that are responsible for your day-to-day functioning.", 
    "Clinical trials": "Explore Mayo Clinic studies testing new treatments, interventions and tests as a means to prevent, detect, treat or manage this disease.", 
    "Complications": "Carotid artery disease causes about 10 to 20 percent of strokes. A stroke is a medical emergency that can leave you with permanent brain damage and muscle weakness. In severe cases, a stroke can be fatal.\n\nCarotid artery disease can lead to stroke through:\n\n<ul>\n<li>Reduced blood flow. A carotid artery may become so narrowed by atherosclerosis that not enough blood is able to reach portions of your brain.</li>\n<li>Ruptured plaques. A piece of a plaque may break off and flow to smaller arteries in your brain. The plaque fragment may get stuck in one of these smaller arteries, creating a blockage that cuts off blood supply to part of your brain.</li>\n<li>Blood clot blockage. Some plaques are prone to cracking and forming irregular surfaces on the artery wall. Your body reacts as if to an injury and sends blood cells that help the clotting process to the area. The result can be a large clot that blocks or slows blood flow to the brain, causing a stroke.</li>\n</ul>", 
    "Diagnosis": "Your doctor is likely to start with a thorough medical history and physical examination. The exam generally includes listening for a swooshing sound (bruit) over the carotid artery in your neck, a sound that's characteristic of a narrowed artery. Your doctor may then test your physical and mental capabilities such as strength, memory and speech.\n\nAfter that, your doctor may recommend:\n\n<ul>\n<li>Ultrasound, to assess blood flow and pressure in the carotid arteries.</li>\n<li>CT or MRI, to look for evidence of stroke or other abnormalities.</li>\n<li>CT angiography or MR angiography, which provides additional images of blood flow in the carotid arteries. A contrast dye is injected into a blood vessel, and a CT scan or an MRI gathers images of your neck and brain.</li>\n</ul>", 
    "Id": "syc-20360519", 
    "Overview": "Carotid artery disease occurs when fatty deposits (plaques) clog the blood vessels that deliver blood to your brain and head (carotid arteries). The blockage increases your risk of stroke, a medical emergency that occurs when the blood supply to the brain is interrupted or seriously reduced.\n\nStroke deprives your brain of oxygen. Within minutes, brain cells begin to die. Stroke is the most common cause of death and the leading cause of permanent disability in the U.S.\n\nCarotid artery disease develops slowly. The first sign that you have the condition may be a stroke or transient ischemic attack (TIA). A TIA is a temporary shortage of blood flow to your brain.\n\nTreatment of carotid artery disease usually involves a combination of lifestyle changes, medication and sometimes surgery.", 
    "Preparing for your appointment": "You may be referred to a doctor who specializes in disorders of the brain and nervous system (neurologist).\n\n<b>What you can do</b>\n<ul>\n<li>Write down your symptoms, including any that may seem unrelated to the reason why you scheduled the appointment.</li>\n<li>Make a list of all your medications, vitamins and supplements.</li>\n<li>Write down your key medical information, including other conditions.</li>\n<li>Write down key personal information, including any recent changes or stressors in your life.</li>\n<li>Write down questions to ask your doctor.</li>\n<li>Ask a relative or friend to accompany you, to help you remember what the doctor says.</li>\n</ul>\n\n\n<b>Questions to ask your doctor</b>\n<ul>\n<li>What's the most likely cause of my symptoms?</li>\n<li>What kinds of tests do I need?</li>\n<li>What kinds of treatments do I need?</li>\n<li>Should I make any lifestyle changes?</li>\n</ul>\n\n\nIn addition to the questions that you've prepared to ask your doctor, don't hesitate to ask other questions during your appointment.\n\n<b>What to expect from your doctor</b>\nYour doctor is likely to ask you a number of questions. Being ready to answer them may make time to go over points you want to spend more time on. You may be asked:\n\n<ul>\n<li>Have you had any stroke-like signs and symptoms, such as weakness on one side of your body, trouble speaking or sudden vision problems?</li>\n<li>When did you first begin experiencing symptoms? How long did they last?</li>\n<li>Do you smoke?</li>\n<li>How much alcohol do you drink?</li>\n<li>Do you exercise regularly?</li>\n<li>What do you eat in a typical day?</li>\n<li>Do you have a family history of heart disease or stroke?</li>\n<li>Do you have symptoms of sleep apnea?</li>\n<li>Have you been diagnosed with any other medical conditions?</li>\n</ul>", 
    "Prevention": "To prevent or slow the progression of carotid artery disease, consider these suggestions:\n\n<ul>\n<li>Don't smoke. Within a few years of quitting, a former smoker's risk of stroke is similar to a nonsmoker's.</li>\n<li>Maintain a healthy weight. Being overweight contributes to other risk factors, such as high blood pressure, cardiovascular disease, diabetes and sleep apnea.</li>\n<li>Limit cholesterol and fat. Cutting back on saturated fat, in particular, may reduce the buildup of plaques in your arteries.</li>\n<li>Eat a variety of fruits and vegetables. They contain nutrients such as potassium, folate and antioxidants, which may protect against a TIA or stroke.</li>\n<li>Limit salt. Excess salt (sodium) may increase blood pressure in people who are sensitive to sodium. Experts recommend that healthy adults eat less than 1,500 milligrams of sodium a day.</li>\n<li>Exercise regularly. Exercise can lower your blood pressure, increase your level of high-density lipoprotein (HDL) cholesterol \u2014 the \"good\" cholesterol \u2014 and improve the overall health of your blood vessels and heart. It also helps you lose weight, control diabetes and reduce stress.</li>\n<li>Limit alcohol.</li>\n<li>Control chronic conditions. Managing conditions such as diabetes and high blood pressure helps protect your arteries.</li>\n</ul>", 
    "Risk factors": "Factors that increase your risk of carotid artery disease include:\n\n<ul>\n<li>High blood pressure. Excess pressure on artery walls can weaken them and make them more vulnerable to damage.</li>\n<li>Tobacco use. Nicotine can irritate the inner lining of your arteries. Smoking also increases your heart rate and blood pressure.</li>\n<li>Diabetes. Diabetes lowers your ability to process fats efficiently, placing you at greater risk of high blood pressure and atherosclerosis.</li>\n<li>High blood-fat levels. High levels of low-density lipoprotein cholesterol and high levels of triglycerides, a blood fat, encourage the accumulation of plaques.</li>\n<li>Family history. Your risk of carotid artery disease is higher if a relative has atherosclerosis or coronary artery disease.</li>\n<li>Age. Arteries become less flexible and more prone to injury with age.</li>\n<li>Obesity. Excess weight increases your chances of high blood pressure, atherosclerosis and diabetes.</li>\n<li>Sleep apnea. Spells of stopping breathing at night may increase your risk of stroke.</li>\n<li>Lack of exercise. It contributes to conditions that damage your arteries, including high blood pressure, diabetes and obesity.</li>\n</ul>", 
    "Symptoms": "In its early stages, carotid artery disease often doesn't produce any signs or symptoms. The condition may go unnoticed until it's serious enough to deprive your brain of blood, causing a stroke or TIA.\n\nSigns and symptoms of a stroke or TIA include:\n\n<ul>\n<li>Sudden numbness or weakness in the face or limbs, often on only one side of the body</li>\n<li>Sudden trouble speaking and understanding</li>\n<li>Sudden trouble seeing in one or both eyes</li>\n<li>Sudden dizziness or loss of balance</li>\n<li>Sudden, severe headache with no known cause</li>\n</ul>\n\n\n<b>When to see a doctor</b>\nSeek emergency care if you experience any signs or symptoms of stroke. Even if they last only a short while and then you feel normal, see a doctor right away. You may have experienced a TIA, an important sign that you're at risk of a full-blown stroke.\n\nTalk to your doctor if you have risk factors for carotid artery disease. Even if you don't have any signs or symptoms, your doctor may recommend aggressive management of your risk factors to protect you from stroke. Seeing a doctor early increases your chances that carotid artery disease will be found and treated before a disabling stroke occurs.", 
    "Title": "Carotid artery disease", 
    "Treatment": "The goal in treating carotid artery disease is to prevent stroke. Specific treatments depend on the extent of blockage in your carotid arteries.\n\nIf blockage is mild to moderate, your doctor may recommend:\n\n<ul>\n<li>Lifestyle changes to slow the progression of atherosclerosis. Recommendations may include quitting smoking, losing weight, eating healthy foods, reducing salt and exercising regularly.</li>\n<li>Medication to control blood pressure or lower cholesterol. Your doctor may also recommend taking a daily aspirin or other blood-thinning medication to prevent blood clots.</li>\n</ul>\n\n\nIf blockage is severe, or if you've already had a TIA or stroke, your doctor may recommend removing the blockage from the artery. The options include:\n\n<ul>\n<li>Carotid endarterectomy, the most common treatment for severe carotid artery disease. After making an incision along the front of your neck, the surgeon opens the affected carotid artery and removes the plaques. The artery is repaired with either stitches or a graft.</li>\n<li>Carotid angioplasty and stenting, if the blockage is too difficult to reach with carotid endarterectomy or you have other health conditions that make surgery too risky. You are given local anesthesia and a tiny balloon is threaded by catheter to the area of the clog. The balloon is inflated to widen the artery, and a small wire mesh coil (stent) is inserted to keep the artery from narrowing again.</li>\n</ul>"
}