{
    "Aliases": [], 
    "Causes": "Hypoglycemia is most common among people who take insulin, but it can also occur if you're taking certain oral diabetes medications.\n\nCommon causes of diabetic hypoglycemia include:\n\n<ul>\n<li>Taking too much insulin or diabetes medication</li>\n<li>Not eating enough</li>\n<li>Postponing or skipping a meal or snack</li>\n<li>Increasing exercise or physical activity without eating more or adjusting your medications</li>\n<li>Drinking alcohol</li>\n</ul>\n\n\n<b>Blood sugar regulation</b>\nThe hormone insulin lowers glucose levels when glucose is elevated. If you have type 1 or type 2 diabetes and need insulin to control your blood sugar, taking more insulin than you need can cause your blood sugar level to drop too low and result in hypoglycemia.\n\nHypoglycemia also may result if, after taking your diabetes medication, you eat less than usual or exercise more than you normally do. Your doctor can work with you to prevent this imbalance by finding the dose that fits your regular eating and activity patterns.", 
    "Complications": "If you ignore the symptoms of hypoglycemia too long, you may lose consciousness. That's because your brain needs glucose to function. Recognize the signs and symptoms of hypoglycemia early because if untreated, hypoglycemia can lead to:\n\n<ul>\n<li>Seizures</li>\n<li>Loss of consciousness</li>\n<li>Death</li>\n</ul>\n\n\nOn the other hand, be careful not to overtreat your low blood sugar. If you do, you may cause your blood sugar level to rise too high (hyperglycemia), which can become a problem with repeated episodes of hypoglycemia.", 
    "Diagnosis": "You can determine if you have low blood sugar by using a blood glucose meter \u2014 a small computerized device that measures and displays your blood sugar level. You have hypoglycemia when your blood sugar level drops below 70 mg/dL (3.9 mmol/L).\n\n It's important to record the date, time, test results, medication and dosage, and diet and exercise information each time you test your blood. Also, note any low blood sugar reactions. Your doctor diagnoses hypoglycemia using your records and looks for patterns to see how your medications and lifestyle affect your blood sugar.", 
    "Id": "syc-20371525", 
    "Overview": "For people with diabetes, low blood sugar (hypoglycemia) occurs when there's too much insulin and not enough sugar (glucose) in the blood. Hypoglycemia is defined as blood sugar below 70 milligrams per deciliter (mg/dL), or 3.9 millimoles per liter (mmol/L).\n\nSeveral factors can cause hypoglycemia in people with diabetes, including taking too much insulin or other diabetes medications, skipping a meal, or exercising harder than usual.\n\nPay attention to early warning signs, so you can treat low blood sugar promptly. Treatment involves short-term solutions \u2014 such as taking glucose tablets or drinking fruit juice \u2014 to raise your blood sugar into a normal range.\n\nUntreated, diabetic hypoglycemia can lead to seizures and loss of consciousness \u2014 a medical emergency. Rarely, it can be deadly. Tell family and friends what symptoms to look for and what to do in case you're not able to treat the condition yourself.", 
    "Preparing for your appointment": "If you have symptoms of hypoglycemia several times a week, make an appointment with your doctor. Together you can determine what's contributing to the hypoglycemia and decide what changes to make to prevent it.\n\nHere's some information to help you get ready for your appointment.\n\n<b>What you can do</b>\n<ul>\n<li>Be aware of pre-appointment restrictions. For blood sugar testing, you'll need to refrain from eating or drinking anything but water for eight hours for a fasting glucose test or four hours for a pre-meal test. When you make the appointment, ask if fasting is necessary.</li>\n<li>Write down your symptoms and how often they occur. It may help to keep a record of low blood sugar reactions so that you and your doctor can see patterns leading to hypoglycemia.</li>\n<li>Write down key personal information, including major stresses or recent life changes. If you're monitoring your glucose values at home, bring a record of the glucose results, detailing the dates and times of testing.</li>\n<li>List medications, vitamins and supplements you take.</li>\n<li>Create a record of metered glucose values. Give your doctor a written or printed record of your blood glucose values, times and medication.</li>\n<li>Take your glucose meter with you. Some meters download recorded glucose values, which often can be done at your doctor's office.</li>\n<li>Write down questions to ask your doctor. Be clear about aspects of your diabetes management that you need clarified.</li>\n</ul>\n\n\nFor diabetic hypoglycemia, questions you may want to ask include:\n\n<ul>\n<li>How often do I need to monitor my blood sugar?</li>\n<li>What is my goal range?</li>\n<li>How do diet, exercise and weight changes affect my blood sugar?</li>\n<li>How can I prevent low blood sugar?</li>\n<li>Do I need to worry about high blood sugar? What are the signs and symptoms I need to watch out for?</li>\n<li>Do I need a prescription for the emergency injection of glucagon?</li>\n<li>I have other medical problems. How can I manage them together?</li>\n<li>What kind of follow-up, if any, should I expect?</li>\n</ul>\n\n\nDon't hesitate to ask other questions.\n\n<b>What to expect from your doctor</b>\nYour doctor is likely to ask you a number of questions, such as:\n\n<ul>\n<li>What symptoms do you notice when you have low blood sugar?</li>\n<li>How often do you have these symptoms?</li>\n<li>What do you do to raise your blood sugar levels?</li>\n<li>What's a typical day's diet like?</li>\n<li>Are you exercising? If so, how often?</li>\n<li>Do your family, friends and co-workers know what to do if you have severe hypoglycemia?</li>\n</ul>", 
    "Prevention": "To help prevent diabetic hypoglycemia:\n\n<ul>\n<li>Don't skip or delay meals or snacks. If you take insulin or oral diabetes medication, be consistent about the amount you eat and the timing of your meals and snacks.</li>\n<li>Monitor your blood sugar. Depending on your treatment plan, you may check and record your blood sugar level several times a week or several times a day. Careful monitoring is the only way to make sure that your blood sugar level remains within your target range.</li>\n<li>Measure medication carefully, and take it on time. Take your medication as recommended by your doctor.</li>\n<li>Adjust your medication or eat additional snacks if you increase your physical activity. The adjustment depends on the blood sugar test results and on the type and length of the activity.</li>\n<li>Eat a meal or snack with alcohol, if you choose to drink. Drinking alcohol on an empty stomach can cause hypoglycemia.</li>\n<li>Record your low glucose reactions. This can help you and your health care team identify patterns contributing to hypoglycemia and find ways to prevent them.</li>\n<li>Carry some form of diabetes identification so that in an emergency others will know that you have diabetes. Use a medical identification necklace or bracelet and wallet card.</li>\n</ul>", 
    "Symptoms": "<b>Early warning signs and symptoms</b>\nEarly signs and symptoms of diabetic hypoglycemia include:\n\n<ul>\n<li>Shakiness</li>\n<li>Dizziness</li>\n<li>Sweating</li>\n<li>Hunger</li>\n<li>Irritability or moodiness</li>\n<li>Anxiety or nervousness</li>\n<li>Headache</li>\n</ul>\n\n\n<b>Nighttime symptoms</b>\nDiabetic hypoglycemia can also occur while you sleep. Signs and symptoms, which can awaken you, include:\n\n<ul>\n<li>Damp sheets or bedclothes due to perspiration</li>\n<li>Nightmares</li>\n<li>Tiredness, irritability or confusion upon waking</li>\n</ul>\n\n\n<b>Severe symptoms</b>\nIf diabetic hypoglycemia goes untreated, signs and symptoms of severe hypoglycemia can occur. These include:\n\n<ul>\n<li>Clumsiness or jerky movements</li>\n<li>Muscle weakness</li>\n<li>Difficulty speaking or slurred speech</li>\n<li>Blurry or double vision</li>\n<li>Drowsiness</li>\n<li>Confusion</li>\n<li>Convulsions or seizures</li>\n<li>Unconsciousness</li>\n<li>Death</li>\n</ul>\n\n\nTake your symptoms seriously. Diabetic hypoglycemia can increase the risk of serious \u2014 even deadly \u2014 accidents. Identifying and correcting the factors contributing to hypoglycemia, such as medications you take or irregular mealtimes, can prevent serious complications.\n\nInforming people you trust, such as family, friends and co-workers, about hypoglycemia is important. Their knowing what symptoms to look for and what to do in case you're not able to help yourself can make a potentially difficult situation easier to manage. It's also important that they know how to give you a glucagon injection, in case it becomes necessary.\n\nSymptoms can differ from person to person or from time to time, so it's important to monitor your blood sugar levels regularly and keep track of how you're feeling when your blood sugar is low. Some people don't have or don't recognize early symptoms (hypoglycemia unawareness). If you have hypoglycemia unawareness, you may require a higher glucose goal range.\n\n<b>When to see a doctor</b>\nHypoglycemia can leave you confused or even unconscious, which requires emergency care. Make sure your family, friends and co-workers know what to do.\n\nIf you lose consciousness or can't swallow:\n\n<ul>\n<li>You shouldn't be given fluids or food, which could cause choking</li>\n<li>You need an injection of glucagon \u2014 a hormone that stimulates the release of sugar into the blood</li>\n<li>You need emergency treatment in a hospital if a glucagon injection isn't on hand</li>\n</ul>\n\n\nIf you have symptoms of hypoglycemia several times a week, see your doctor. You may need to change your medication or your dosage or otherwise adjust your diabetes treatment program.", 
    "Title": "Diabetic hypoglycemia", 
    "Treatment": "<b>Hypoglycemic management</b>\nIf you think your blood sugar may be dipping too low, check your blood sugar level with a blood glucose meter. Then eat or drink something that's mostly sugar or carbohydrates to raise your blood sugar level quickly. Foods with a lot of fat, such as chocolate, don't work as well. Examples of foods that will raise your blood sugar level quickly include:\n\n<ul>\n<li>Five to six pieces of hard candy</li>\n<li>Four ounces (120 milliliters) of fruit juice or regular \u2014 not diet \u2014 soda</li>\n<li>One tablespoon (15 milliliters) of sugar, jelly or honey</li>\n<li>Four glucose tablets (available without a prescription at most pharmacies)</li>\n<li>A serving of glucose gel (read the label for amount)</li>\n</ul>\n\n\nCheck your blood sugar level 15 to 20 minutes after eating or drinking something to raise your blood sugar. If it's still too low, eat or drink something sugary. When you feel better, eat meals and snacks as usual.\n\nIf you have symptoms of low blood sugar but can't check your blood sugar level right away, then act as though you have hypoglycemia. You might want to carry at least one sugary item with you at all times.\n\nIt's also a good idea to wear a bracelet that identifies you as someone who has diabetes.\n\n<b>Difficult-to-manage hypoglycemia</b>\nSome people have frequent and severe hypoglycemia despite medication adjustments. In these circumstances, your doctor may recommend a higher glucose goal range and prescribe glucagon, a hormone that causes blood glucose to rise.\n\nGlucagon, available only by prescription, comes in an emergency syringe kit. It contains one dose that has to be mixed before injecting. Store the glucagon at room temperature and be aware of the expiration date. If you're unconscious, the person who gives you the injection should turn you on your side to prevent choking in case you vomit.\n\nIn 15 minutes, you should be alert and able to swallow. You then need to eat. If you don't respond within 15 minutes, you need emergency medical care."
}