{
    "Aliases": [], 
    "Causes": "Accidentally swallowing or breathing in pinworm eggs causes a pinworm infection. The microscopic eggs can be carried to your mouth by contaminated food, drink or your fingers. Once swallowed, the eggs hatch in the intestines and mature into adult worms within a few weeks.\n\nFemale pinworms move to the anal area to lay their eggs, which often results in anal itching. When you scratch the itchy area, the eggs cling to your fingers and get under your fingernails. The eggs then get transferred to other surfaces, such as toys, bed linens or toilet seats. The eggs can also be transferred from contaminated fingers to food, liquids, clothes or other people.\n\nPinworm eggs can survive for two to three weeks on surfaces.", 
    "Complications": "Typical pinworm infections don't cause serious problems. In rare circumstances, heavy infestations can cause infection of female genitals.\n\nThe parasite can travel from the anal area up the vagina to the uterus, fallopian tubes and around the pelvic organs. This can cause problems such as inflammation of the vagina (vaginitis) and inflammation of the inner lining of the uterus (endometritis).\n\nAlthough rare, other complications of a pinworm infection may include:\n\n<ul>\n<li>Urinary tract infections</li>\n<li>Weight loss</li>\n</ul>", 
    "Diagnosis": "Your doctor can confirm the presence of pinworms by identifying the worms or eggs.\n\nTo help your doctor make a diagnosis, you can perform the tape test. As soon as the person you suspect has pinworms wakes up and before he or she uses the toilet, washes or gets dressed, press the adhesive side of a piece of transparent tape to the skin around the anus. The eggs stick to the tape.\n\nFor best results, perform the tape test three days in a row, and then take the pieces of tape to your doctor. Your doctor can look at the tape under a microscope to see if there are any pinworm eggs.", 
    "Id": "syc-20376382", 
    "Overview": "Pinworm infection is the most common type of intestinal worm infection in the United States and one of the most common worldwide. Pinworms are thin and white, measuring about 1/4 to 1/2 inch (about 6 to 13 millimeters) in length.\n\nWhile the infected person sleeps, female pinworms lay thousands of eggs in the folds of skin surrounding the anus. Most people infected with pinworms have no symptoms, but some people experience anal itching and restless sleep.\n\nPinworm infection occurs most often in school-age children, and the microscopic eggs are easily spread from child to child. Treatment involves oral drugs that kill the pinworms and thorough washing of pajamas, bed linens and underwear. For best results, the entire family should be treated.", 
    "Preparing for your appointment": "<b>What you can do</b>\nWhen you call to make an appointment, ask about performing the tape test. The test involves pressing the adhesive side of a piece of transparent tape to the skin around the anus of the person you suspect has pinworms as soon as the person awakens. The eggs stick to the tape.\n\nYou then take the tape to your appointment so the doctor can look for pinworms or eggs under a microscope.\n\nPreparing a list of questions can help you make the most of your time with your doctor. For pinworm infection, some basic questions to ask include:\n\n<ul>\n<li>If I don't have pinworm infection, what are other possible causes of my symptoms?</li>\n<li>If one family member has pinworms, does the whole family need to be treated?</li>\n<li>How do I rid my home of pinworms?</li>\n<li>How do I prevent reinfection?</li>\n</ul>\n\n\n<b>What to expect from your doctor</b>\nYour doctor is likely to ask a number of questions during your appointment, including:\n\n<ul>\n<li>When did the itching start?</li>\n<li>Does it occur mostly at night?</li>\n<li>Is there anything that makes the symptoms better or worse?</li>\n<li>Do other family members have similar symptoms?</li>\n<li>Do you know if you or your child has had contact with someone who has pinworms?</li>\n<li>Have you found any dead worms in pajamas, underwear or in the toilet?</li>\n</ul>\n\n\n<b>What you can do in the meantime</b>\nIf you have anal itching, try not to scratch.", 
    "Prevention": "Pinworm eggs can cling to surfaces, including toys, faucets, bedding and toilet seats, for two weeks. So besides regular cleaning of surfaces, methods to help prevent the spread of pinworm eggs or to prevent reinfection include:\n\n<ul>\n<li>Wash in the morning. Because pinworms lay their eggs at night, washing the anal area in the morning can help reduce the number of pinworm eggs on your body. Showering may help avoid possible recontamination in bath water.</li>\n<li>Change underwear and bed linen daily. This helps remove eggs.</li>\n<li>Launder in hot water. Wash bedsheets, nightclothes, underwear, washcloths and towels in hot water to help kill pinworm eggs. Dry on high heat.</li>\n<li>Don't scratch. Avoid scratching the anal area. Trim your child's fingernails so there's less space for eggs to collect. Discourage nail biting.</li>\n<li>Wash your hands. To reduce your risk of getting or spreading an infection, wash your hands thoroughly after having a bowel movement or changing a diaper and before eating.</li>\n</ul>", 
    "Risk factors": "Risk factors for pinworm infection include:\n\n<ul>\n<li>Being young. Pinworm infections are most likely to occur in children ages 5 to 10. The microscopic eggs are easily spread to family members, caregivers, or other children at school or child care centers. Pinworm infections are uncommon in children younger than age 2.</li>\n<li>Living in crowded spaces. People who live in institutions are at higher risk of developing pinworm infections.</li>\n</ul>", 
    "Symptoms": "Symptoms of pinworm infection may include:\n\n<ul>\n<li>Itching of the anal or vaginal area</li>\n<li>Insomnia, irritability and restlessness</li>\n<li>Intermittent abdominal pain and nausea</li>\n</ul>\n\n\nPinworms often cause no symptoms.\n\n<b>When to see a doctor</b>\nConsult your doctor if you have severe anal itching, especially at night.", 
    "Title": "Pinworm infection", 
    "Treatment": "To treat pinworm infection, your doctor may recommend over-the-counter pyrantel pamoate (Reese's Pinworm Medicine, others) or prescribe medication to all members of your household to prevent infection and reinfection.\n\nThe most common prescription anti-parasite medications for pinworms are:\n\n<ul>\n<li>Mebendazole</li>\n<li>Albendazole (Albenza)</li>\n</ul>\n\n\nYou may have mild gastrointestinal side effects during the course of treatment, and you often need to take at least two doses to get rid of the pinworms completely."
}