{
    "Aliases": [], 
    "Causes": "It's unclear what causes the foramen ovale to stay open in some people, though genetics may play a role.\n\nAn overview of normal heart function in a child or adult is helpful in understanding the role of the foramen ovale before birth.\n\nYour heart has four pumping chambers that circulate your blood:\n\n<ul>\n<li>The right atrium. The upper right chamber (right atrium) receives oxygen-poor blood from your body and pumps it into the right ventricle through the tricuspid valve.</li>\n<li>The right ventricle. The lower right chamber (right ventricle) pumps the blood through a large vessel called the pulmonary artery and into the lungs, where the blood is resupplied with oxygen and carbon dioxide is removed from the blood. The blood is pumped through the pulmonary valve, which closes when the right ventricle relaxes between beats.</li>\n<li>The left atrium. The upper left chamber (left atrium) receives the oxygen-rich blood from the lungs through the pulmonary veins and pumps it into the left ventricle through the mitral valve.</li>\n<li>The left ventricle. The lower left chamber (left ventricle) pumps the oxygen-rich blood through a large vessel called the aorta and on to the rest of the body. The blood passes through the aortic valve, which also closes when the left ventricle relaxes.</li>\n</ul>\n\n\nBecause a baby in the womb isn't breathing, the lungs aren't functioning yet. That means there's no need to pump blood to the lungs. At this stage, it's more efficient for blood to bypass the lungs and use a different route to circulate oxygen-rich blood from the mother to the baby's body.\n\nThe umbilical cord delivers oxygen-rich blood to the baby's right atrium. Most of this blood travels through the foramen ovale and into the left atrium. From there the blood goes to the left ventricle, which pumps it throughout the body. Blood also travels from the right atrium to the right ventricle, which also pumps blood to the body via another bypass system.\n\nWhen a baby's lungs begin functioning, the circulation of blood through the heart changes. Now the oxygen-rich blood comes from the lungs and enters the left atrium. At this point, blood circulation follows the normal circulatory route.\n\nThe pressure of the blood pumping through the heart usually forces the flap opening of the foramen ovale closed. In most people, the opening fuses shut, usually sometime during infancy.", 
    "Clinical trials": "Explore Mayo Clinic studies testing new treatments, interventions and tests as a means to prevent, detect, treat or manage this disease.", 
    "Complications": "Generally, a patent foramen ovale doesn't cause complications. But some studies have found the disorder is more common in people with certain conditions, such as unexplained strokes and migraines with aura.\n\nIn most cases, there are other reasons for these neurologic conditions, and it's just a coincidence the person also has a patent foramen ovale. However, in some cases, small blood clots in the heart may move through a patent foramen ovale, travel to the brain and cause a stroke.\n\nThe possible link between a patent foramen ovale and a stroke or migraine is controversial, and research studies are ongoing.\n\nIn rare cases a patent foramen ovale can cause a significant amount of blood to bypass the lungs, resulting in low blood oxygen levels (hypoxemia).\n\nIn decompression illness, which can occur in scuba diving, an air blood clot can travel through a patent foramen ovale.\n\nIn some cases, other heart defects may be present in addition to a patent foramen ovale.", 
    "Diagnosis": "A doctor trained in heart conditions (cardiologist) may order one or more of the following tests to diagnose a patent foramen ovale:\n\n<b>Echocardiogram</b>\nAn echocardiogram shows the anatomy, structure and function of your heart.\n\nA common type of echocardiogram is called a transthoracic echocardiogram. In this test, sound waves directed at your heart from a wandlike device (transducer) held on your chest produce video images of your heart in motion. Doctors may use this test to diagnose a patent foramen ovale and detect other heart problems.\n\nVariations of this procedure may be used to identify patent foramen ovale, including:\n\n<ul>\n<li>\n    Color flow Doppler. When sound waves bounce off blood cells moving through your heart, they change pitch. These characteristic changes (Doppler signals) and computerized colorization of these signals can help your doctor examine the speed and direction of blood flow in your heart.\n    If you have a patent foramen ovale, a color flow Doppler echocardiogram could detect the flow of blood between the right atrium and left atrium.\n    </li>\n<li>\n    Saline contrast study (bubble study). With this approach, a sterile salt solution is shaken until tiny bubbles form and then is injected into a vein. The bubbles travel to the right side of your heart and appear on the echocardiogram.\n    If there's no hole between the left atrium and right atrium, the bubbles will simply be filtered out in the lungs. If you have a patent foramen ovale, some bubbles will appear on the left side of the heart. The presence of a patent foramen ovale may be difficult to confirm by a transthoracic echocardiogram.\n    </li>\n</ul>\n\n\n<b>Transesophageal echocardiogram</b>\nDoctors may conduct another type of echocardiogram called a transesophageal echocardiogram to get a closer look at the heart and blood flow through the heart. In this test, a small transducer attached to the end of a tube is inserted down the tube leading from your mouth to your stomach (esophagus).\n\nThis is generally the most accurate available test for doctors to see a patent foramen ovale by using the ultrasound in combination with color flow Doppler or a saline contrast study.\n\n<b>Other tests</b>\nYour doctor may recommend additional tests if you're diagnosed with a patent foramen ovale and you have had a stroke. Your doctor may also refer you to a doctor trained in brain and nervous system conditions (neurologist).", 
    "Id": "syc-20353487", 
    "Lifestyle and home remedies": "If you know you have a patent foramen ovale, but don't have symptoms, you probably won't have any restrictions on your activities.\n\nIf you'll be traveling long distances, it's important to follow recommendations for preventing blood clots. If you're traveling by car, stop periodically and go for a short walk. On an airplane, be sure to stay well-hydrated and walk around whenever it's safe to do so.", 
    "Overview": "A patent foramen ovale (PFO) is a hole in the heart that didn't close the way it should after birth.\n\nDuring fetal development, a small flap-like opening \u2014 the foramen ovale (foh-RAY-mun oh-VAY-lee) \u2014 is normally present in the wall between the right and left upper chambers of the heart (atria). It normally closes during infancy. When the foramen ovale doesn't close, it's called a patent foramen ovale.\n\nPatent foramen ovale occurs in about 25 percent of the normal population, but most people with the condition never know they have it. A patent foramen ovale is often discovered during tests for other problems. Learning that you have a patent foramen ovale is understandably concerning, but most people never need treatment for this disorder.", 
    "Preparing for your appointment": "A patent foramen ovale is often discovered during imaging tests for other conditions or to look for causes of a stroke.\n\nAfter a patent foramen ovale has been diagnosed, you'll likely have numerous questions for your doctor. Some questions you may want to ask include:\n\n<ul>\n<li>What caused this to happen?</li>\n<li>How dangerous is this condition?</li>\n<li>What treatments are available, and which do you recommend?</li>\n<li>What are the risks of a procedure to close the patent foramen ovale?</li>\n<li>I have other health conditions. How can I best manage these conditions together?</li>\n<li>Should activity be restricted in any way?</li>\n<li>Could I have passed this condition on to my child?</li>\n<li>Are there any brochures or other printed material that I can take home with me? What websites do you recommend visiting?</li>\n</ul>", 
    "Symptoms": "Most people with a patent foramen ovale don't know they have it, because it's usually a hidden condition that doesn't create signs or symptoms.", 
    "Title": "Patent foramen ovale", 
    "Treatment": "Most people with a patent foramen ovale don't need treatment. In certain circumstances, however, your doctor may recommend that you or your child have a procedure to close the patent foramen ovale.\n\n<b>Reasons for closure</b>\nIf a patent foramen ovale is found when an echocardiogram is done for other reasons, a procedure to close the opening usually isn't performed. Procedures to close the patent foramen ovale may be done in certain circumstances, such as to treat low blood oxygen levels linked to the patent foramen ovale.\n\nClosure of a patent foramen ovale to prevent migraines isn't currently recommended. Closure of a patent foramen ovale to prevent a stroke remains controversial.\n\nIn some cases, doctors may recommend closure of the patent foramen ovale in individuals who have had recurrent strokes despite medical therapy, when no other cause has been found.\n\n<b>Surgical and other procedures for closure</b>\nProcedures to close a patent foramen ovale include:\n\n<ul>\n<li>\n    Device closure. Using cardiac catheterization, doctors can insert a device that plugs the patent foramen ovale. In this procedure, the device is on the end of a long flexible tube (catheter).\n    The doctor inserts the device-tipped catheter into a vein in the groin and guides the device into place with the imaging assistance of an echocardiogram.\n    Although complications are uncommon with this procedure, a tear of the heart or blood vessels, dislodgement of the device, or the development of irregular heartbeats may occur.\n    </li>\n<li>\n    Surgical repair. A surgeon can close the patent foramen ovale by opening up the heart and stitching shut the flap-like opening. This procedure can be conducted using a very small incision and may be performed using robotic techniques.\n    If you or your child is undergoing surgery to correct another heart problem, your doctor may recommend that you have the patent foramen ovale corrected surgically at the same time. Research is ongoing to determine the benefits of closing the patent foramen ovale during heart surgery to correct another problem.\n    </li>\n</ul>\n\n\n<b>Stroke prevention</b>\nMedications can be used to try to reduce the risk of blood clots crossing a patent foramen ovale. Antiplatelet therapy such as aspirin or clopidogrel (Plavix) and other blood thinning medications (anticoagulants) \u2014 such as warfarin (Coumadin, Jantoven), dabigatran (Pradaxa), apixaban (Eliquis) and rivaroxaban (Xarelto) \u2014 may be helpful for people with a patent foramen ovale who've had a stroke.\n\nIt's not clear whether medications or procedures to close the defect are most appropriate for stroke prevention in people with a patent foramen ovale. Studies are ongoing to answer this question."
}