{
    "Aliases": [], 
    "Causes": "Sometimes a single factor can lead to metatarsalgia. More often, several factors are involved, including:\n\n<ul>\n<li>Intense training or activity. Distance runners are at risk of metatarsalgia, primarily because the front of the foot absorbs significant force when a person runs. But anyone who participates in a high-impact sport is at risk, especially if your shoes fit poorly or are worn.</li>\n<li>Certain foot shapes. A high arch can put extra pressure on the metatarsals. So can having a second toe that's longer than the big toe, which causes more weight than normal to be shifted to the second metatarsal head.</li>\n<li>Foot deformities. Wearing too-small shoes or high heels can cause your foot to be misshapen. A downward-curling toe (hammertoe) and swollen, painful bumps at the base of your big toes (bunions) can cause metatarsalgia.</li>\n<li>Excess weight. Because most of your body weight transfers to your forefoot when you move, extra pounds mean more pressure on your metatarsals. Losing weight might reduce or eliminate symptoms.</li>\n<li>Poorly fitting shoes. High heels, which transfer extra weight to the front of your foot, are a common cause of metatarsalgia in women. Shoes with a narrow toe box or athletic shoes that lack support and padding also can contribute to the problem.</li>\n<li>Stress fractures. Small breaks in the metatarsals or toe bones can be painful and change the way you put weight on your foot.</li>\n<li>Morton's neuroma. This noncancerous growth of fibrous tissue around a nerve usually occurs between the third and fourth metatarsal heads. It causes symptoms that are similar to metatarsalgia and can also contribute to metatarsal stress.</li>\n</ul>", 
    "Complications": "Left untreated, metatarsalgia might lead to pain in other parts of the same or opposite foot and pain elsewhere in the body, such as the low back or hip, due to limping (altered gait) from foot pain.", 
    "Diagnosis": "Various foot problems can cause symptoms similar to those of metatarsalgia. To help pinpoint the source of your pain, your doctor will examine your foot while you stand and while you sit and ask about your lifestyle and activity level. You might need an X-ray to identify or rule out a stress fracture or other foot problems.", 
    "Id": "syc-20354790", 
    "Lifestyle and home remedies": "To help ease your metatarsalgia pain, try these tips:\n\n<ul>\n<li>Rest. Protect your foot from further injury by not stressing it. Elevate your foot after standing or walking. You might need to avoid your favorite sport for a while, but you can stay fit with low-impact exercises, such as swimming or cycling.</li>\n<li>Ice the affected area. Apply ice packs to the affected area for about 20 minutes at a time several times a day. To protect your skin, wrap the ice packs in a thin towel.</li>\n<li>Take an over-the-counter pain reliever. Try ibuprofen (Advil, Motrin IB, others), naproxen sodium (Aleve) or aspirin to reduce pain and inflammation.</li>\n<li>Wear proper shoes. Avoid too-tight or too-loose shoes and limit your wearing of high heels. Wear shoes appropriate to the sports you play.</li>\n<li>Use metatarsal pads. These off-the-shelf pads are placed in your shoes just ahead of the metatarsal bone to help deflect stress from the painful area.</li>\n<li>\n    Consider arch supports. If insoles don't help, your doctor might recommend arch supports to minimize stress on the metatarsal bones and improve foot function. You can buy arch supports over-the-counter, or they can be custom fitted.</li>\n</ul>", 
    "Overview": "Metatarsalgia (met-uh-tahr-SAL-juh) is a condition in which the ball of your foot becomes painful and inflamed. You might develop it if you participate in activities that involve running and jumping. There are other causes as well, including foot deformities and shoes that are too tight or too loose.\n\nAlthough generally not serious, metatarsalgia can sideline you. Fortunately, at-home treatments, such as ice and rest, often relieve symptoms. Wearing proper footwear with shock-absorbing insoles or arch supports might prevent or minimize future problems with metatarsalgia.", 
    "Preparing for your appointment": "You'll either see your family doctor or general practitioner or be referred to a bone specialist (orthopedist) or a foot specialist (podiatrist).\n\nHere's some information to help you get ready for your appointment.\n\n<b>What you can do</b>\nMake a list of:\n\n<ul>\n<li>Your symptoms, including any that may seem unrelated to your foot pain, and when they began</li>\n<li>Key personal information, including sports you participate in and your medical history</li>\n<li>Questions to ask your doctor</li>\n</ul>\n\n\nFor metatarsalgia, some basic questions to ask your doctor include:\n\n<ul>\n<li>What's causing my symptoms?</li>\n<li>Do I need tests?</li>\n<li>Is my condition likely temporary or chronic?</li>\n<li>What treatment do you recommend?</li>\n<li>Do I need to restrict my activities?</li>\n<li>Are there brochures or other printed material I can have? What websites do you recommend?</li>\n</ul>\n\n\n<b>What to expect from your doctor</b>\nYour doctor is likely to ask you a number of questions, including:\n\n<ul>\n<li>What type of shoes do you wear?</li>\n<li>What activities do you do?</li>\n<li>Does your daily routine involve a lot of walking or standing?</li>\n<li>Do you often go barefoot? On what types of surfaces?</li>\n<li>Are your symptoms continuous or occasional?</li>\n<li>How severe are your symptoms?</li>\n<li>What, if anything, seems to improve your symptoms?</li>\n<li>What, if anything, appears to worsen your symptoms?</li>\n</ul>\n\n\n<b>What you can do in the meantime</b>\nWhile you're waiting to see your doctor, rest your foot as much as possible and wear properly fitting shoes. Over-the-counter pain relievers might help ease your discomfort.", 
    "Risk factors": "Almost anyone can develop metatarsalgia, but you're at higher risk if you:\n\n<ul>\n<li>Participate in high-impact sports that involve running and jumping</li>\n<li>Wear high heels, shoes that don't fit properly or shoes with spikes, such as cleats</li>\n<li>Are overweight or obese</li>\n<li>Have other foot problems, including hammertoe and calluses on the bottom of your feet</li>\n<li>Have inflammatory arthritis, such as rheumatoid arthritis or gout</li>\n</ul>", 
    "Symptoms": "Symptoms of metatarsalgia can include:\n\n<ul>\n<li>Sharp, aching or burning pain in the ball of your foot \u2014 the part of the sole just behind your toes</li>\n<li>Pain that worsens when you stand, run, flex your feet or walk \u2014 especially barefoot on a hard surface \u2014 and improves when you rest</li>\n<li>Sharp or shooting pain, numbness, or tingling in your toes</li>\n<li>A feeling of having a pebble in your shoe</li>\n</ul>\n\n\n<b>When to see a doctor</b>\nNot all foot problems need medical care. Sometimes your feet ache after a long day of standing or a punishing workout. But it's best not to ignore foot pain that lasts more than a few days. Talk to your doctor if you have a burning pain in the ball of your foot that doesn't improve after changing your shoes and modifying your activities.", 
    "Title": "Metatarsalgia", 
    "Treatment": "Conservative measures \u2014 such as resting, changing shoes or using a metatarsal pad \u2014 might be all you need to relieve signs and symptoms.\n\nIn rare cases, when conservative measures don't relieve your pain and your metatarsalgia is complicated by foot conditions such as hammertoe, surgery to realign the metatarsal bones might be an option."
}