{
    "Aliases": [], 
    "Causes": "The exact cause of Tourette syndrome isn't known. It's a complex disorder likely caused by a combination of inherited (genetic) and environmental factors. Chemicals in the brain that transmit nerve impulses (neurotransmitters), including dopamine and serotonin, might play a role.", 
    "Complications": "People with Tourette syndrome often lead healthy, active lives. However, Tourette syndrome frequently involves behavioral and social challenges that can harm your self-image.\n\nConditions often associated with Tourette syndrome include:\n\n<ul>\n<li>Attention-deficit/hyperactivity disorder (ADHD)</li>\n<li>Obsessive-compulsive disorder (OCD)</li>\n<li>Autism spectrum disorder</li>\n<li>Learning disabilities</li>\n<li>Sleep disorders</li>\n<li>Depression</li>\n<li>Anxiety disorders</li>\n<li>Pain related to tics, especially headaches</li>\n<li>Anger-management problems</li>\n</ul>", 
    "Coping and support": "Your self-esteem may suffer as a result of Tourette syndrome. You may be embarrassed about your tics and hesitate to engage in social activities, such as dating or going out in public. As a result, you're at increased risk of depression and substance abuse.\n\nTo cope with Tourette syndrome:\n\n<ul>\n<li>Remember that tics usually reach their peak in the early teens and improve as you get older.</li>\n<li>Reach out to others dealing with Tourette syndrome for information, coping tips and support.</li>\n</ul>\n\n\n<b>Children with Tourette syndrome</b>\nSchool may pose special challenges for children with Tourette syndrome.\n\nTo help your child:\n\n<ul>\n<li>Be your child's advocate. Help educate teachers, school bus drivers and others with whom your child interacts regularly. An educational setting that meets your child's needs \u2014 such as tutoring, untimed testing to reduce stress, and smaller classes \u2014 can help.</li>\n<li>Nurture your child's self-esteem. Support your child's personal interests and friendships \u2014 both can help build self-esteem.</li>\n<li>Find a support group. To help you cope, seek out a local Tourette syndrome support group. If there aren't any, consider starting one.</li>\n</ul>", 
    "Diagnosis": "There's no specific test that can diagnose Tourette syndrome. The diagnosis is based on the history of your signs and symptoms.\n\nThe criteria used to diagnose Tourette syndrome include:\n\n<ul>\n<li>Both motor tics and vocal tics are present, although not necessarily at the same time</li>\n<li>Tics occur several times a day, nearly every day or intermittently, for more than a year</li>\n<li>Tics begin before age 18</li>\n<li>Tics aren't caused by medications, other substances or another medical condition</li>\n<li>Tics must change over time in location, frequency, type, complexity or severity</li>\n</ul>\n\n\nA diagnosis of Tourette syndrome might be overlooked because the signs can mimic other conditions. Eye blinking might be initially associated with vision problems, or sniffling attributed to allergies.\n\nBoth motor and vocal tics can be caused by conditions other than Tourette syndrome. To rule out other causes of tics, your doctor might recommend:\n\n<ul>\n<li>Blood tests</li>\n<li>Imaging studies such as an MRI</li>\n</ul>", 
    "Id": "syc-20350465", 
    "Overview": "Tourette (too-RET) syndrome is a disorder that involves repetitive movements or unwanted sounds (tics) that can't be easily controlled. For instance, you might repeatedly blink your eyes, shrug your shoulders or blurt out unusual sounds or offensive words.\n\nTics typically show up between ages 2 and 15, with the average being around 6 years of age. Males are about three to four times more likely than females to develop Tourette syndrome.\n\nAlthough there's no cure for Tourette syndrome, treatments are available. Many people with Tourette syndrome don't need treatment when symptoms aren't troublesome. Tics often lessen or become controlled after the teen years.", 
    "Preparing for your appointment": "If you or your child has been diagnosed with Tourette syndrome, you may be referred to specialists, such as:\n\n<ul>\n<li>Doctors who specialize in brain disorders (neurologists)</li>\n<li>Psychiatrists or psychologists</li>\n</ul>\n\n\nIt's a good idea to be well-prepared for your appointment. Here's some information to help you get ready, and what to expect from your doctor.\n\n<b>What you can do</b>\n<ul>\n<li>Be aware of any pre-appointment restrictions. At the time you make the appointment, be sure to ask if there's anything you need to do in advance, such as restrict your diet.</li>\n<li>Write down any symptoms you or your child is experiencing, including any that may seem unrelated to the reason for which you scheduled the appointment.</li>\n<li>Write down key personal information, including any major stresses or recent life changes.</li>\n<li>Make a list of all medications, vitamins or supplements that you or your child is taking.</li>\n<li>Make a video recording, if possible, of a typical tic to show the doctor.</li>\n<li>Write down questions to ask your doctor.</li>\n</ul>\n\n\nYour time with your doctor is limited, so preparing a list of questions can help ensure the best use of time. List your questions from most important to least important in case time runs out. For Tourette syndrome, some basic questions to ask your doctor include:\n\n<ul>\n<li>What treatment, if any, is needed?</li>\n<li>If medication is recommended, what are the options?</li>\n<li>What types of behavior therapy might help?</li>\n</ul>\n\n\nDon't hesitate to ask other questions during your appointment anytime you don't understand something or need more information.\n\n<b>What to expect from your doctor</b>\nYour doctor is likely to ask you a number of questions. Being ready to answer them may allow time later to cover other points you want to address. Your doctor may ask:\n\n<ul>\n<li>When did the symptoms begin?</li>\n<li>Have the symptoms been continuous or occasional?</li>\n<li>How severe are the symptoms?</li>\n<li>What, if anything, seems to improve the symptoms?</li>\n<li>What, if anything, appears to worsen the symptoms?</li>\n</ul>", 
    "Risk factors": "Risk factors for Tourette syndrome include:\n\n<ul>\n<li>Family history. Having a family history of Tourette syndrome or other tic disorders might increase the risk of developing Tourette syndrome.</li>\n<li>Sex. Males are about three to four times more likely than females to develop Tourette syndrome.</li>\n</ul>", 
    "Symptoms": "Tics \u2014 sudden, brief, intermittent movements or sounds \u2014 are the hallmark sign of Tourette syndrome. They can range from mild to severe. Severe symptoms might significantly interfere with communication, daily functioning and quality of life.\n\nTics are classified as:\n\n<ul>\n<li>Simple tics. These sudden, brief and repetitive tics involve a limited number of muscle groups.</li>\n<li>Complex tics. These distinct, coordinated patterns of movements involve several muscle groups.</li>\n</ul>\n\n\nTics can also involve movement (motor tics) or sounds (vocal tics). Motor tics usually begin before vocal tics do. But the spectrum of tics that people experience is diverse.\n\nIn addition, tics can:\n\n<ul>\n<li>Vary in type, frequency and severity</li>\n<li>Worsen if you're ill, stressed, anxious, tired or excited</li>\n<li>Occur during sleep</li>\n<li>Change over time</li>\n<li>Worsen in the early teenage years and improve during the transition into adulthood</li>\n</ul>\n\n\nBefore the onset of motor or vocal tics, you'll likely experience an uncomfortable bodily sensation (premonitory urge) such as an itch, a tingle or tension. Expression of the tic brings relief. With great effort, some people with Tourette syndrome can temporarily stop or hold back a tic.\n\n<b>When to see a doctor</b>\nSee your child's pediatrician if you notice your child displaying involuntary movements or sounds.\n\nNot all tics indicate Tourette syndrome. Many children develop tics that go away on their own after a few weeks or months. But whenever a child shows unusual behavior, it's important to identify the cause and rule out serious health problems.", 
    "Title": "Tourette syndrome", 
    "Treatment": "There's no cure for Tourette syndrome. Treatment is aimed at controlling tics that interfere with everyday activities and functioning. When tics aren't severe, treatment might not be necessary.\n\n<b>Medication</b>\nMedications to help control tics or reduce symptoms of related conditions include:\n\n<ul>\n<li>Medications that block or lessen dopamine. Fluphenazine, haloperidol (Haldol), risperidone (Risperdal) and pimozide (Orap) can help control tics. Possible side effects include weight gain and involuntary repetitive movements. Tetrabenazine (Xenazine) might be recommended, although it may cause severe depression.</li>\n<li>Botulinum (Botox) injections. An injection into the affected muscle might help relieve a simple or vocal tic.</li>\n<li>ADHD medications. Stimulants such as methylphenidate (Metadate CD, Ritalin LA, others) and medications containing dextroamphetamine (Adderall XR, Dexedrine, others) can help increase attention and concentration. However, for some people with Tourette syndrome, medications for ADHD can exacerbate tics.</li>\n<li>Central adrenergic inhibitors. Medications such as clonidine (Catapres, Kapvay) and guanfacine (Intuniv) \u2014 typically prescribed for high blood pressure \u2014 might help control behavioral symptoms such as impulse control problems and rage attacks. Side effects may include sleepiness.</li>\n<li>Antidepressants. Fluoxetine (Prozac, Sarafem, others) might help control symptoms of sadness, anxiety and OCD.</li>\n<li>Antiseizure medications. Recent studies suggest that some people with Tourette syndrome respond to topiramate (Topamax), which is used to treat epilepsy.</li>\n</ul>\n\n\n<b>Therapy</b>\n<ul>\n<li>Behavior therapy. Cognitive Behavioral Interventions for Tics, including habit-reversal training, can help you monitor tics, identify premonitory urges and learn to voluntarily move in a way that's incompatible with the tic.</li>\n<li>Psychotherapy. In addition to helping you cope with Tourette syndrome, psychotherapy can help with accompanying problems, such as ADHD, obsessions, depression or anxiety.</li>\n<li>Deep brain stimulation (DBS). For severe tics that don't respond to other treatment, DBS might help. DBS involves implanting a battery-operated medical device in the brain to deliver electrical stimulation to targeted areas that control movement. However, this treatment is still in the early research stages and needs more research to determine if it's a safe and effective treatment for Tourette syndrome.</li>\n</ul>"
}