{
    "Aliases": [
        "conversion disorder"
    ], 
    "Causes": "The exact cause of functional neurologic disorders is unknown. Theories regarding what happens in the brain to result in symptoms are complex and involve multiple mechanisms that may differ, depending on the type of functional neurologic disorder.\n\nBasically, parts of the brain that control the functioning of your muscles and senses may be involved, even though no disease or abnormality exists.\n\nSymptoms of functional neurologic disorders may appear suddenly after a stressful event, or with emotional or physical trauma. Other triggers may include changes or disruptions in how the brain functions at the structural, cellular or metabolic level. But the trigger for symptoms can't always be identified.", 
    "Complications": "Some symptoms of functional neurologic disorders, particularly if not treated, can result in substantial disability and poor quality of life, similar to that caused by medical conditions or disease.", 
    "Diagnosis": "There are no standard tests for functional neurologic disorders. Diagnosis usually involves assessment of existing symptoms and ruling out any neurological or other medical condition that could cause the symptoms.\n\nFunctional neurologic disorders are diagnosed based on what is present, such as specific patterns of signs and symptoms, and not just by what is absent, such as a lack of structural changes on an MRI or abnormalities on an EEG.\n\nTesting and diagnosis usually involves a neurologist, but may include a psychiatrist or other mental health professional. Your doctor may use any of these terms: functional neurologic disorders (FNDs), functional neurological symptom disorder or conversion disorder.\n\nOne advantage to using the term \"functional neurologic disorders\" is that it can be used to specify the type of functional neurological symptoms you have. For example, if your symptoms include problems walking, your doctor may refer to functional gait disorder or functional weakness.\n\nEvaluation may include:\n\n<ul>\n<li>Physical exam. Your doctor examines you and asks in-depth questions about your health and your signs and symptoms. Certain tests may eliminate medical disorders or neurological disease as the cause of your symptoms. Which tests you'll have depends on your signs and symptoms.</li>\n<li>Psychiatric exam. If appropriate, your neurologist may refer you to a mental health professional. He or she asks questions about your thoughts, feelings and behavior and discusses your symptoms. With your permission, information from family members or others may be helpful.</li>\n<li>Diagnostic criteria in the DSM-5. Your doctor may compare your symptoms to the criteria for diagnosis in the Diagnostic and Statistical Manual of Mental Disorders (DSM-5), published by the American Psychiatric Association.</li>\n</ul>\n\n\nDSM-5 lists these criteria for conversion disorder (functional neurological symptom disorder):\n\n<ul>\n<li>One or more symptoms that affect body movement or your senses</li>\n<li>Symptoms can't be explained by a neurological or other medical condition or another mental health disorder</li>\n<li>Symptoms cause significant distress or problems in social, work or other areas, or they're significant enough that medical evaluation is recommended</li>\n</ul>", 
    "Id": "syc-20355197", 
    "Overview": "Functional neurologic disorders \u2014 a newer and broader term that includes what some people call conversion disorder \u2014 feature nervous system (neurological) symptoms that can't be explained by a neurological disease or other medical condition. However, the symptoms are real and cause significant distress or problems functioning.\n\nSigns and symptoms vary, depending on the type of functional neurologic disorder, and may include specific patterns. Typically these disorders affect your movement or your senses, such as the ability to walk, swallow, see or hear. Symptoms can vary in severity and may come and go or be persistent. However, you can't intentionally produce or control your symptoms.\n\nThe cause of functional neurologic disorders is unknown. The condition may be triggered by a neurological disorder or by a reaction to stress or psychological or physical trauma, but that's not always the case. Functional neurologic disorders are related to how the brain functions, rather than damage to the brain's structure (such as from a stroke, multiple sclerosis, infection or injury).\n\nEarly diagnosis and treatment, especially education about the condition, can help with recovery.", 
    "Preparing for your appointment": "You may start by seeing your primary care doctor. He or she may refer you to a neurologist. You may want to take a family member or friend along, if possible, to help you remember information and for support.\n\n<b>What you can do</b>\nTo prepare for your appointment, make a list of:\n\n<ul>\n<li>Any symptoms you're experiencing, including any that may seem unrelated to the reason for your appointment</li>\n<li>Key personal, family and social information, including any major stresses or recent life changes</li>\n<li>All medications, vitamins, herbs or other supplements you're taking, and the dosages</li>\n<li>Questions to ask your doctor to make the most of your time together</li>\n</ul>\n\n\nSome questions to ask your doctor include:\n\n<ul>\n<li>What is likely causing my symptoms or condition?</li>\n<li>Are there other possible causes?</li>\n<li>What kinds of tests do I need?</li>\n<li>What treatment approach do you recommend?</li>\n<li>For how long will I need to be treated?</li>\n<li>What can I do to reduce the risk of my symptoms recurring?</li>\n<li>Should I see a specialist?</li>\n<li>If I need to take medications, what are the main side effects?</li>\n<li>Is there a generic alternative to the medicine you're prescribing?</li>\n<li>Are there any brochures or other printed material that I can have?</li>\n<li>What websites do you recommend?</li>\n</ul>\n\n\nDon't hesitate to ask other questions during your appointment.\n\n<b>What to expect from your doctor</b>\nYour doctor will likely ask you a number of questions. Be ready to answer them to reserve time to go over any points you want to spend more time on. Your doctor may ask:\n\n<ul>\n<li>What are your symptoms?</li>\n<li>When did you first notice these symptoms?</li>\n<li>How have your symptoms changed over time?</li>\n<li>How do your symptoms impact your ability to function?</li>\n<li>What do you think may be causing your symptoms?</li>\n<li>Have you been diagnosed with any other medical conditions or mental health problems?</li>\n<li>Do you use alcohol or recreational drugs? How often?</li>\n</ul>", 
    "Risk factors": "Factors that may increase your risk of functional neurologic disorders include:\n\n<ul>\n<li>Having a neurological disease or disorder, such as epilepsy, migraines or a movement disorder</li>\n<li>Recent significant stress or emotional or physical trauma</li>\n<li>Having a mental health condition, such as a mood or anxiety disorder, dissociative disorder or certain personality disorders</li>\n<li>Having a family member with a functional neurologic disorder</li>\n<li>Possibly, having a history of physical or sexual abuse or neglect in childhood</li>\n</ul>\n\n\nWomen may be more likely than men to develop functional neurologic disorders.", 
    "Symptoms": "Symptoms of functional neurologic disorders may vary, depending on the type of functional neurologic disorder, and they're significant enough to cause impairment and warrant medical evaluation. Symptoms can affect body movement and function and the senses.\n\nSigns and symptoms that affect body movement and function may include:\n\n<ul>\n<li>Weakness or paralysis</li>\n<li>Abnormal movement, such as tremors or difficulty walking</li>\n<li>Loss of balance</li>\n<li>Difficulty swallowing or feeling \"a lump in the throat\"</li>\n<li>Seizures or episodes of shaking and apparent loss of consciousness (nonepileptic seizures)</li>\n<li>Episodes of unresponsiveness</li>\n</ul>\n\n\nSigns and symptoms that affect the senses may include:\n\n<ul>\n<li>Numbness or loss of the touch sensation</li>\n<li>Speech problems, such as inability to speak or slurred speech</li>\n<li>Vision problems, such as double vision or blindness</li>\n<li>Hearing problems or deafness</li>\n</ul>\n\n\nSeek medical attention for signs and symptoms listed above. If the underlying cause is a neurological disease or another medical condition, quick diagnosis and treatment may be important. If the diagnosis is a functional neurologic disorder, treatment may improve the symptoms and help prevent future problems.", 
    "The Mayo Clinic experience and patient stories": "Our patients tell us that the quality of their interactions, our attention to detail and the efficiency of their visits mean health care like they've never experienced. See the stories of satisfied Mayo Clinic patients.", 
    "Title": "Functional neurologic disorders", 
    "Treatment": "Treatment will depend on your type of functional neurologic disorder and your particular signs and symptoms. For some people, a multispecialty team approach that includes a neurologist; psychiatrist or other mental health professional; speech, physical and occupational therapists; or others may be appropriate.\n\n<b>Learning about functional neurologic disorders</b>\nUnderstanding what functional neurologic disorders are, that the symptoms are real and that improvement is possible can help you with treatment choices and recovery. Symptoms may get better after an explanation of the condition and reassurance from your doctor that symptoms aren't caused by a serious underlying neurological or medical problem.\n\nFor some people, education and reassurance that they don't have a serious medical problem is the most effective treatment. For others, additional treatments may be beneficial. Involving loved ones can be helpful so that they can understand and support you.\n\n<b>Medical disorder treatment</b>\nYour medical team provides treatment of any medical or neurological disease you may have that might be a trigger for your symptoms.\n\n<b>Therapies</b>\nDepending on your needs, therapies may include:\n\n<ul>\n<li>Physical or occupational therapy. Working with a physical or occupational therapist may improve movement symptoms and prevent complications. For example, regular movement of arms or legs may ward off muscle tightness and weakness if you have paralysis or loss of mobility. Gradual increases in exercise may improve your ability to function.</li>\n<li>Speech therapy. If your symptoms include problems with speech or swallowing, working with a speech therapist (speech-language pathologist) may help.</li>\n<li>Stress reduction or distraction techniques. Stress reduction techniques can include methods such as progressive muscle relaxation, breathing exercises, physical activity and exercise. Distraction techniques can include music, talking to another person, or deliberately changing the way you walk or move.</li>\n</ul>\n\n\n<b>Mental health options</b>\nEven though functional neurological symptoms are not \"all in your head,\" emotions and the way you think about things can have an impact on your symptoms and your recovery. Psychiatric treatment options may include:\n\n<ul>\n<li>Cognitive behavioral therapy (CBT). A type of psychotherapy, CBT helps you become aware of inaccurate or negative thinking so that you can view situations more clearly and respond to them in a more effective way. CBT can also help you learn how to better manage stressful life situations and symptoms. This may be particularly beneficial if your symptoms include nonepileptic seizures. Other types of psychotherapy may be helpful if you have interpersonal problems or a history of trauma or abuse.</li>\n<li>Treating other mental health conditions. Anxiety, depression or other mental health disorders can worsen symptoms of functional neurologic disorders. Treating mental health conditions along with functional neurologic disorders can help recovery.</li>\n<li>Hypnosis. When done by a trained professional who is familiar with functional neurologic disorders, people who are receptive to suggestions during hypnosis may benefit if they have symptoms of a functional neurologic disorder that involve, for example, the loss of sensations or speech problems.</li>\n</ul>\n\n\n<b>Medications</b>\nMedications are not effective for functional neurologic disorders, and no drugs are approved by the Food and Drug Administration specifically as a treatment. However, medications such as antidepressants may be helpful if you also have depression or other mood disorders, or you're having pain or insomnia.\n\n<b>Regular follow-up</b>\nRegular follow-up with your medical team is important to monitor your recovery and make changes to your treatment plan as needed."
}