{
    "Aliases": [
        "perforated eardrum"
    ], 
    "Causes": "Causes of a ruptured, or perforated, eardrum may include:\n\n<ul>\n<li>Middle ear infection (otitis media). A middle ear infection often results in the accumulation of fluids in your middle ear. Pressure from these fluids can cause the eardrum to rupture.</li>\n<li>\n    Barotrauma. Barotrauma is stress exerted on your eardrum when the air pressure in your middle ear and the air pressure in the environment are out of balance. If the pressure is severe, your eardrum can rupture. Barotrauma is most often caused by air pressure changes associated with air travel.\n    Other events that can cause sudden changes in pressure \u2014 and possibly a ruptured eardrum \u2014 include scuba diving and a direct blow to the ear, such as the impact of an automobile air bag.\n    </li>\n<li>Loud sounds or blasts (acoustic trauma). A loud sound or blast, as from an explosion or gunshot \u2014 essentially an overpowering sound wave \u2014 can cause a tear in your eardrum.</li>\n<li>Foreign objects in your ear. Small objects, such as a cotton swab or hairpin, can puncture or tear the eardrum.</li>\n<li>Severe head trauma. Severe injury, such as skull fracture, may cause the dislocation or damage to middle and inner ear structures, including your eardrum.</li>\n</ul>", 
    "Complications": "Your eardrum (tympanic membrane) has two primary roles:\n\n<ul>\n<li>Hearing. When sound waves strike it, your eardrum vibrates \u2014 the first step by which structures of your middle and inner ears translate sound waves into nerve impulses.</li>\n<li>Protection. Your eardrum also acts as a barrier, protecting your middle ear from water, bacteria and other foreign substances.</li>\n</ul>\n\n\nIf your eardrum ruptures, complications can occur while your eardrum is healing or if it fails to heal. Possible complications include:\n\n<ul>\n<li>Hearing loss. Usually, hearing loss is temporary, lasting only until the tear or hole in your eardrum has healed. The size and location of the tear can affect the degree of hearing loss.</li>\n<li>Middle ear infection (otitis media). A perforated eardrum can allow bacteria to enter your ear. If a perforated eardrum doesn't heal or isn't repaired, you may be vulnerable to ongoing (chronic) infections that can cause permanent hearing loss.</li>\n<li>\n    Middle ear cyst (cholesteatoma). A cholesteatoma is a cyst in your middle ear composed of skin cells and other debris.\n    Ear canal debris normally travels to your outer ear with the help of ear-protecting earwax. If your eardrum is ruptured, the skin debris can pass into your middle ear and form a cyst.\n    A cholesteatoma provides a friendly environment for bacteria and contains proteins that can damage bones of your middle ear.\n    </li>\n</ul>", 
    "Diagnosis": "Your family doctor or ENT specialist can often determine if you have a perforated eardrum with a visual inspection using a lighted instrument (otoscope).\n\nHe or she may conduct or order additional tests to determine the cause of the rupture or degree of damage. These tests include:\n\n<ul>\n<li>Laboratory tests. If there's discharge from your ear, your doctor may order a laboratory test or culture to detect a bacterial infection of your middle ear.</li>\n<li>Tuning fork evaluation. Tuning forks are two-pronged, metal instruments that produce sounds when struck. Simple tests with tuning forks can help your doctor detect hearing loss. A tuning fork evaluation may also reveal whether hearing loss is caused by damage to the vibrating parts of your middle ear (including your eardrum), damage to sensors or nerves of your inner ear, or damage to both.</li>\n<li>Tympanometry. A tympanometer uses a device inserted into your ear canal that measures the response of your eardrum to slight changes in air pressure. Certain patterns of response can indicate a perforated eardrum.</li>\n<li>Audiology exam. If other hearing tests are inconclusive, your doctor may order a series of strictly calibrated tests conducted in a soundproof booth that measure how well you hear sounds at different volumes and pitches (audiology exam).</li>\n</ul>", 
    "Id": "syc-20351879", 
    "Lifestyle and home remedies": "A ruptured eardrum usually heals on its own within weeks. In some cases, healing takes months. Until your doctor tells you that your ear is healed, protect it by doing the following:\n\n<ul>\n<li>Keep your ear dry. Place a waterproof silicone earplug or cotton ball coated with petroleum jelly in your ear when showering or bathing.</li>\n<li>Refrain from cleaning your ears. Give your eardrum time to heal completely.</li>\n<li>Avoid blowing your nose. The pressure created when blowing your nose can damage your healing eardrum.</li>\n</ul>", 
    "Overview": "A ruptured eardrum \u2014 or tympanic membrane perforation as it's medically known \u2014 is a hole or tear in the thin tissue that separates your ear canal from your middle ear (eardrum).\n\nA ruptured eardrum can result in hearing loss. A ruptured eardrum can also make your middle ear vulnerable to infections or injury.\n\nA ruptured eardrum usually heals within a few weeks without treatment. Sometimes, however, a ruptured eardrum requires a procedure or surgical repair to heal.", 
    "Preparing for your appointment": "If you have signs or symptoms of a perforated eardrum, you're likely to start by seeing your family doctor or general practitioner. However, your doctor may refer you to a specialist in ear, nose and throat (ENT) disorders (ENT physician, or otolaryngologist).\n\nHere's some information to help you prepare for your appointment.\n\n<b>What you can do</b>\nMake a list ahead of time that you can share with your doctor. Your list should include:\n\n<ul>\n<li>Symptoms you're experiencing, including any that may seem unrelated to hearing loss, fluid discharge or other ear-related symptoms</li>\n<li>Relevant events that may be related to your ear problems, such as a history of ear infections, recent injuries or recent air travel</li>\n<li>Medications, including any vitamins or supplements you're taking</li>\n<li>Questions for your doctor</li>\n</ul>\n\n\nIf you think you have signs or symptoms of a ruptured eardrum, you may want to ask your doctor some of the following questions.\n\n<ul>\n<li>Do I have a ruptured eardrum?</li>\n<li>What else could be causing my hearing loss and other symptoms?</li>\n<li>If I have a ruptured eardrum, what do I need to do to protect my ear during the healing process?</li>\n<li>What type of follow-up appointments will I need?</li>\n<li>At what point do we need to consider other treatments?</li>\n</ul>\n\n\nDon't hesitate to ask other questions you have.\n\n<b>What to expect from your doctor</b>\nYour doctor is likely to ask you a number of questions, including:\n\n<ul>\n<li>When did you first experience symptoms?</li>\n<li>Did you have symptoms such as pain or vertigo that cleared up?</li>\n<li>Have you had ear infections?</li>\n<li>Have you been exposed to loud sounds?</li>\n<li>Have you been swimming or diving recently?</li>\n<li>Have you recently flown?</li>\n<li>Have you had head injuries?</li>\n<li>Do you put anything in your ear to clean it?</li>\n</ul>\n\n\n<b>What you can do in the meantime</b>\nIf you think that you have a ruptured eardrum, be careful to keep your ears dry to prevent infection. Don't go swimming. To keep water out of your ear when showering or bathing, use a moldable, waterproof silicone earplug or put a cotton ball coated with petroleum jelly in your outer ear.\n\nDon't put medication drops in your ear unless your doctor prescribes them specifically for infection related to your perforated eardrum.", 
    "Prevention": "Follow these tips to avoid a ruptured or perforated eardrum:\n\n<ul>\n<li>Get treatment for middle ear infections. Be aware of the signs and symptoms of middle ear infection, including earache, fever, nasal congestion and reduced hearing. Children with a middle ear infection often rub or pull on their ears. Seek prompt evaluation from your primary care doctor to prevent potential damage to the eardrum.</li>\n<li>Protect your ears during flight. If possible, don't fly if you have a cold or an active allergy that causes nasal or ear congestion. During takeoffs and landings, keep your ears clear with pressure-equalizing earplugs, yawning or chewing gum. Or use the Valsalva maneuver \u2014 gently blowing, as if blowing your nose, while pinching your nostrils and keeping your mouth closed. Don't sleep during ascents and descents.</li>\n<li>Keep your ears free of foreign objects. Never attempt to dig out excess or hardened earwax with items such as a cotton swab, paper clip or hairpin. These items can easily tear or puncture your eardrum. Teach your children about the damage that can be done by putting foreign objects in their ears.</li>\n<li>Guard against excessive noise. Protect your ears from unnecessary damage by wearing protective earplugs or earmuffs in your workplace or during recreational activities if loud noise is present.</li>\n</ul>", 
    "Symptoms": "Signs and symptoms of a ruptured eardrum may include:\n\n<ul>\n<li>Ear pain that may subside quickly</li>\n<li>Clear, pus-filled or bloody drainage from your ear</li>\n<li>Hearing loss</li>\n<li>Ringing in your ear (tinnitus)</li>\n<li>Spinning sensation (vertigo)</li>\n<li>Nausea or vomiting that can result from vertigo</li>\n</ul>\n\n\n<b>When to see a doctor</b>\nCall your doctor if you experience any of the signs or symptoms of a ruptured eardrum or pain or discomfort in your ears. Your middle and inner ears are composed of delicate mechanisms that are sensitive to injury or disease. Prompt and appropriate treatment is important to preserve your hearing.", 
    "Title": "Ruptured eardrum", 
    "Treatment": "Most perforated eardrums heal without treatment within a few weeks. Your doctor may prescribe antibiotic drops if there's evidence of infection. If the tear or hole in your eardrum doesn't heal by itself, treatment will involve procedures to close the perforation. These may include:\n\n<ul>\n<li>Eardrum patch. If the tear or hole in your eardrum doesn't close on its own, an ENT specialist may seal it with a patch. With this office procedure, your ENT doctor may apply a chemical to the edges of the tear to stimulate growth and then apply a patch over the hole. The procedure may need to be repeated more than once before the hole closes.</li>\n<li>Surgery. If a patch doesn't result in proper healing or your ENT doctor determines that the tear isn't likely to heal with a patch, he or she may recommend surgery. The most common surgical procedure is called tympanoplasty. Your surgeon grafts a tiny patch of your own tissue to close the hole in the eardrum. This procedure is done on an outpatient basis, meaning you can usually go home the same day unless medical anesthesia conditions require a longer hospital stay.</li>\n</ul>"
}