{
    "Aliases": [], 
    "Causes": "Sometimes the cause of anal itching isn't identifiable. Possible causes of anal itching include:\n\n<ul>\n<li>Irritants. Fecal incontinence and long-term (chronic) diarrhea can irritate the skin. Or your skin care routine may include products or behaviors that irritate the skin, such as using harsh soaps or moist wipes and washing too aggressively.</li>\n<li>Infections. These include sexually transmitted infections, pinworms, and yeast infections.</li>\n<li>Skin conditions. Sometimes anal itching is the result of a specific skin condition, such as psoriasis or contact dermatitis.</li>\n<li>Other medical conditions. These include diabetes, thyroid disease, hemorrhoids, anal tumors.</li>\n</ul>", 
    "Diagnosis": "Your doctor may be able to diagnose the cause of your itching simply by asking you questions about your symptoms, medical history and personal care habits. If pinworms are suspected, your doctor may suggest doing a test for pinworms. You may also need a physical exam, including a digital rectal exam.\n\nIf the cause of your itching isn't obvious or it doesn't respond to initial treatment, your doctor may refer you to a skin specialist (dermatologist). It's possible the cause of the itching may never be identified.", 
    "Id": "syc-20369345", 
    "Lifestyle and home remedies": "Prevention of anal itching mainly involves a careful washing routine that keeps the area clean, cool and dry, while avoiding further irritating the skin.\n\nIf you already have anal itching, try these self-care measures:\n\n<ul>\n<li>\n    Cleanse gently. Clean the area around the anus with plain water or mild soap and a soft (nonterry) washcloth once daily. Avoid scrubbing. Pat dry or use a hair dryer set on low.\n    If you have fecal incontinence or diarrhea, clean the area around the anus with moist cotton balls or a squirt bottle of plain water. It may also help to apply a moistened or dry cotton ball to the outside of the anus.\n    </li>\n<li>Don't scratch. Scratching further irritates your skin. You may find some relief by applying a moist, room-temperature compress to the area or taking a lukewarm oatmeal bath. Trim your nails short and wear cotton gloves while you're sleeping to help prevent scratching.</li>\n<li>Wear white cotton underwear that don't bind. This helps keep the area dry. Avoid wearing pantyhose and other tightfitting garments because these can trap moisture</li>\n<li>Avoid irritants. Avoid bubble baths, genital deodorants, harsh or perfumed soaps, and moist wipes. Use white, unscented toilet paper.</li>\n<li>Change your diet. Cut back on or avoid coffee, cola, alcohol, citrus fruits, chocolate, spicy foods, tomatoes and foods that may cause diarrhea. Avoid overuse of laxatives.</li>\n<li>Apply ointments or gels. Protect the affected skin from moisture by applying a thin layer of a zinc oxide ointment (Desitin, Balmex) or petroleum jelly (Vaseline). If needed, apply hydrocortisone 1 percent cream two to three times a day for a brief period to relieve symptoms.</li>\n<li>Maintain regular, firm bowel movements. If soft stools or frequent bowel movements are a problem, gradually adding fiber to your diet may help. Fiber supplements such as psyllium (Metamucil) and methylcellulose (Citrucel) also may help.</li>\n</ul>", 
    "Overview": "Anal itching is a common condition. The itch, situated in or around your anus, is often intense and may be accompanied by a strong urge to scratch. You may find anal itching to be embarrassing and uncomfortable.\n\nAlso called pruritus ani (proo-RIE-tus A-nie), anal itching has many possible causes, such as skin problems, hemorrhoids, and washing too much or not enough.\n\nIf anal itching is persistent, talk with your doctor. With proper treatment and self-care, most people get complete relief from anal itching.", 
    "Preparing for your appointment": "Often you won't need to see a doctor about anal itching. If the itching persists even after taking self-care measures, mention it to your primary care doctor. He or she may refer you to a skin specialist (dermatologist) or a doctor who specializes in treating rectal and anal problems (proctologist).\n\nHere's some information to help you get ready for your appointment.\n\n<b>What you can do</b>\nBefore your appointment make a list of:\n\n<ul>\n<li>Symptoms you've been having, including any that may seem unrelated to anal itching</li>\n<li>How long you've been experiencing your symptoms</li>\n<li>All medications, vitamins and supplements you take, including the doses</li>\n<li>Questions to ask your doctor</li>\n</ul>\n\n\nFor anal itching, some basic questions to ask your doctor include:\n\n<ul>\n<li>What's the most likely cause of my symptoms?</li>\n<li>What tests do I need?</li>\n<li>Is this problem temporary?</li>\n<li>What treatments are available? Which do you recommend?</li>\n<li>Do you think I need to see a specialist?</li>\n<li>Do you have any brochures or other printed material that I can take with me? What websites do you recommend?</li>\n</ul>\n\n\n<b>What to expect from your doctor</b>\nYour doctor is likely to ask you a number of questions, such as:\n\n<ul>\n<li>Have your symptoms been continuous, or do they come and go?</li>\n<li>How severe are your symptoms?</li>\n<li>Have you had recent changes in your bowel movements, such as diarrhea?</li>\n<li>What type of soap or other products do you use on your body?</li>\n<li>Does anything seem to improve your symptoms?</li>\n<li>What, if anything, worsens your symptoms?</li>\n<li>Have you noticed any other changes in your general health?</li>\n<li>Are others in the home experiencing a similar itch?</li>\n</ul>\n\n\n<b>What you can do in the meantime</b>\nCleanse the anal area gently immediately after bowel movements and dry thoroughly. Wear cotton underwear and loose clothing. Try not to scratch.", 
    "Symptoms": "Anal itching may be associated with redness, burning and soreness. The itching and irritation may be temporary or more persistent, depending on the cause.\n\n<b>When to see a doctor</b>\nMost anal itching doesn't require medical care. See your doctor if:\n\n<ul>\n<li>Anal itching is severe or persistent</li>\n<li>You have anal bleeding or stool leakage</li>\n<li>The anal area seems to be infected</li>\n<li>You can't figure out what's causing a persistent itch</li>\n</ul>\n\n\nPersistent anal itching may be related to a skin condition or other health problem that requires medical treatment.", 
    "Title": "Anal itching", 
    "Treatment": "Treatment of anal itching depends on the cause of the problem. It may include taking self-care measures such as nonprescription anti-itch cream or treating an infection or hemorrhoids.\n\nIf your symptoms are worse at night, an oral antihistamine might help until an anti-itch cream takes effect.\n\nWith proper care most people experience relief from anal itching. See your doctor if the itching persists."
}