{
    "Aliases": [], 
    "Causes": "In cystic fibrosis, a defect (mutation) in a gene changes a protein that regulates the movement of salt in and out of cells. The result is thick, sticky mucus in the respiratory, digestive and reproductive systems, as well as increased salt in sweat.\n\nMany different defects can occur in the gene. The type of gene mutation is associated with the severity of the condition.\n\nChildren need to inherit one copy of the gene from each parent in order to have the disease. If children inherit only one copy, they won't develop cystic fibrosis. However, they will be carriers and possibly pass the gene to their own children.", 
    "Clinical trials": "Explore Mayo Clinic studies testing new treatments, interventions and tests as a means to prevent, detect, treat or manage this disease.", 
    "Complications": "<ul>\n<li>Damaged airways (bronchiectasis). Cystic fibrosis is one of the leading causes of bronchiectasis, a condition that damages the airways. This makes it harder to move air in and out of the lungs and clear mucus from the airways (bronchial tubes).</li>\n<li>Chronic infections. Thick mucus in the lungs and sinuses provides an ideal breeding ground for bacteria and fungi. People with cystic fibrosis may often have sinus infections, bronchitis or pneumonia.</li>\n<li>Growths in the nose (nasal polyps). Because the lining inside the nose is inflamed and swollen, it can develop soft, fleshy growths (polyps).</li>\n<li>Coughing up blood (hemoptysis). Over time, cystic fibrosis can cause thinning of the airway walls. As a result, teenagers and adults with cystic fibrosis may cough up blood.</li>\n<li>Pneumothorax. This condition, in which air collects in the space that separates the lungs from the chest wall, also is more common in older people with cystic fibrosis. Pneumothorax can cause chest pain and breathlessness.</li>\n<li>Respiratory failure. Over time, cystic fibrosis can damage lung tissue so badly that it no longer works. Lung function usually worsens gradually, and it eventually can become life-threatening.</li>\n<li>Acute exacerbations. People with cystic fibrosis may experience worsening of their respiratory symptoms, such as coughing and shortness of breath, for several days to weeks. This is called an acute exacerbation and requires treatment in the hospital.</li>\n</ul>\n\n\n<ul>\n<li>Nutritional deficiencies. Thick mucus can block the tubes that carry digestive enzymes from your pancreas to your intestines. Without these enzymes, your body can't absorb protein, fats or fat-soluble vitamins.</li>\n<li>Diabetes. The pancreas produces insulin, which your body needs to use sugar. Cystic fibrosis increases the risk of diabetes. Around 30 percent of people with cystic fibrosis develop diabetes by age 30.</li>\n<li>Blocked bile duct. The tube that carries bile from your liver and gallbladder to your small intestine may become blocked and inflamed, leading to liver problems and sometimes gallstones.</li>\n<li>Intestinal obstruction. Intestinal obstruction can happen to people with cystic fibrosis at all ages. Children and adults with cystic fibrosis are more likely than are infants to develop intussusception, a condition in which a section of the intestines folds in on itself like an accordion.</li>\n<li>Distal intestinal obstruction syndrome (DIOS). DIOS is partial or complete obstruction where the small intestine meets the large intestine.</li>\n</ul>\n\n\nAlmost all men with cystic fibrosis are infertile because the tube that connects the testes and prostate gland (vas deferens) is either blocked with mucus or missing entirely. Certain fertility treatments and surgical procedures sometimes make it possible for men with cystic fibrosis to become biological fathers.\n\nAlthough women with cystic fibrosis may be less fertile than other women, it's possible for them to conceive and to have successful pregnancies. Still, pregnancy can worsen the signs and symptoms of cystic fibrosis, so be sure to discuss the possible risks with your doctor.\n\n<ul>\n<li>Thinning of the bones (osteoporosis). People with cystic fibrosis are at higher risk of developing a dangerous thinning of bones.</li>\n<li>Electrolyte imbalances and dehydration. Because people with cystic fibrosis have saltier sweat, the balance of minerals in their blood may be upset. Signs and symptoms include increased heart rate, fatigue, weakness and low blood pressure.</li>\n</ul>", 
    "Coping and support": "If you or someone you love has cystic fibrosis, you may experience strong emotions such as anger or fear. These issues are especially common in teens. Talking openly about how you feel can help. It also may help to talk with others who are dealing with the same issues.\n\nThat might mean joining a support group for parents of children with cystic fibrosis. Older children with the disorder may want to join a cystic fibrosis group to meet and talk with others who have the disease.\n\nIf you or your child is depressed or anxious, it may help to meet with a psychologist. He or she may suggest medications or other treatments as well.\n\nSpend time with friends and family. Having their support can help you manage stress and reduce anxiety. Ask your friends or family for help if you need it.\n\nTake time to learn about your or your child's condition. If your child has cystic fibrosis, encourage him or her to learn about the condition. Find out how medical care is managed for children with cystic fibrosis as they grow older into adulthood. Ask your child's doctor if you have questions about your child's care as he or she becomes older.", 
    "Diagnosis": "To diagnose cystic fibrosis, doctors may conduct several tests.\n\n<b>Newborn screening and diagnosis</b>\nEvery state in the U.S. now routinely screens newborns for cystic fibrosis. Early diagnosis means treatment can begin immediately.\n\nIn one screening test, a blood sample is checked for higher than normal levels of a chemical (immunoreactive trypsinogen, or IRT) released by the pancreas. A newborn's IRT levels may be high because of premature birth or a stressful delivery. For that reason other tests may be needed to confirm a diagnosis of cystic fibrosis.\n\nGenetic tests may be used in addition to checking the IRT levels to confirm the diagnosis. Doctors may also conduct genetic tests to test for specific defects on the gene responsible for cystic fibrosis.\n\nTo evaluate if an infant has cystic fibrosis, doctors may also conduct a sweat test when the infant is at least 2 weeks old. In a sweat test, doctors apply a sweat-producing chemical to a small area of skin. They then collect the sweat to test it and see if it's saltier than normal. Testing may be done at a center specializing in cystic fibrosis.\n\n<b>Testing of older children and adults</b>\nCystic fibrosis tests may be recommended for older children and adults who weren't screened at birth. Your doctor may suggest genetic and sweat tests for cystic fibrosis if you have recurring bouts of inflamed pancreas (pancreatitis), nasal polyps, chronic sinus or lung infections, bronchiectasis, or male infertility.", 
    "Id": "syc-20353700", 
    "Lifestyle and home remedies": "You can manage your condition and minimize complications in several ways. Always talk to your doctor before starting home remedies.\n\nCystic fibrosis can cause malnourishment because the enzymes needed for digestion can't reach your small intestine, preventing food from being absorbed. People with cystic fibrosis may need a significantly higher number of calories daily than do people without the condition.\n\nA healthy diet is important to maintain good lung function. It's also important to drink lots of fluids, which can help thin the mucus in your lungs. You may work with a dietitian to develop a nutrition plan.\n\nMost people with cystic fibrosis need to take pancreatic enzyme capsules with every meal and snack. In addition, your doctor may recommend:\n\n<ul>\n<li>Antacids</li>\n<li>Supplemental high-calorie nutrition</li>\n<li>Special fat-soluble vitamins</li>\n<li>Extra fiber to prevent intestinal blockage</li>\n<li>Extra salt, especially during hot weather or before exercising</li>\n<li>Adequate water during hot weather </li>\n</ul>\n\n\nIn addition to other usual childhood vaccines, people with cystic fibrosis should have the annual flu vaccine and any other vaccines their doctor recommends. Cystic fibrosis doesn't affect the immune system, but children with cystic fibrosis are more likely to develop complications when they become sick.\n\nRegular exercise helps loosen mucus in your airways, and strengthens your heart. For many people with cystic fibrosis, participating in sports can improve confidence and self-esteem. Anything that gets you moving, including walking and biking, can help.\n\nDon't smoke in your home or car, and don't allow other people to smoke around you or your child. Secondhand smoke is harmful for everyone, but especially for people with cystic fibrosis.\n\nTeach all the members of your family to wash their hands thoroughly before eating, after using the bathroom, when coming home from work or school, and after being around a person who is sick. Hand-washing is the best way to protect against infection.\n\nYou'll have ongoing care from your doctor and other medical professionals. Make sure to attend your regular follow-up appointments. Take your medications as prescribed and follow therapies as instructed. Contact your doctor if you experience any signs or symptoms such as severe constipation, more mucus than usual, blood in your mucus or reduced energy.", 
    "Overview": "Cystic fibrosis is an inherited disorder that causes severe damage to the lungs, digestive system and other organs in the body.\n\nCystic fibrosis affects the cells that produce mucus, sweat and digestive juices. These secreted fluids are normally thin and slippery. But in people with cystic fibrosis, a defective gene causes the secretions to become sticky and thick. Instead of acting as a lubricant, the secretions plug up tubes, ducts and passageways, especially in the lungs and pancreas.\n\nAlthough cystic fibrosis requires daily care, people with the condition are usually able to attend school and work, and often have a better quality of life than people with cystic fibrosis had in previous decades. Improvements in screening and treatments mean people with cystic fibrosis now may live into their mid- to late 30s, on average, and some are living into their 40s and 50s.\n\nCystic fibrosis care at Mayo Clinic", 
    "Preparing for your appointment": "Make an appointment with your doctor if you or your child has signs or symptoms common to cystic fibrosis. After the initial evaluation, you may be referred to a doctor trained in evaluating and treating cystic fibrosis.\n\nHere's some information to help you prepare for your appointment, as well as what to expect from your doctor.\n\n<b>What you can do</b>\nYou may want to write a list that answers these questions:\n\n<ul>\n<li>What symptoms are you or your child experiencing?</li>\n<li>When did the symptoms start, and does anything make them better or worse?</li>\n<li>Has anyone in your family ever had cystic fibrosis?</li>\n<li>Has growth been normal and weight been stable?</li>\n</ul>\n\n\n<b>What to expect from your doctor</b>\nAfter obtaining detailed information about the symptoms and your family's medical history, your doctor may order some tests to help with diagnosis.", 
    "Prevention": "If you or your partner has close relatives with cystic fibrosis, you both may want to undergo genetic testing before having children. The test, which is performed in a lab on a sample of blood, can help determine your risk of having a child with cystic fibrosis.\n\nIf you're already pregnant and the genetic test shows that your baby may be at risk of cystic fibrosis, your doctor can conduct additional tests on your developing child.\n\nGenetic testing isn't for everyone. Before you decide to be tested, you should talk to a genetic counselor about the psychological impact the test results might carry.", 
    "Risk factors": "<ul>\n<li>Family history. Because cystic fibrosis is an inherited disorder, it runs in families.</li>\n<li>Race. Although cystic fibrosis occurs in all races, it is most common in white people of Northern European ancestry.</li>\n</ul>", 
    "Symptoms": "Screening of newborns for cystic fibrosis is now performed in every state in the United States. As a result, the condition can be diagnosed within the first month of life, before symptoms develop. For people born before newborn screening was performed, it's important to be aware of the signs and symptoms of cystic fibrosis.\n\nCystic fibrosis signs and symptoms vary, depending on the severity of the disease. Even in the same person, symptoms may worsen or improve as time passes. Some people may not experience symptoms until adolescence or adulthood.\n\nPeople with cystic fibrosis have a higher than normal level of salt in their sweat. Parents often can taste the salt when they kiss their children. Most of the other signs and symptoms of cystic fibrosis affect the respiratory system and digestive system. However, adults diagnosed with cystic fibrosis are more likely to have atypical symptoms, such as recurring bouts of inflamed pancreas (pancreatitis), infertility and recurring pneumonia.\n\nThe thick and sticky mucus associated with cystic fibrosis clogs the tubes that carry air in and out of your lungs. This can cause signs and symptoms such as:\n\n<ul>\n<li>A persistent cough that produces thick mucus (sputum)</li>\n<li>Wheezing</li>\n<li>Breathlessness</li>\n<li>Exercise intolerance</li>\n<li>Repeated lung infections</li>\n<li>Inflamed nasal passages or a stuffy nose</li>\n</ul>\n\n\nThe thick mucus can also block tubes that carry digestive enzymes from your pancreas to your small intestine. Without these digestive enzymes, your intestines aren't able to completely absorb the nutrients in the food you eat. The result is often:\n\n<ul>\n<li>Foul-smelling, greasy stools</li>\n<li>Poor weight gain and growth</li>\n<li>Intestinal blockage, particularly in newborns (meconium ileus)</li>\n<li>Severe constipation</li>\n</ul>\n\n\nFrequent straining while passing stool can cause part of the rectum \u2014 the end of the large intestine \u2014 to protrude outside the anus (rectal prolapse). When this occurs in children, it may be a sign of cystic fibrosis. Parents should consult a physician knowledgeable about cystic fibrosis. Rectal prolapse in children may sometimes require surgery. Rectal prolapse in children with cystic fibrosis is less common than it was in the past, which may be due to earlier testing, diagnosis and treatment of cystic fibrosis.\n\nIf you or your child has symptoms of cystic fibrosis \u2014 or if someone in your family has cystic fibrosis \u2014 talk with your doctor about testing for the disease.\n\nSeek immediate medical care if you or your child has difficulty breathing.", 
    "Title": "Cystic fibrosis", 
    "Treatment": "There is no cure for cystic fibrosis, but treatment can ease symptoms and reduce complications. Close monitoring and early, aggressive intervention is recommended. Managing cystic fibrosis is complex, so consider obtaining treatment at a center staffed by doctors and other staff trained in cystic fibrosis. Doctors may work with a multidisciplinary team of doctors and medical professionals trained in cystic fibrosis to evaluate and treat your condition.\n\nThe goals of treatment include:\n\n<ul>\n<li>Preventing and controlling infections that occur in the lungs</li>\n<li>Removing and loosening mucus from the lungs</li>\n<li>Treating and preventing intestinal blockage</li>\n<li>Providing adequate nutrition</li>\n</ul>\n\n\n<b>Medications</b>\nThe options may include:\n\n<ul>\n<li>Antibiotics to treat and prevent lung infections</li>\n<li>Anti-inflammatory medications to lessen swelling in the airways in your lungs</li>\n<li>Mucus-thinning drugs to help you cough up the mucus, which can improve lung function</li>\n<li>Inhaled medications called bronchodilators that can help keep your airways open by relaxing the muscles around your bronchial tubes</li>\n<li>Oral pancreatic enzymes to help your digestive tract absorb nutrients</li>\n</ul>\n\n\nFor those with cystic fibrosis who have certain gene mutations, doctors may recommend a newer medication called ivacaftor (Kalydeco). This medication may improve lung function and weight, and reduce the amount of salt in sweat. It has been approved by the Food and Drug Administration for people with cystic fibrosis who are age 6 and older. The dose depends on your weight and age.\n\nDoctors may conduct liver function tests and eye examinations before prescribing ivacaftor and on a regular basis while you're taking it to check for side effects such as liver function abnormalities and cataracts.\n\nFor people with a certain gene mutation who are age 12 and older, another drug (Orkambi) is available that combines ivacaftor with a medication called lumacaftor. The combination of these medications may improve lung function and reduce the risk of exacerbations. However, some people may experience side effects such as chest discomfort and shortness of breath soon after starting the medication. Some people may also have high blood pressure while taking the medication. Doctors may monitor you for any side effects.\n\n<b>Chest physical therapy</b>\nLoosening the thick mucus in the lungs makes it easier to cough up. Chest physical therapy helps loosen mucus. It is usually done from one to four times a day. A common technique is clapping with cupped hands on the front and back of the chest. Certain breathing techniques also may be used to help loosen the mucus. Your doctor will instruct you about the type of chest physical therapy he or she recommends for you.\n\nMechanical devices also can help loosen lung mucus. These include a vibrating vest or a tube or mask you breathe into.\n\n<b>Pulmonary rehabilitation</b>\nYour doctor may recommend a long-term program that may improve your lung function and overall well-being. Pulmonary rehabilitation is usually done on an outpatient basis and may include:\n\n<ul>\n<li>Physical exercise that may improve your condition</li>\n<li>Breathing techniques that may help loosen mucus and improve breathing</li>\n<li>Nutritional counseling</li>\n<li>Counseling and support</li>\n<li>Education about your condition</li>\n</ul>\n\n\n<b>Surgical and other procedures</b>\n<ul>\n<li>Nasal polyp removal. Your doctor may recommend surgery to remove nasal polyps that obstruct breathing.</li>\n<li>Oxygen therapy. If your blood oxygen level declines, your doctor may recommend that you breathe pure oxygen to prevent high blood pressure in the lungs (pulmonary hypertension).</li>\n<li>Endoscopy and lavage. Mucus may be suctioned from obstructed airways through an endoscope.</li>\n<li>Feeding tube. Cystic fibrosis interferes with digestion, so you can't absorb nutrients from food very well. Your doctor may suggest temporarily using a feeding tube to deliver extra nutrition while you sleep. This tube may be inserted in your nose and guided to your stomach, or it may be surgically implanted into the abdomen.</li>\n<li>Bowel surgery. If a blockage develops in your bowel, you may need surgery to remove it. Intussusception, where a section of bowel has folded in on itself, also may require surgical repair.</li>\n<li>\n    Lung transplant. If you have severe breathing problems, life-threatening lung complications or increasing resistance to antibiotics used to treat lung infections, lung transplantation may be an option. Because bacteria line the airways in diseases that cause permanent widening of the large airways (bronchiectasis), such as cystic fibrosis, both lungs need to be replaced.\n    Cystic fibrosis does not recur in transplanted lungs. However, other complications associated with cystic fibrosis \u2014 such as sinus infections, diabetes, pancreas problems and osteoporosis \u2014 can still occur after a lung transplant.\n    </li>\n</ul>"
}