{
    "Aliases": [], 
    "Causes": "Excess levels of the hormone cortisol are responsible for Cushing syndrome. Cortisol, which is produced in the adrenal glands, plays a variety of roles in your body. For example, cortisol helps regulate your blood pressure and keeps your cardiovascular system functioning normally.\n\nCortisol also helps your body respond to stress and regulates the way you convert (metabolize) proteins, carbohydrates and fats in your diet into usable energy. However, when the level of cortisol is too high in your body, you may develop Cushing syndrome.\n\n<b>The role of corticosteroid medications</b>\nCushing syndrome can develop from a cause outside of your body (exogenous Cushing syndrome). One example is taking oral corticosteroid medications in high doses over an extended period of time. These medications, such as prednisone, have the same effect in the body as does cortisol produced by your body.\n\nOral corticosteroids may be necessary to treat inflammatory diseases, such as rheumatoid arthritis, lupus and asthma, or to prevent your body from rejecting a transplanted organ. Because the doses required to treat these conditions are often higher than the amount of cortisol your body normally needs each day, side effects from excess cortisol can occur.\n\nIt's also possible to develop Cushing syndrome from injectable corticosteroids \u2014 for example, repeated injections for joint pain, bursitis and back pain. Inhaled steroid medicines (taken for asthma) and steroid skin creams (used for skin disorders such as eczema) are generally less likely to cause Cushing syndrome than oral corticosteroids. But, in some individuals, these medications may cause Cushing syndrome, especially if taken in high doses.\n\n<b>Your body's own overproduction</b>\nThe condition may also be due to your body's own overproduction of cortisol (endogenous Cushing syndrome). This may occur from excess production by one or both adrenal glands, or overproduction of the adrenocorticotropic hormone (ACTH), which normally regulates cortisol production, In these cases, Cushing syndrome may be related to:\n\n<ul>\n<li>A pituitary gland tumor (pituitary adenoma). A noncancerous (benign) tumor of the pituitary gland, located at the base of the brain, secretes an excess amount of ACTH, which in turn stimulates the adrenal glands to make more cortisol. When this form of the syndrome develops, it's called Cushing disease. It occurs much more often in women and is the most common form of endogenous Cushing syndrome.</li>\n<li>An ectopic ACTH-secreting tumor. Rarely, when a tumor develops in an organ that normally does not produce ACTH, the tumor will begin to secrete this hormone in excess, resulting in Cushing syndrome. These tumors, which can be noncancerous (benign) or cancerous (malignant), are usually found in the lungs, pancreas, thyroid or thymus gland.</li>\n<li>\n\tA primary adrenal gland disease. In some people, the cause of Cushing syndrome is excess cortisol secretion that doesn't depend on stimulation from ACTH and is associated with disorders of the adrenal glands. The most common of these disorders is a noncancerous tumor of the adrenal cortex, called an adrenal adenoma.\n\tCancerous tumors of the adrenal cortex (adrenocortical carcinomas) are rare, but they can cause Cushing syndrome as well. Occasionally, benign, nodular enlargement of both adrenal glands can result in Cushing syndrome.\n\t</li>\n<li>Familial Cushing syndrome. Rarely, people inherit a tendency to develop tumors on one or more of their endocrine glands, affecting cortisol levels and causing Cushing syndrome.</li>\n</ul>", 
    "Clinical trials": "Explore Mayo Clinic studies testing new treatments, interventions and tests as a means to prevent, detect, treat or manage this disease.", 
    "Complications": "Without treatment, complications of Cushing syndrome may include:\n\n<ul>\n<li>Bone loss (osteoporosis), which can result in unusual bone fractures, such as rib fractures and fractures of the bones in the feet</li>\n<li>High blood pressure (hypertension)</li>\n<li>Type 2 diabetes</li>\n<li>Frequent or unusual infections</li>\n<li>Loss of muscle mass and strength</li>\n</ul>", 
    "Coping and support": "Support groups can be valuable in dealing with Cushing syndrome and recovery. They bring you together with other people who are coping with the same kinds of challenges, along with their families and friends, and offer a setting in which you can share common problems.\n\nAsk your doctor about support groups in your community. Your local health department, public library and telephone book as well as the Internet also may be good sources to find a support group in your area.", 
    "Diagnosis": "Cushing syndrome can be difficult to diagnose, particularly endogenous Cushing syndrome, because other conditions share the same signs and symptoms. Diagnosing Cushing syndrome can be a long and extensive process. You may not have any firm answers about your condition until you've had a series of medical appointments.\n\nYour doctor will conduct a physical exam, looking for signs of Cushing syndrome. He or she may suspect Cushing syndrome if you have signs such as rounding of the face (moon face), a pad of fatty tissue between the shoulders and neck (buffalo hump), and thin skin with bruises and stretch marks.\n\nIf you've been taking a corticosteroid medication for a long time, your doctor may suspect that you've developed Cushing syndrome as a result of this medication. If you haven't been using a corticosteroid medication, these diagnostic tests may help pinpoint the cause:\n\n<ul>\n<li>\n    Urine and blood tests. These tests measure hormone levels in your urine and blood and show whether your body is producing excessive cortisol. For the urine test, you may be asked to collect your urine over a 24-hour period. Both the urine and blood samples will be sent to a laboratory to be analyzed for cortisol levels.\n    Your doctor might also recommend other specialized tests that evaluate the blood and urine to help determine if Cushing syndrome is present and to help identify the underlying source of any excess production. These tests often involve measuring cortisol levels before and after stimulation or suppression with other hormone medications.\n    </li>\n<li>Saliva test. Cortisol levels normally rise and fall throughout the day. In people without Cushing syndrome, levels of cortisol drop significantly in the evening. By analyzing cortisol levels from a small sample of saliva collected late at night, doctors can see if cortisol levels are too high, suggesting a diagnosis of Cushing syndrome.</li>\n<li>Imaging tests. Computerized tomography scans or magnetic resonance imaging scans can provide images of your pituitary and adrenal glands to detect abnormalities, such as tumors.</li>\n<li>\n    Petrosal sinus sampling. This test can help determine whether the cause of endogenous Cushing syndrome is rooted in the pituitary or somewhere else. For the test, blood samples are taken from the petrosal sinuses \u2014 veins that drain the pituitary glands.\n    A thin tube is inserted into your upper thigh or groin area while you're sedated, and threaded to the petrosal sinuses. Levels of ACTH are measured from the petrosal sinuses, and from a blood sample taken from the forearm.\n    If ACTH is higher in the sinus sample, the problem stems from the pituitary. If the ACTH levels are similar between the sinus and forearm, the root of the problem lies outside of the pituitary gland.\n    </li>\n</ul>\n\n\nThese tests don't only help your doctor diagnose Cushing syndrome, they may also help rule out other medical conditions with similar signs and symptoms. For example, polycystic ovary syndrome \u2014 a hormone disorder in women with enlarged ovaries \u2014 shares some of the same signs and symptoms as Cushing has, such as excessive hair growth and irregular menstrual periods. Depression, eating disorders and alcoholism also can partially mimic Cushing syndrome.", 
    "Id": "syc-20351310", 
    "Lifestyle and home remedies": "The length of your recovery from Cushing syndrome will depend on the severity and cause of your condition. Remember to be patient. You didn't develop Cushing syndrome overnight, and your symptoms won't disappear overnight, either. In the meantime, these tips may help you on your journey back to health.\n\n<ul>\n<li>Increase activities slowly. You may be in such a hurry to get your old self back that you push yourself too hard too fast, but your weakened muscles need a slower approach. Work up to a reasonable level of exercise or activity that feels comfortable without overdoing it. You'll improve little by little, and your persistence will be rewarded.</li>\n<li>Eat sensibly. Nutritious, wholesome foods provide a good source of fuel for your recovering body and can help you lose the extra pounds that you gained from Cushing syndrome. Make sure you're getting enough calcium and vitamin D. Taken together, they help your body absorb calcium, which can help strengthen your bones, counteracting the bone density loss that often occurs with Cushing syndrome.</li>\n<li>Monitor your mental health. Depression can be a side effect of Cushing syndrome, but it can also persist or develop after treatment begins. Don't ignore your depression or wait it out. Seek help promptly from your doctor or a therapist if you're depressed, overwhelmed or having difficulty coping during your recovery.</li>\n<li>Gently soothe aches and pains. Hot baths, massages and low-impact exercises, such as water aerobics and tai chi, can help alleviate some of the muscle and joint pain that accompanies Cushing syndrome recovery.</li>\n</ul>", 
    "Overview": "Cushing syndrome occurs when your body is exposed to high levels of the hormone cortisol for a long time. Cushing syndrome, sometimes called hypercortisolism, may be caused by the use of oral corticosteroid medication. The condition can also occur when your body makes too much cortisol on its own.\n\nToo much cortisol can produce some of the hallmark signs of Cushing syndrome \u2014 a fatty hump between your shoulders, a rounded face, and pink or purple stretch marks on your skin. Cushing syndrome can also result in high blood pressure, bone loss and, on occasion, type 2 diabetes.\n\nTreatments for Cushing syndrome can return your body's cortisol production to normal and noticeably improve your symptoms. The earlier treatment begins, the better your chances for recovery.", 
    "Preparing for your appointment": "You're likely to first see your primary care doctor. However, in some cases when you call to set up an appointment, you may be referred immediately to an endocrinologist, a doctor who specializes in endocrine (hormonal) disorders.\n\nIt's a good idea to prepare for your appointment so that you can make the most of your time with your doctor. Here's some information to help you get ready, and what to expect from your doctor.\n\n<b>What you can do</b>\n<ul>\n<li>Be aware of any pre-appointment restrictions. At the time you make the appointment, be sure to ask if there's anything you need to do in advance to prepare for diagnostic tests.</li>\n<li>Write down any symptoms you're experiencing, including any that may seem unrelated to the reason for which you scheduled the appointment. For example, if you've had headaches more frequently or if you've been feeling down or more tired than usual, this is important information to share with your doctor. Also tell your doctor about changes in your physical appearance, such as weight gain, new acne or increased body hair.</li>\n<li>Write down key personal information, including any changes in your personal relationships and in your sex life. Let your doctor know if the people closest to you have noticed that you seem irritable or that you seem to have more mood swings than in the past. It may help to take along a photo of yourself that shows any changes in your physical appearance since you've started experiencing symptoms.</li>\n<li>Make a list of all medications, as well as any vitamins, creams or supplements, that you're currently taking or have used in the past. Include on your list the specific name, dose and dates of any steroid medications you've taken in the past, such as cortisone injections.</li>\n<li>Take a family member or friend along, if possible. Sometimes it can be difficult to remember all the information provided to you during an appointment. Someone who accompanies you may remember something that you missed or forgot.</li>\n<li>Write down questions to ask your doctor.</li>\n</ul>\n\n\nYour time with your doctor may be limited, so preparing a list of questions ahead of time may help you make the most of your time together. For Cushing syndrome, some basic questions to ask your doctor include:\n\n<ul>\n<li>What's the most likely cause of my symptoms?</li>\n<li>What kinds of diagnostic tests do I need? How are these tests performed?</li>\n<li>What are my treatment options? Which do you recommend for me?</li>\n<li>Will my physical signs and symptoms improve with treatment? Will I see a difference in my appearance as well as in the way I feel?</li>\n<li>Will treatment help make me feel more emotionally stable?</li>\n<li>What long-term impact could each treatment option have? Will there be an impact on my ability to have children?</li>\n<li>How will you follow my response to treatment over time?</li>\n<li>I have these other health conditions. How can I best manage these conditions together?</li>\n<li>Are there any brochures or other printed material that I can take home with me? What websites do you recommend?</li>\n</ul>\n\n\nIn addition to the questions that you've prepared to ask your doctor, don't hesitate to ask any additional questions during your appointment.\n\n<b>What to expect from your doctor</b>\nYour doctor is likely to ask you a number of questions. Being ready to answer them may reserve time to go over any points you want to spend more time on. Your doctor may ask:\n\n<ul>\n<li>When did you first begin having symptoms?</li>\n<li>Do you have symptoms constantly, or do they come and go? Have they gotten worse over time?</li>\n<li>Have you noticed any changes in your sexual performance or your interest in sex?</li>\n<li>For women, has your menstrual cycle changed or have you stopped having your period?</li>\n<li>Have you gained weight? On what part of your body?</li>\n<li>Have you had difficulty controlling your emotions?</li>\n<li>Have you noticed that you bruise more easily, or that wounds and infections take longer to heal than in the past?</li>\n<li>Do you have weakness in your muscles, such as difficulty getting out of the tub or walking stairs?</li>\n<li>Have you developed new acne or more body or facial hair?</li>\n<li>Have you been taking a corticosteroid medication? For how long?</li>\n<li>What, if anything, seems to either improve or worsen your symptoms?</li>\n</ul>", 
    "Symptoms": "The signs and symptoms of Cushing syndrome can vary depending on the levels of excess cortisol.\n\nCommon signs and symptoms involve progressive obesity and skin changes, such as:\n\n<ul>\n<li>Weight gain and fatty tissue deposits, particularly around the midsection and upper back, in the face (moon face), and between the shoulders (buffalo hump)</li>\n<li>Pink or purple stretch marks (striae) on the skin of the abdomen, thighs, breasts and arms</li>\n<li>Thinning, fragile skin that bruises easily</li>\n<li>Slow healing of cuts, insect bites and infections</li>\n<li>Acne</li>\n</ul>\n\n\nWomen with Cushing syndrome may experience:\n\n<ul>\n<li>Thicker or more visible body and facial hair (hirsutism)</li>\n<li>Irregular or absent menstrual periods</li>\n</ul>\n\n\nMen with Cushing syndrome may experience:\n\n<ul>\n<li>Decreased libido</li>\n<li>Decreased fertility</li>\n<li>Erectile dysfunction</li>\n</ul>\n\n\nOther signs and symptoms include:\n\n<ul>\n<li>Severe fatigue</li>\n<li>Muscle weakness</li>\n<li>Depression, anxiety and irritability</li>\n<li>Loss of emotional control</li>\n<li>Cognitive difficulties</li>\n<li>New or worsened high blood pressure</li>\n<li>Headache</li>\n<li>Bone loss, leading to fractures over time</li>\n<li>In children, impaired growth</li>\n</ul>\n\n\n<b>When to see a doctor</b>\nContact your doctor if you have symptoms that suggest Cushing syndrome, especially if you're taking corticosteroid medication to treat a condition, such as asthma, arthritis or inflammatory bowel disease.", 
    "Title": "Cushing syndrome", 
    "Treatment": "Treatments for Cushing syndrome are designed to lower the high level of cortisol in your body. The best treatment for you depends on the cause of the syndrome. Treatment options include:\n\n<ul>\n<li>\n    Reducing corticosteroid use. If the cause of Cushing syndrome is long-term use of corticosteroid medications, your doctor may be able to keep your Cushing signs and symptoms under control by reducing the dosage of the drug over a period of time, while still adequately managing your asthma, arthritis or other condition. For many of these medical problems, your doctor can prescribe noncorticosteroid drugs, which will allow him or her to reduce the dosage or eliminate the use of corticosteroids altogether.\n    Don't reduce the dose of corticosteroid drugs or stop taking them on your own. Do so only under your doctor's supervision.\n    Abruptly discontinuing these medications could lead to deficient cortisol levels. Slowly tapering off corticosteroid drugs allows your body to resume normal cortisol production.\n    </li>\n<li>\n    Surgery. If the cause of Cushing syndrome is a tumor, your doctor may recommend complete surgical removal. Pituitary tumors are typically removed by a neurosurgeon, who may perform the procedure through your nose. If a tumor is present in the adrenal glands, lungs or pancreas, the surgeon can remove it through a standard operation or in some cases by using minimally invasive surgical techniques, with smaller incisions.\n    After the operation, you'll need to take cortisol replacement medications to provide your body with the correct amount of cortisol. In most cases, you'll eventually experience a return of normal adrenal hormone production, and your doctor can taper off the replacement drugs.\n    However, this process can take up to a year or longer. In some instances, people with Cushing syndrome never experience a resumption of normal adrenal function; they then need lifelong replacement therapy.\n    </li>\n<li>\n    Radiation therapy. If the surgeon can't totally remove a pituitary tumor, he or she will usually prescribe radiation therapy to be used in conjunction with the operation. Additionally, radiation may be used for people who aren't suitable candidates for surgery.\n    Radiation can be given in small doses over a six-week period, or with a technique called stereotactic radiosurgery (Gamma Knife surgery). In the latter procedure, administered as a single treatment, a large dose of radiation is delivered to the tumor, and the radiation exposure to surrounding tissues is minimized.\n    </li>\n<li>\n    Medications. Medications can be used to control cortisol production when surgery and radiation don't work. Medications may also be used before surgery in people who have become very sick with Cushing syndrome. Doctors may recommend drug therapy before surgery to improve signs and symptoms and minimize surgical risk.\n    Medications to control excessive production of cortisol at the adrenal gland include ketoconazole (Nizoral), mitotane (Lysodren) and metyrapone (Metopirone).\n    Mifepristone (Korlym) is approved for people with Cushing syndrome who have type 2 diabetes or glucose intolerance. Mifepristone does not decrease cortisol production, but it blocks the effect of cortisol on your tissues.\n    Side effects from these medications may include fatigue, nausea, vomiting, headaches, muscle aches, high blood pressure, low potassium and swelling. Some have more serious side effects, such as neurological side effects and liver toxicity.\n    The newest medication for Cushing's is pasireotide (Signifor), and it works by decreasing ACTH production from a pituitary tumor. This medication is given as an injection twice daily. It's recommended if pituitary surgery is unsuccessful or cannot be done.\n    Side effects are fairly common, and may include diarrhea, nausea, high blood sugar, headache, abdominal pain and fatigue.\n    In some cases, the tumor or its treatment will cause other hormones produced by the pituitary or adrenal gland to become deficient and your doctor will recommend hormone replacement medications.\n    </li>\n</ul>\n\n\nIf none of these treatment options are appropriate or effective, your doctor may recommend surgical removal of your adrenal glands (bilateral adrenalectomy). This procedure will cure excess production of cortisol, but will require lifelong replacement medications."
}