{
    "Aliases": [], 
    "Alternative medicine": "Some eyestrain symptoms may be relieved by natural products, such as bilberry extract and omega-3 fatty acids in fish oil, but further study is needed. Talk with your doctor if you're considering supplements to help relieve your signs and symptoms.", 
    "Causes": "Common causes of eyestrain include:\n\n<ul>\n<li>Looking at digital device screens</li>\n<li>Reading without pausing to rest your eyes</li>\n<li>Driving long distances and doing other activities involving extended focus</li>\n<li>Being exposed to bright light or glare</li>\n<li>Straining to see in very dim light</li>\n<li>Having an underlying eye problem, such as dry eyes or uncorrected vision (refractive error)</li>\n<li>Being stressed or fatigued</li>\n<li>Being exposed to dry moving air from a fan, heating or air-conditioning system</li>\n</ul>\n\n\n<b>Computer and digital device use</b>\nExtended use of computers and other digital devices is one of the most common causes of eyestrain. The American Optometric Association calls this computer vision syndrome, or digital eyestrain. People who look at screens two or more hours in a row every day have the greatest risk of this condition.\n\nComputer use strains eyes more than reading print material because people tend to:\n\n<ul>\n<li>Blink less while using computers (blinking is key to moistening the eyes)</li>\n<li>View digital screens at less than ideal distances or angles</li>\n<li>Use devices that have glare or reflection</li>\n<li>Use devices with poor contrast between the text and the background</li>\n</ul>\n\n\nIn some cases, an underlying eye problem, such as eye muscle imbalance or uncorrected vision, can cause or worsen computer eyestrain.\n\nSome other factors that can make the condition worse include:\n\n<ul>\n<li>Glare on your screen</li>\n<li>Poor posture</li>\n<li>Setup of your computer workstation</li>\n<li>Circulating air, such as from air conditioning or a nearby fan</li>\n</ul>", 
    "Complications": "Eyestrain doesn't have serious or long-term consequences, but it can be aggravating and unpleasant. It can make you tired and reduce your ability to concentrate.", 
    "Diagnosis": "Your eye doctor will ask you questions about factors that might be causing your symptoms. He or she will perform an eye exam, including testing your vision.", 
    "Id": "syc-20372397", 
    "Lifestyle and home remedies": "Consider these tips to reduce or prevent eyestrain.\n\n<ul>\n<li>\n    Adjust the lighting. When watching television, it may be easier on your eyes if you keep the room softly lit.\n    When reading printed materials or doing close work, try to position the light source behind you and direct the light onto your page or task. If you're reading at a desk, use a shaded light positioned in front of you. The shade will keep light from shining directly into your eyes.\n    </li>\n<li>Take breaks. When doing close work, take occasional breaks and rest your eyes by looking away from the digital screen.</li>\n<li>Limit screen time. This is especially important for children, who may not make the connection between extended viewing, eyestrain and the need to rest their eyes regularly.</li>\n<li>\n    Use artificial tears. Over-the-counter artificial tears can help prevent and relieve dry eyes. Use them even when your eyes feel fine to keep them well-lubricated and prevent a recurrence of symptoms.\n    Your doctor can suggest which eyedrops might be best for you. Lubricating drops that don't contain preservatives can be used as often as you need. If the drops you're using contain preservatives, don't use them more than four times a day. Avoid eyedrops with a redness remover, as these may worsen dry eye symptoms.\n    </li>\n<li>Improve the air quality of your space. Some changes that may help prevent dry eyes include using a humidifier, adjusting the thermostat to reduce blowing air and avoiding smoke. If you smoke, consider quitting. Moving your chair to a different area may help reduce the amount of dry moving air on your eyes and face.</li>\n<li>Choose the right eyewear for you. If you need glasses or contacts and work at a computer, consider investing in glasses or contact lenses designed specifically for computer work. Ask your optometrist about lens coatings and tints that might help too.</li>\n</ul>\n\n\n<b>Tips for computer work</b>\nComputer use is a common cause of eyestrain. If you work at a desk and use a computer, these self-care steps can help take some of the strain off your eyes.\n\n<ul>\n<li>Blink often to refresh your eyes. Many people blink less than usual when working at a computer, which can contribute to dry eyes. Blinking produces tears that moisten and refresh your eyes. Try to make it a habit to blink more often when looking at a monitor.</li>\n<li>Take eye breaks. Throughout the day, give your eyes a break by looking away from your monitor. Try the 20-20-20 rule: Every 20 minutes, look at something 20 feet away for at least 20 seconds.</li>\n<li>\n    Check the lighting and reduce glare. Bright lighting and too much glare can strain your eyes and make it difficult to see objects on your monitor. The worst problems are generally from sources above or behind you, including fluorescent lighting and sunlight. Consider turning off some or all of the overhead lights.\n    If you need light for writing or reading, use an adjustable desk lamp. Close blinds or shades, and avoid placing your monitor directly in front of a window or white wall. Place an anti-glare cover over the screen.\n    </li>\n<li>Adjust your monitor. Position your monitor directly in front of you about an arm's length away so that the top of the screen is at or just below eye level. It helps to have a chair you can adjust too.</li>\n<li>Use a document holder. If you need to refer to print material while you work on your computer, place it on a document holder. Some holders are designed to be placed between the keyboard and monitor; others are placed to the side. Find one that works for you. The goal is to reduce how much your eyes need to readjust and how often you turn your neck and head.</li>\n<li>Adjust your screen settings. Enlarge the type for easier reading. And adjust the contrast and brightness to a level that's comfortable for you.</li>\n</ul>", 
    "Overview": "Eyestrain is a common condition that occurs when your eyes get tired from intense use, such as while driving long distances or staring at computer screens and other digital devices.\n\nEyestrain can be annoying. But it usually isn't serious and goes away once you rest your eyes or take other steps to reduce your eye discomfort. In some cases, signs and symptoms of eyestrain can indicate an underlying eye condition that needs treatment.", 
    "Preparing for your appointment": "If you have eye discomfort, headache or vision changes that don't improve with self-care, make an appointment with your doctor.\n\nHere's some information to help you get ready for your appointment.\n\n<b>What you can do</b>\n<ul>\n<li>List any symptoms you've been having and for how long.</li>\n<li>List your key medical information, including any other medical conditions and any medications, vitamins and supplements you're taking.</li>\n<li>Keep a daily log of the time you spend on activities that strain your eyes, such as looking at digital devices, reading and being exposed to glare.</li>\n<li>List questions to ask your doctor. Creating a list of questions can help you make the most of your time with your doctor.</li>\n</ul>\n\n\nFor eyestrain, some basic questions to ask your doctor include:\n\n<ul>\n<li>What is likely causing my signs and symptoms?</li>\n<li>What are other possible causes?</li>\n<li>Do I need any tests to confirm the diagnosis?</li>\n<li>What treatment approach do you recommend?</li>\n<li>What changes could I make to my work or home environment, including my computer desk, to help reduce symptoms?</li>\n<li>What other self-care measures might help me?</li>\n<li>Do I need to return for a follow-up appointment?</li>\n<li>Do you suggest that I see a specialist?</li>\n</ul>\n\n\n<b>What to expect from your doctor</b>\nYour doctor may ask a number of questions, such as:\n\n<ul>\n<li>What are your symptoms?</li>\n<li>When did you first notice these symptoms?</li>\n<li>Have your symptoms changed over time?</li>\n<li>How severe is your discomfort?</li>\n<li>Do you use a computer? If so, how is it set up?</li>\n<li>Do you work in an air-conditioned environment, or does a fan or vent blow air around your face?</li>\n<li>How much time do you spend on digital devices each day?</li>\n<li>Does anything in particular seem to trigger your symptoms?</li>\n<li>Does anything help relieve your symptoms?</li>\n<li>When was your last vision exam?</li>\n</ul>", 
    "Symptoms": "Eyestrain signs and symptoms include:\n\n<ul>\n<li>Sore, tired, burning or itching eyes</li>\n<li>Watery or dry eyes</li>\n<li>Blurred or double vision</li>\n<li>Headache</li>\n<li>Sore neck, shoulders or back</li>\n<li>Increased sensitivity to light</li>\n<li>Difficulty concentrating</li>\n<li>Feeling that you cannot keep your eyes open</li>\n</ul>\n\n\n<b>When to see a doctor</b>\nSee your doctor if self-care steps don't relieve your eyestrain.", 
    "Title": "Eyestrain", 
    "Treatment": "Generally, treatment for eyestrain consists of making changes in your daily habits or environment. Some people may need treatment for an underlying eye condition.\n\nFor some people, wearing glasses that are prescribed for specific activities, such as for computer use or for reading, helps reduce eyestrain. Your doctor may suggest that you take regular eye breaks to help your eyes focus at different distances."
}