{
    "Aliases": [], 
    "Causes": "Pulmonary embolism occurs when a clump of material, most often a blood clot, gets wedged into an artery in your lungs. These blood clots most commonly come from the deep veins of your legs. This condition is known as deep vein thrombosis (DVT).\n\nIn most cases, multiple clots are involved but not necessarily all at once. The portions of lung served by each blocked artery are robbed of blood and may die. This is known as pulmonary infarction. This makes it more difficult for your lungs to provide oxygen to the rest of your body.\n\nOccasionally, blockages in the blood vessels are caused by substances other than blood clots, such as:\n\n<ul>\n<li>Fat from the marrow of a broken long bone</li>\n<li>Collagen or other tissue</li>\n<li>Part of a tumor</li>\n<li>Air bubbles</li>\n</ul>", 
    "Clinical trials": "Explore Mayo Clinic studies testing new treatments, interventions and tests as a means to prevent, detect, treat or manage this disease.", 
    "Complications": "Pulmonary embolism can be life-threatening. About one-third of people with undiagnosed and untreated pulmonary embolism don't survive. When the condition is diagnosed and treated promptly, however, that number drops dramatically.\n\nPulmonary embolism can also lead to pulmonary hypertension, a condition in which the blood pressure in your lungs and in the right side of the heart is too high. When you have obstructions in the arteries inside your lungs, your heart must work harder to push blood through those vessels. This increases the blood pressure within these vessels and the right side of the heart, which can weaken your heart.\n\nIn rare cases, small emboli occur frequently and develop over time, resulting in chronic pulmonary hypertension, also known as chronic thromboembolic pulmonary hypertension.", 
    "Diagnosis": "Pulmonary embolism can be difficult to diagnose, especially in people who have underlying heart or lung disease. For that reason, your doctor will likely order one or more of the following tests.\n\n<b>Blood tests</b>\nYour doctor may order a blood test for the clot-dissolving substance D dimer. High levels may suggest an increased likelihood of blood clots, although other factors can also cause high D dimer levels.\n\nBlood tests also can measure the amount of oxygen and carbon dioxide in your blood. A clot in a blood vessel in your lungs may lower the level of oxygen in your blood. In addition, blood tests may be done to determine whether you have an inherited clotting disorder.\n\n<b>Chest X-ray</b>\nThis noninvasive test shows images of your heart and lungs on film. Although X-rays can't diagnose pulmonary embolism and may even appear normal when pulmonary embolism exists, they can rule out conditions that mimic the disease.\n\n<b>Ultrasound</b>\nA noninvasive test known as duplex ultrasonography (sometimes called duplex scan, or compression ultrasonography) uses sound waves to check for blood clots in your thigh veins.\n\nIn this test, your doctor uses a wand-shaped device called a transducer to direct the sound waves to the veins being tested. These waves are then reflected back to the transducer and translated into a moving image by a computer. The absence of clots reduces the likelihood of DVT. If the upper thigh vessels are clear, the ultrasonography will also scan the veins behind the knee looking for residual clots. If clots are present, treatment likely will be started immediately.\n\n<b>Spiral CT scan</b>\nIn a spiral (helical) CT scan, the scanner rotates around your body in a spiral \u2014 like the stripe on a candy cane \u2014 to create 3-D images. This type of CT can detect abnormalities within the arteries in your lungs with much greater precision than conventional CT scans. In some cases, contrast material is given intravenously during the CT scan to outline the pulmonary arteries.\n\n<b>Pulmonary angiogram</b>\nThis test provides a clear picture of the blood flow in the arteries of your lungs. It's the most accurate way to diagnose pulmonary embolism, but because it requires a high degree of skill to administer and has potentially serious risks, it's usually performed when other tests fail to provide a definitive diagnosis.\n\nIn a pulmonary angiogram, a flexible tube (catheter) is inserted into a large vein \u2014 usually in your groin \u2014 and threaded through into your heart and on into the pulmonary arteries. A special dye is then injected into the catheter, and X-rays are taken as the dye travels along the arteries in your lungs.\n\nOne risk of this procedure is a temporary change in your heart rhythm. In addition, the dye may cause kidney damage in people with decreased kidney function.\n\n<b>MRI</b>\nMRI scans use radio waves and a powerful magnetic field to produce detailed images of internal structures. Because MRI is expensive, it's usually reserved for pregnant women (to avoid radiation to the fetus) and people whose kidneys may be harmed by dyes used in other tests.", 
    "Id": "syc-20354647", 
    "Overview": "Pulmonary embolism is a blockage in one of the pulmonary arteries in your lungs. In most cases, pulmonary embolism is caused by blood clots that travel to the lungs from the legs or, rarely, other parts of the body (deep vein thrombosis). \n\nBecause the clots block blood flow to the lungs, pulmonary embolism can be life-threatening. However, prompt treatment greatly reduces the risk of death. Taking measures to prevent blood clots in your legs will help protect you against pulmonary embolism.", 
    "Preparing for your appointment": "Most cases of pulmonary embolism are initially evaluated in hospitals, emergency rooms or urgent care centers. If you think you might have a pulmonary embolism, seek immediate medical attention.\n\n<b>What you can do</b>\nYou may want to write a list that includes:\n\n<ul>\n<li>Detailed descriptions of your symptoms</li>\n<li>Information about your past medical problems, especially any recent surgeries or illnesses that kept you bedridden for several days</li>\n<li>Details on any recent journeys that involved long car or plane rides</li>\n<li>Information about the medical problems of parents or siblings</li>\n<li>Medications you're taking</li>\n<li>Questions you want to ask the doctor</li>\n</ul>\n\n\n<b>What to expect from your doctor</b>\nDuring the physical exam, your doctor might inspect your legs for evidence of a deep vein clot \u2014 an area that's swollen, tender, red and warm. He or she will also listen to your heart and lungs and check your blood pressure.", 
    "Prevention": "Preventing clots in the deep veins in your legs (deep vein thrombosis) will help prevent pulmonary embolism. For this reason, most hospitals are aggressive about taking measures to prevent blood clots, including:\n\n<ul>\n<li>Blood thinners (anticoagulants). These medications are often given to people at risk of clots before and after an operation \u2014 as well as to people admitted to the hospital with a heart attack, stroke or complications of cancer.</li>\n<li>Compression stockings. Compression stockings steadily squeeze your legs, helping your veins and leg muscles move blood more efficiently. They offer a safe, simple and inexpensive way to keep blood from stagnating during and after general surgery.</li>\n<li>Leg elevation. Elevating your legs when possible and during the night also can be very effective. Raise the bottom of your bed 4 to 6 inches with blocks or books.</li>\n<li>Physical activity. Moving as soon as possible after surgery can help prevent pulmonary embolism and hasten recovery overall. This is one of the main reasons your nurse may push you to get up, even on your day of surgery, and walk despite pain at the site of your surgical incision.</li>\n<li>Pneumatic compression. This treatment uses thigh-high or calf-high cuffs that automatically inflate with air and deflate every few minutes to massage and squeeze the veins in your legs and improve blood flow.</li>\n</ul>\n\n\nThe risk of blood clots developing while traveling is low, but increases as travel increases. If you have risk factors for blood clots and you're concerned about traveling, talk with your doctor.\n\nYour doctor might suggest the following to help prevent blood clots during travel:\n\n<ul>\n<li>Drink plenty of fluids. Water is the best liquid for preventing dehydration, which can contribute to the development of blood clots. Avoid alcohol, which contributes to fluid loss.</li>\n<li>Take a break from sitting. Move around the airplane cabin once an hour or so. If you're driving, stop every hour and walk around the car a couple of times. Do a few deep knee bends.</li>\n<li>Fidget in your seat. Flex your ankles every 15 to 30 minutes.</li>\n<li>Wear support stockings. Your doctor may recommend these to help promote circulation and fluid movement in your legs. Compression stockings are available in a range of stylish colors and textures. There are even devices, called stocking butlers, to help you put on the stockings.</li>\n</ul>", 
    "Risk factors": "Although anyone can develop blood clots and subsequent pulmonary embolism, certain factors can increase your risk.\n\nYou're at higher risk if you or any of your family members have had venous blood clots or pulmonary embolism in the past. This may be due to inherited disorders that affect blood, making it more prone to clot.\n\nIn addition, some medical conditions and treatments put you at risk, such as:\n\n<ul>\n<li>Heart disease. Cardiovascular disease, specifically heart failure, makes clot formation more likely.</li>\n<li>Cancer. Certain cancers \u2014 especially pancreatic, ovarian and lung cancers, and many cancers with metastasis \u2014 can increase levels of substances that help blood clot, and chemotherapy further increases the risk. Women with a personal or family history of breast cancer who are taking tamoxifen or raloxifene also are at higher risk of blood clots.</li>\n<li>Surgery. Surgery is one of the leading causes of problem blood clots. For this reason, medication to prevent clots may be given before and after major surgery such as joint replacement.</li>\n</ul>\n\n\nBlood clots are more likely to form during periods of inactivity, such as:\n\n<ul>\n<li>Bed rest. Being confined to bed for an extended period after surgery, a heart attack, leg fracture, trauma or any serious illness makes you more vulnerable to blood clots. When the lower extremities are horizontal for long periods, the flow of venous blood slows and blood can pool in the legs.</li>\n<li>Long trips. Sitting in a cramped position during lengthy plane or car trips slows blood flow in the legs, which contributes to the formation of clots.</li>\n</ul>\n\n\n<ul>\n<li>Smoking. For reasons that aren't well-understood, tobacco use predisposes some people to blood clot formation, especially when combined with other risk factors.</li>\n<li>Being overweight. Excess weight increases the risk of blood clots \u2014 particularly in women who smoke or have high blood pressure.</li>\n<li>Supplemental estrogen. The estrogen in birth control pills and in hormone replacement therapy can increase clotting factors in your blood, especially if you smoke or are overweight.</li>\n<li>Pregnancy. The weight of the baby pressing on veins in the pelvis can slow blood return from the legs. Clots are more likely to form when blood slows or pools.</li>\n</ul>", 
    "Symptoms": "Pulmonary embolism symptoms can vary greatly, depending on how much of your lung is involved, the size of the clots, and whether you have underlying lung or heart disease.\n\nCommon signs and symptoms include:\n\n<ul>\n<li>Shortness of breath. This symptom typically appears suddenly and always gets worse with exertion.</li>\n<li>Chest pain. You may feel like you're having a heart attack. The pain may become worse when you breathe deeply (pleurisy), cough, eat, bend or stoop. The pain will get worse with exertion but won't go away when you rest.</li>\n<li>Cough. The cough may produce bloody or blood-streaked sputum.</li>\n</ul>\n\n\nOther signs and symptoms that can occur with pulmonary embolism include:\n\n<ul>\n<li>Leg pain or swelling, or both, usually in the calf</li>\n<li>Clammy or discolored skin (cyanosis)</li>\n<li>Fever</li>\n<li>Excessive sweating</li>\n<li>Rapid or irregular heartbeat</li>\n<li>Lightheadedness or dizziness</li>\n</ul>\n\n\nPulmonary embolism can be life-threatening. Seek immediate medical attention if you experience unexplained shortness of breath, chest pain or a cough that produces bloody sputum.", 
    "Title": "Pulmonary embolism", 
    "Treatment": "Treatment is aimed at keeping the blood clot from getting bigger and preventing new clots from forming. Prompt treatment is essential to prevent serious complications or death.\n\n<b>Medications</b>\n<ul>\n<li>Blood thinners (anticoagulants). These drugs prevent new clots from forming while your body works to break up the clots. Heparin is a frequently used anticoagulant that can be given through the vein or injected under the skin. It acts quickly and is often overlapped for several days with an oral anticoagulant, such as warfarin, until it becomes effective, which can take days. A newer class of anticoagulants, referred to as novel oral anticoagulants (NOACs), has been tested and approved for treatment of venous thromboembolism, including pulmonary embolism. These medications work quickly and have fewer interactions with other medications. Some NOACs have the advantage of being given by mouth, without the need for overlap with heparin. However, all anticoagulants have side effects, with bleeding being the most common.</li>\n<li>Clot dissolvers (thrombolytics). While clots usually dissolve on their own, there are medications given through the vein that can dissolve clots quickly. Because these clot-busting drugs can cause sudden and severe bleeding, they usually are reserved for life-threatening situations.</li>\n</ul>\n\n\n<b>Surgical and other procedures</b>\n<ul>\n<li>Clot removal. If you have a very large, life-threatening clot in your lung, your doctor may suggest removing it via a thin, flexible tube (catheter) threaded through your blood vessels.</li>\n<li>Vein filter. A catheter can also be used to position a filter in the body's main vein \u2014 called the inferior vena cava \u2014 that leads from your legs to the right side of your heart. This filter can help keep clots from being carried into your lungs. This procedure is typically reserved for people who can't take anticoagulant drugs or when anticoagulant drugs don't work well enough or fast enough. Some filters can be removed when they are no longer needed.</li>\n</ul>"
}