{
    "Aliases": [], 
    "Causes": "The bacterium Corynebacterium diphtheriae causes diphtheria. Usually C. diphtheriae multiplies on or near the surface of the mucous membranes of the throat. C. diphtheriae spreads via three routes:\n\n<ul>\n<li>Airborne droplets. When an infected person's sneeze or cough releases a mist of contaminated droplets, people nearby may inhale C. diphtheriae. Diphtheria spreads efficiently this way, particularly in crowded conditions.</li>\n<li>Contaminated personal items. People occasionally catch diphtheria from handling an infected person's used tissues, drinking from the infected person's unwashed glass or coming into similarly close contact with other items on which bacteria-laden secretions may be deposited.</li>\n<li>Contaminated household items. In rare cases, diphtheria spreads on shared household items, such as towels or toys.</li>\n</ul>\n\n\nYou can also come in contact with diphtheria-causing bacteria by touching an infected wound.\n\nPeople who have been infected by the diphtheria bacteria and who haven't been treated can infect nonimmune people for up to six weeks \u2014 even if they don't show any symptoms.", 
    "Complications": "Left untreated, diphtheria can lead to:\n\n<ul>\n<li>Breathing problems. Diphtheria-causing bacteria may produce a toxin. This toxin damages tissue in the immediate area of infection \u2014 usually, the nose and throat. At that site, the infection produces a tough, gray-colored membrane composed of dead cells, bacteria and other substances. This membrane can obstruct breathing.</li>\n<li>Heart damage. The diphtheria toxin may spread through your bloodstream and damage other tissues in your body, such as your heart muscle, causing such complications as inflammation of the heart muscle (myocarditis). Heart damage from myocarditis may be slight, showing up as minor abnormalities on an electrocardiogram, or severe, leading to congestive heart failure and sudden death.</li>\n<li>Nerve damage. The toxin can also cause nerve damage. Typical targets are nerves to the throat, where poor nerve conduction may cause difficulty swallowing. Nerves to the arms and legs also may become inflamed, causing muscle weakness. If C. diphtheria toxin damages the nerves that help control muscles used in breathing, these muscles may become paralyzed. Respiration may then become impossible without a respirator or another device to assist with breathing.</li>\n</ul>\n\n\nWith treatment, most people with diphtheria survive these complications, but recovery is often slow. Diphtheria is fatal in as many as 3 percent of those who get the disease.", 
    "Diagnosis": "Doctors may suspect diphtheria in a sick child who has a sore throat with a gray membrane covering the tonsils and throat. Growth of C. diphtheriae in a laboratory culture of material from the throat membrane pins down the diagnosis. Your doctor should notify the laboratory that diphtheria is suspected, because special media are needed for the growth of C. diphtheriae cultures.\n\nDoctors can also take a sample of tissue from an infected wound and have it tested in a laboratory to check for the type of diphtheria that affects the skin (cutaneous diphtheria).\n\nIf a doctor suspects diphtheria, treatment begins immediately, even before the results of bacterial tests are available.", 
    "Id": "syc-20351897", 
    "Lifestyle and home remedies": "Recovering from diphtheria requires lots of bed rest. Avoiding any physical exertion is particularly important if your heart has been affected. You may need to stay in bed for a few weeks or until you make a full recovery.\n\nStrict isolation while you're contagious also is important to prevent spread of the infection. Careful hand-washing by everyone in your house helps prevent spread of the infection. Because of pain and difficulty swallowing, you may need to get your nutrition through liquids and soft foods for a while.\n\nOnce you recover from diphtheria, you'll need a full course of diphtheria vaccine to prevent a recurrence. Having diphtheria doesn't guarantee you lifetime immunity. You can get diphtheria more than once if you're not fully immunized against it.", 
    "Overview": "Diphtheria (dif-THEER-e-uh) is a serious bacterial infection usually affecting the mucous membranes of your nose and throat. Diphtheria typically causes a sore throat, fever, swollen glands and weakness. But the hallmark sign is a sheet of thick, gray material covering the back of your throat, which can block your airway, causing you to struggle for breath.\n\nDiphtheria is extremely rare in the United States and other developed countries, thanks to widespread vaccination against the disease.\n\nMedications are available to treat diphtheria. However, in advanced stages, diphtheria can damage your heart, kidneys and nervous system. Even with treatment, diphtheria can be deadly \u2014 up to 3 percent of people who get diphtheria die of it. The rate is higher for children under 15.", 
    "Preparing for your appointment": "If you have symptoms of diphtheria or have come into contact with someone who has diphtheria, call your doctor right away. Depending on the severity of your symptoms and on your vaccination history, you may be told to go to the emergency room or call 911 or your local emergency number for medical help.\n\nIf your doctor determines that he or she should see you first, it's critical to be well-prepared for your appointment. Here's some information to help you get ready and know what to expect from your doctor.\n\n<b>Information to gather in advance</b>\n<ul>\n<li>Pre-appointment restrictions. At the time you make your appointment, ask if there are any restrictions you need to follow in the time leading up to your visit, including whether you should be isolated to avoid spreading infection.</li>\n<li>Office visit instructions. Ask your doctor whether you should be isolated when you come to the office for your appointment.</li>\n<li>Symptom history. Write down any symptoms you've been experiencing, and for how long.</li>\n<li>Recent exposure to possible sources of infection. Your doctor will be especially interested to know if you have recently traveled abroad and where.</li>\n<li>Vaccination record. Find out before your appointment whether your vaccinations are up to date. Bring a copy of your immunization record, if possible.</li>\n<li>Medical history. Make a list of your key medical information, including other conditions for which you're being treated and any medications, vitamins or supplements you're currently taking.</li>\n<li>Questions to ask your doctor. Write down your questions in advance so that you can make the most of your time with your doctor.</li>\n</ul>\n\n\nThe list below suggests questions to raise with your doctor about diphtheria. Don't hesitate to ask more questions during your appointment.\n\n<ul>\n<li>Could I have diphtheria?</li>\n<li>Are there any other possible causes for my symptoms?</li>\n<li>What kinds of tests do I need?</li>\n<li>What treatment approach do you recommend?</li>\n<li>Are there any possible side effects from the medications I'll be taking?</li>\n<li>How long do you expect a full recovery to take?</li>\n<li>When do you expect I will be able to resume normal activities?</li>\n<li>Am I at risk of any long-term complications from diphtheria?</li>\n<li>Am I contagious? How can I reduce my risk of passing my illness to others?</li>\n</ul>\n\n\nIn addition to the questions that you've prepared to ask your doctor, don't hesitate to ask questions during your appointment.\n\n<b>What to expect from your doctor</b>\nYour doctor is likely to ask you a number of questions. Being ready to answer them may reserve time to go over any points you want to talk about in-depth. Your doctor may ask:\n\n<ul>\n<li>When did you first begin experiencing symptoms?</li>\n<li>Have you had any trouble breathing, a sore throat or difficulty swallowing?</li>\n<li>Have you had a fever? How high was the fever at its peak, and how long did it last?</li>\n<li>Have you recently been exposed to anyone with diphtheria?</li>\n<li>Is anyone close to you having similar symptoms?</li>\n<li>Have you recently traveled abroad? Where?</li>\n<li>Did you update your immunizations before traveling?</li>\n<li>Are all of your immunizations current?</li>\n<li>Are you being treated for any other medical conditions?</li>\n</ul>", 
    "Prevention": "Before antibiotics were available, diphtheria was a common illness in young children. Today, the disease is not only treatable but is also preventable with a vaccine.\n\nThe diphtheria vaccine is usually combined with vaccines for tetanus and whooping cough (pertussis). The three-in-one vaccine is known as the diphtheria, tetanus and pertussis vaccine. The latest version of this vaccine is known as the DTaP vaccine for children and the Tdap vaccine for adolescents and adults.\n\nThe diphtheria, tetanus and pertussis vaccine is one of the childhood immunizations that doctors in the United States recommend during infancy. Vaccination consists of a series of five shots, typically administered in the arm or thigh, given to children at these ages:\n\n<ul>\n<li>2 months</li>\n<li>4 months</li>\n<li>6 months</li>\n<li>15 to 18 months</li>\n<li>4 to 6 years</li>\n</ul>\n\n\nThe diphtheria vaccine is effective at preventing diphtheria. But there may be some side effects. Some children may experience a mild fever, fussiness, drowsiness or tenderness at the injection site after a DTaP shot. Ask your doctor what you can do for your child to minimize or relieve these effects.\n\nRarely, the DTaP vaccine causes serious complications in a child, such as an allergic reaction (hives or a rash develops within minutes of the injection), seizures or shock \u2014 complications that are treatable.\n\nSome children \u2014 such as those with epilepsy or another nervous system condition \u2014 may not be candidates for the DTaP vaccine.\n\nAfter the initial series of immunizations in childhood, you need booster shots of the diphtheria vaccine to help you maintain immunity. That's because immunity to diphtheria fades with time.\n\nChildren who received all of the recommended immunizations before age 7 should receive their first booster shot at around age 11 or 12. The next booster shot is recommended 10 years later, then repeated at 10-year intervals. Booster shots are particularly important if you travel to an area where diphtheria is common.\n\nThe diphtheria booster is combined with the tetanus booster \u2014 the tetanus-diphtheria (Td) vaccine. This combination vaccine is given by injection, usually into the arm or thigh.\n\nTdap is a combined tetanus, diphtheria and acellular pertussis (whooping cough) vaccine. It's a one-time alternative vaccine for adolescents age 11 through 18 and adults who haven't previously had a Tdap booster. It's also recommended for anyone who's pregnant, regardless of previous vaccination status.\n\nTalk to your doctor about vaccines and booster shots if you're unsure of your vaccination status. Tdap may also be recommended as part of the Td series for children ages 7 through 10 who aren't up to date with the vaccine schedule.", 
    "Risk factors": "People who are at increased risk of contracting diphtheria include:\n\n<ul>\n<li>Children and adults who don't have up-to-date immunizations</li>\n<li>People living in crowded or unsanitary conditions</li>\n<li>Anyone who travels to an area where diphtheria is endemic</li>\n</ul>\n\n\nDiphtheria rarely occurs in the United States and Western Europe, where health officials have been vaccinating children against the condition for decades. However, diphtheria is still common in developing countries where immunization rates are low.\n\nIn areas where diphtheria vaccination is standard, the disease is mainly a threat to unvaccinated or inadequately vaccinated people who travel internationally or have contact with people from less-developed countries.", 
    "Symptoms": "Diphtheria signs and symptoms usually begin two to five days after a person becomes infected and may include:\n\n<ul>\n<li>A thick, gray membrane covering your throat and tonsils</li>\n<li>A sore throat and hoarseness</li>\n<li>Swollen glands (enlarged lymph nodes) in your neck</li>\n<li>Difficulty breathing or rapid breathing</li>\n<li>Nasal discharge</li>\n<li>Fever and chills</li>\n<li>Malaise</li>\n</ul>\n\n\nIn some people, infection with diphtheria-causing bacteria causes only a mild illness \u2014 or no obvious signs and symptoms at all. Infected people who remain unaware of their illness are known as carriers of diphtheria, because they can spread the infection without being sick themselves.\n\nA second type of diphtheria can affect the skin, causing the typical pain, redness and swelling associated with other bacterial skin infections. Ulcers covered by a gray membrane also may develop in cutaneous diphtheria.\n\nAlthough it's more common in tropical climates, cutaneous diphtheria also occurs in the United States, particularly among people with poor hygiene who live in crowded conditions.\n\nCall your family doctor immediately if you or your child has been exposed to someone with diphtheria. If you're not sure whether your child has been vaccinated against diphtheria, schedule an appointment. Make sure your own immunizations are current.", 
    "Title": "Diphtheria", 
    "Treatment": "Diphtheria is a serious illness. Doctors treat it immediately and aggressively with these medications:\n\n<ul>\n<li>\n    An antitoxin. If doctors suspect diphtheria, the infected child or adult receives an antitoxin. The antitoxin, injected into a vein or muscle, neutralizes the diphtheria toxin already circulating in the body.\n    Before giving an antitoxin, doctors may perform skin allergy tests to make sure that the infected person doesn't have an allergy to the antitoxin. People who are allergic must first be desensitized to the antitoxin. Doctors accomplish this by initially giving small doses of the antitoxin and then gradually increasing the dosage.\n    </li>\n<li>Antibiotics. Diphtheria is also treated with antibiotics, such as penicillin or erythromycin. Antibiotics help kill bacteria in the body, clearing up infections. Antibiotics reduce to just a few days the length of time that a person with diphtheria is contagious.</li>\n</ul>\n\n\nChildren and adults who have diphtheria often need to be in the hospital for treatment. They may be isolated in an intensive care unit because diphtheria can spread easily to anyone not immunized against the disease.\n\nDoctors may remove some of the thick, gray covering in the throat if the covering is obstructing breathing.\n\n<b>Preventive treatments</b>\nIf you've been exposed to a person infected with diphtheria, see a doctor for testing and possible treatment. Your doctor may give you a prescription for antibiotics to help prevent you from developing the disease. You may also need a booster dose of the diphtheria vaccine.\n\nDoctors treat people who are found to be carriers of diphtheria with antibiotics to clear their systems of the bacteria, as well."
}