{
    "Aliases": [], 
    "Causes": "All true food allergies are caused by an immune system malfunction. If you have milk allergy, your immune system identifies certain milk proteins as harmful, triggering the production of immunoglobulin E (IgE) antibodies to neutralize the protein (allergen). The next time you come in contact with these proteins, IgE antibodies recognize them and signal your immune system to release histamine and other chemicals, causing a range of allergic signs and symptoms.\n\nThere are two main proteins in cow's milk that can cause an allergic reaction:\n\n<ul>\n<li>Casein, found in the solid part (curd) of milk that curdles</li>\n<li>Whey, found in the liquid part of milk that remains after milk curdles</li>\n</ul>\n\n\nYou or your child may be allergic to only one milk protein or to both. These proteins may be hard to avoid because they're also in some processed foods. And most people who react to cow's milk will react to sheep's, goat's and buffalo's milk. Less commonly, people allergic to cow's milk are also allergic to soy milk.\n\n<b>Food protein-induced enterocolitis syndrome (FPIES)</b>\nA food allergen can also cause what's sometimes called a delayed food allergy. Although any food can be a trigger, milk is one of the most common. The reaction, commonly vomiting and diarrhea, usually occurs within hours after eating the trigger rather than within minutes.\n\nUnlike some food allergies, FPIES usually resolves over time. As with milk allergy, preventing an FPIES reaction involves avoiding milk and milk products.", 
    "Complications": "Children who are allergic to milk are more likely to develop certain other health problems, including:\n\n<ul>\n<li>Allergies to other foods \u2014 such as eggs, soy, peanuts or even beef</li>\n<li>Hay fever \u2014 a common reaction to pet dander, dust mites, grass pollen and other substances</li>\n</ul>", 
    "Coping and support": "Having a serious allergy or being the parent of a child with a potentially life-threatening allergy can be stressful. Talking to others in similar situations can be helpful. Besides offering support and encouragement, they may also provide useful coping tips, such as how to deal effectively with school officials to ensure your child's medical needs are met. Ask your doctor if there are any support groups in your area, or contact the Asthma and Allergy Foundation of America.", 
    "Diagnosis": "When food causes an allergic reaction, it isn't always easy to pinpoint what food is to blame. To evaluate whether you or your child has milk allergy, your doctor may:\n\n<ul>\n<li>Ask detailed questions about signs and symptoms</li>\n<li>Perform a physical exam</li>\n<li>Have you keep a detailed diary of the foods you or your child eats</li>\n<li>Have you eliminate milk from your diet or your child's diet (elimination diet) \u2014 and then have you add back the food to see if it causes a reaction</li>\n</ul>\n\n\nHe or she may also recommend one or both of the following tests:\n\n<ul>\n<li>Skin test. In this test, your skin is pricked and exposed to small amounts of the proteins found in milk. If you're allergic, you'll likely develop a raised bump (hive) at the test location on your skin. Allergy specialists usually are best equipped to perform and interpret allergy skin tests. Keep in mind that this type of test isn't completely accurate for detecting milk allergy.</li>\n<li>Blood test. A blood test can measure your immune system's response to milk by measuring the amount of immunoglobulin E (IgE) antibodies in your blood. But this test isn't completely accurate in identifying a milk allergy.</li>\n</ul>\n\n\nIf your examination and test results can't confirm milk allergy, your doctor might administer an oral challenge, in which you are fed different foods that may or may not contain milk in increasing amounts to see if you react to the ones that contain milk. It's a good idea to have allergy tests administered by an allergist who's been trained to manage serious reactions.\n\nIf your doctor suspects that your symptoms are caused by something other than a food allergy, you may need other tests to identify \u2014 or rule out \u2014 other medical problems.", 
    "Id": "syc-20375101", 
    "Overview": "Milk allergy is an abnormal response by the body's immune system to milk and products containing milk. It's one of the most common food allergies in children. Cow's milk is the usual cause of milk allergy, but milk from sheep, goats, buffalo and other mammals also can cause a reaction.\n\nAn allergic reaction usually occurs soon after you or your child consumes milk. Signs and symptoms of milk allergy range from mild to severe and can include wheezing, vomiting, hives and digestive problems. Milk allergy can also cause anaphylaxis \u2014 a severe, life-threatening reaction.\n\nAvoiding milk and milk products is the primary treatment for milk allergy. Fortunately, most children outgrow milk allergy. Those who don't outgrow it may need to continue to avoid milk products.", 
    "Preparing for your appointment": "You're likely to start by seeing your family doctor or your child's pediatrician. However, you may then be referred to a doctor who specializes in allergic disorders (allergist-immunologist).\n\nHere's some information to help you get ready for your appointment and to know what to expect from your doctor.\n\n<b>What you can do</b>\n<ul>\n<li>Be aware of any pre-appointment restrictions. When you make the appointment, ask if there's anything you need to do in advance. For example, if you're going to have allergy testing done, your doctor will want you or your child to stop taking antihistamine medications for a certain time period before the test.</li>\n<li>Write down any symptoms you or your child has experienced, including any that may seem unrelated to milk allergy.</li>\n<li>Make a list of any medications, vitamins and supplements you or your child is taking.</li>\n<li>Write down questions to ask your doctor.</li>\n</ul>\n\n\nPreparing a list of questions can help you make the most of your time with your doctor. For milk allergy, some basic questions to ask your doctor include:\n\n<ul>\n<li>Do you think this is milk allergy or lactose intolerance?</li>\n<li>Are there tests to diagnose milk allergy? Do these tests require preparation?</li>\n<li>Is it possible to outgrow this allergy?</li>\n<li>Are there treatments?</li>\n<li>Is it necessary to avoid milk and milk products?</li>\n<li>What foods are likely to contain milk products?</li>\n<li>Is it necessary to stay away from others who are drinking milk?</li>\n<li>What do I need to tell people at my child's school about this allergy?</li>\n<li>How can milk allergy best be managed with other conditions?</li>\n<li>Are there brochures or other printed materials that I can take? What websites do you recommend?</li>\n<li>Do I need to carry injectable epinephrine at all times?</li>\n</ul>\n\n\nDon't hesitate to ask any other questions you may have.\n\n<b>What to expect from your doctor</b>\nYour doctor is likely to ask you a number of questions, including:\n\n<ul>\n<li>When did you or your child first react to milk?</li>\n<li>Can you describe the reaction?</li>\n<li>Does this happen every time you or your child drinks milk or eats something made with milk?</li>\n<li>How soon after consuming milk or milk products do symptoms begin?</li>\n<li>How severe are the symptoms?</li>\n<li>Does anything seem to improve the symptoms, such as allergy medication or milk avoidance?</li>\n<li>What, if anything, appears to worsen the symptoms?</li>\n<li>Have you or your child tried any of the products made for people with lactose intolerance? If yes, did those help?</li>\n<li>Is anyone else in your family allergic to milk?</li>\n</ul>\n\n\n<b>What you can do in the meantime</b>\nIf you're having mild allergy symptoms from eating something that contained milk, taking an antihistamine medication may lessen your discomfort. Watch for more-severe symptoms that might require medical attention. If you or your child has symptoms of anaphylaxis, seek emergency medical care.", 
    "Prevention": "There's no sure way to prevent a food allergy, but you can prevent reactions by avoiding the food that causes them. If you know you or your child is allergic to milk, avoid milk and milk products.\n\nRead food labels carefully. Look for casein, a milk derivative, which can be found in some unexpected places, such as in some canned tuna, sausage or nondairy products. Question ingredients when ordering in restaurants.\n\n<b>Sources of milk</b>\nObvious sources of allergy-causing milk proteins are found in dairy products, including:\n\n<ul>\n<li>Whole milk, low-fat milk, skim milk, buttermilk</li>\n<li>Butter</li>\n<li>Yogurt</li>\n<li>Ice cream, gelato</li>\n<li>Cheese and anything that contains cheese</li>\n<li>Half-and-half</li>\n</ul>\n\n\nMilk can be harder to identify when it's used as an ingredient in processed foods, including baked goods and processed meats. Hidden sources of milk include:\n\n<ul>\n<li>Whey</li>\n<li>Casein</li>\n<li>Ingredients spelled with the prefix \"lact\" \u2014 such as lactose and lactate</li>\n<li>Candies, such as chocolate, nougat and caramel</li>\n<li>Protein powders</li>\n<li>Artificial butter flavor</li>\n<li>Artificial cheese flavor</li>\n<li>Hydrolysates</li>\n</ul>\n\n\nEven if a food is labeled \"milk-free\" or \"nondairy,\" it may contain allergy-causing milk proteins \u2014 so you have to read the label carefully. When in doubt, contact the manufacturer to be sure a product doesn't contain milk ingredients.\n\nWhen eating out, ask how foods have been prepared. Does your steak have melted butter on it? Was your seafood dipped in milk before cooking?\n\nIf you're at risk of a serious allergic reaction, talk with your doctor about carrying and using emergency epinephrine (adrenaline). If you have already had a severe reaction, wear a medical alert bracelet or necklace that lets others know you have a food allergy.\n\n<b>Milk alternatives for infants</b>\nIn children who are allergic to milk, breast-feeding and the use of hypoallergenic formula can prevent allergic reactions.\n\n<ul>\n<li>Breast-feeding is the best source of nutrition for your infant. Breast-feeding for as long as possible is recommended, especially if your infant is at high risk of developing milk allergy.</li>\n<li>\n    Hypoallergenic formulas are produced by using enzymes to break down (hydrolyze) milk proteins, such as casein or whey. Further processing can include heat and filtering. Depending on their level of processing, products are classified as either partially or extensively hydrolyzed. Or they may also be called elemental formulas.\n    Some hypoallergenic formulas aren't milk based, but instead contain amino acids. Besides extensively hydrolyzed products, amino-acid-based formulas are the least likely to cause an allergic reaction.\n    </li>\n<li>Soy-based formulas are based on soy protein instead of milk. Soy formulas are fortified to be nutritionally complete \u2014 but, unfortunately, some children with a milk allergy also develop an allergy to soy.</li>\n</ul>\n\n\nIf you're breast-feeding and your child is allergic to milk, cow's milk proteins passed through your breast milk may cause an allergic reaction. You may need to exclude from your diet all products that contain milk. Talk to your doctor if you know \u2014 or suspect \u2014 that your child has milk allergy and develops allergy signs and symptoms after breast-feeding.\n\nIf you or your child is on a milk-free diet, your doctor or dietitian can help you plan nutritionally balanced meals. You or your child may need to take supplements to replace calcium and nutrients found in milk, such as vitamin D and riboflavin.", 
    "Risk factors": "Certain factors may increase the risk of developing milk allergy:\n\n<ul>\n<li>Other allergies. Many children allergic to milk also have other allergies. Milk allergy may develop before other allergies.</li>\n<li>Atopic dermatitis. Children who have atopic dermatitis \u2014 a common, chronic inflammation of the skin \u2014 are much more likely to develop a food allergy.</li>\n<li>Family history. A person's risk of a food allergy increases if one or both parents have a food allergy or another type of allergy or allergic disease \u2014 such as hay fever, asthma, hives or eczema.</li>\n<li>Age. Milk allergy is more common in children. As they age, their digestive systems mature, and their bodies are less likely to react to milk.</li>\n</ul>", 
    "Symptoms": "Milk allergy symptoms, which differ from person to person, occur a few minutes to a few hours after you or your child drinks milk or eats milk products.\n\nImmediate signs and symptoms of milk allergy might include:\n\n<ul>\n<li>Hives</li>\n<li>Wheezing</li>\n<li>Itching or tingling feeling around the lips or mouth</li>\n<li>Swelling of the lips, tongue or throat</li>\n<li>Coughing or shortness of breath</li>\n<li>Vomiting</li>\n</ul>\n\n\nSigns and symptoms that may take more time to develop include:\n\n<ul>\n<li>Loose stools or diarrhea, which may contain blood</li>\n<li>Abdominal cramps</li>\n<li>Runny nose</li>\n<li>Watery eyes</li>\n<li>Colic, in babies</li>\n</ul>\n\n\n<b>Milk allergy or milk intolerance?</b>\nA true milk allergy differs from milk protein intolerance and lactose intolerance. Unlike milk allergy, intolerance doesn't involve the immune system. Milk intolerance requires different treatment from true milk allergy.\n\nCommon signs and symptoms of milk protein intolerance or lactose intolerance include digestive problems, such as bloating, gas or diarrhea, after consuming milk or products containing milk.\n\n<b>Anaphylaxis</b>\nMilk allergy can cause anaphylaxis, a life-threatening reaction that narrows the airways and can block breathing. Milk is the third most common food \u2014 after peanuts and tree nuts \u2014 to cause anaphylaxis.\n\nIf you or your child has a reaction to milk, tell your doctor, no matter how mild the reaction. Tests can help confirm milk allergy, so you can avoid future and potentially worse reactions.\n\nAnaphylaxis is a medical emergency and requires treatment with an epinephrine (adrenaline) shot (EpiPen, Adrenaclick, others) and a trip to the emergency room. Signs and symptoms start soon after milk consumption and can include:\n\n<ul>\n<li>Constriction of airways, including a swollen throat that makes it difficult to breathe</li>\n<li>Facial flushing</li>\n<li>Itching</li>\n<li>Shock, with a marked drop in blood pressure</li>\n</ul>\n\n\n<b>When to see doctor</b>\nSee your doctor or an allergist if you or your child experiences milk allergy symptoms shortly after consuming milk. If possible, see your doctor during the allergic reaction to help the doctor make a diagnosis. Seek emergency treatment if you or your child develops signs or symptoms of anaphylaxis.", 
    "Title": "Milk allergy", 
    "Treatment": "The only way to prevent an allergic reaction is to avoid milk and milk proteins. This can be difficult because milk is a common ingredient in many foods. Also, some people with milk allergy can tolerate milk in some forms, such as milk that's heated in baked goods, or in some processed foods, such as yogurt. Talk to your doctor about what to avoid.\n\nDespite your best efforts, if you or your child accidentally consumes milk, medications such as antihistamines may reduce a mild allergic reaction.\n\nIf you or your child has a serious allergic reaction (anaphylaxis), you may need an emergency injection of epinephrine (adrenaline) and a trip to the emergency room. If you're at risk of having a severe reaction, you or your child may need to carry injectable epinephrine (EpiPen, Adrenaclick, others) at all times. Have your doctor or pharmacist demonstrate how to use this device so that you're prepared for an emergency."
}