{
    "Aliases": [], 
    "Causes": "Different varieties of Staphylococcus aureus bacteria, commonly called \"staph,\" exist. Staph bacteria are normally found on the skin or in the nose of about one-third of the population. The bacteria are generally harmless unless they enter the body through a cut or other wound, and even then they usually cause only minor skin problems in healthy people.\n\nAccording to the Centers for Disease Control and Prevention, around 2 percent of the population chronically carries the type of staph bacteria known as MRSA.\n\n<b>Antibiotic resistance</b>\nMRSA is the result of decades of often unnecessary antibiotic use. For years, antibiotics have been prescribed for colds, flu and other viral infections that don't respond to these drugs. Even when antibiotics are used appropriately, they contribute to the rise of drug-resistant bacteria because they don't destroy every germ they target. Bacteria live on an evolutionary fast track, so germs that survive treatment with one antibiotic soon learn to resist others.", 
    "Complications": "MRSA infections can resist the effects of many common antibiotics, so they are more difficult to treat. This can allow the infections to spread and sometimes become life-threatening.\n\nMRSA infections may affect your:\n\n<ul>\n<li>Bloodstream</li>\n<li>Lungs</li>\n<li>Heart</li>\n<li>Bones</li>\n<li>Joints</li>\n</ul>", 
    "Diagnosis": "Doctors diagnose MRSA by checking a tissue sample or nasal secretions for signs of drug-resistant bacteria. The sample is sent to a lab where it's placed in a dish of nutrients that encourage bacterial growth. But because it takes about 48 hours for the bacteria to grow, newer tests that can detect staph DNA in a matter of hours are now becoming more widely available.", 
    "Id": "syc-20375336", 
    "Overview": "Methicillin-resistant Staphylococcus aureus (MRSA) infection is caused by a type of staph bacteria that's become resistant to many of the antibiotics used to treat ordinary staph infections.\n\nMost MRSA infections occur in people who've been in hospitals or other health care settings, such as nursing homes and dialysis centers. When it occurs in these settings, it's known as health care-associated MRSA (HA-MRSA). HA-MRSA infections typically are associated with invasive procedures or devices, such as surgeries, intravenous tubing or artificial joints.\n\nAnother type of MRSA infection has occurred in the wider community \u2014 among healthy people. This form, community-associated MRSA (CA-MRSA), often begins as a painful skin boil. It's spread by skin-to-skin contact. At-risk populations include groups such as high school wrestlers, child care workers and people who live in crowded conditions.", 
    "Preparing for your appointment": "While you may initially consult your family physician, he or she may refer you to a specialist, depending on which of your organ systems is affected by the infection. For example, a dermatologist specializes in skin conditions, while a cardiologist treats heart disorders.\n\n<b>What you can do</b>\nBefore your appointment, you might want to write a list that includes:\n\n<ul>\n<li>Detailed descriptions of your symptoms</li>\n<li>Information about medical problems you've had</li>\n<li>Information about the medical problems of your parents or siblings</li>\n<li>All the medications and dietary supplements you take</li>\n<li>Questions you want to ask the doctor</li>\n</ul>\n\n\n<b>What to expect from your doctor</b>\nDuring your physical exam, your doctor will closely examine any skin lesions you may have. He or she might take a sample of tissue or liquid from the lesions for testing.", 
    "Prevention": "<b>Preventing HA-MRSA</b>\nIn the hospital, people who are infected or colonized with MRSA often are placed in contact precautions as a measure to prevent the spread of MRSA. Visitors and health care workers caring for people in isolation may be required to wear protective garments and must follow strict hand hygiene procedures. Contaminated surfaces and laundry items should be properly disinfected.\n\n<b>Preventing CA-MRSA</b>\n<ul>\n<li>Wash your hands. Careful hand washing remains your best defense against germs. Scrub hands briskly for at least 15 seconds, then dry them with a disposable towel and use another towel to turn off the faucet. Carry a small bottle of hand sanitizer containing at least 62 percent alcohol for times when you don't have access to soap and water.</li>\n<li>Keep wounds covered. Keep cuts and abrasions clean and covered with sterile, dry bandages until they heal. The pus from infected sores may contain MRSA, and keeping wounds covered will help prevent the bacteria from spreading.</li>\n<li>Keep personal items personal. Avoid sharing personal items such as towels, sheets, razors, clothing and athletic equipment. MRSA spreads on contaminated objects as well as through direct contact.</li>\n<li>Shower after athletic games or practices. Shower immediately after each game or practice. Use soap and water. Don't share towels.</li>\n<li>Sanitize linens. If you have a cut or sore, wash towels and bed linens in a washing machine set to the hottest water setting (with added bleach, if possible) and dry them in a hot dryer. Wash gym and athletic clothes after each wearing.</li>\n<li>Don't inject illicit drugs. Intravenous drug users are at risk of many types of dangerous infections, including MRSA, human immunodeficiency virus (HIV) and hepatitis C.</li>\n</ul>", 
    "Risk factors": "Because hospital and community strains of MRSA generally occur in different settings, the risk factors for the two strains differ.\n\n<b>Risk factors for HA-MRSA</b>\n<ul>\n<li>Being hospitalized. MRSA remains a concern in hospitals, where it can attack those most vulnerable \u2014 older adults and people with weakened immune systems.</li>\n<li>Having an invasive medical device. Medical tubing \u2014 such as intravenous lines or urinary catheters \u2014 can provide a pathway for MRSA to travel into your body.</li>\n<li>Residing in a long-term care facility. MRSA is prevalent in nursing homes. Carriers of MRSA have the ability to spread it, even if they're not sick themselves.</li>\n</ul>\n\n\n<b>Risk factors for CA-MRSA</b>\n<ul>\n<li>Participating in contact sports. MRSA can spread easily through cuts and abrasions and skin-to-skin contact.</li>\n<li>Living in crowded or unsanitary conditions. Outbreaks of MRSA have occurred in military training camps, child care centers and jails.</li>\n<li>Men having sex with men. Homosexual men have a higher risk of developing MRSA infections.</li>\n<li>Using intravenous drugs. People who inject drugs are an estimated 16.3 times more likely to develop invasive MRSA infections than others.</li>\n</ul>", 
    "Symptoms": "Staph skin infections, including MRSA, generally start as swollen, painful red bumps that might resemble pimples or spider bites. The affected area might be:\n\n<ul>\n<li>Warm to the touch</li>\n<li>Full of pus or other drainage</li>\n<li>Accompanied by a fever</li>\n</ul>\n\n\nThese can quickly turn into deep, painful abscesses that require surgical draining. Sometimes the bacteria remain confined to the skin. But they can also burrow deep into the body, causing potentially life-threatening infections in bones, joints, surgical wounds, the bloodstream, heart valves and lungs.\n\n<b>When to see a doctor</b>\nKeep an eye on minor skin problems \u2014 pimples, insect bites, cuts and scrapes \u2014 especially in children. If wounds appear infected or are accompanied by a fever, see your doctor.", 
    "Title": "MRSA infection", 
    "Treatment": "Both health care-associated and community-associated strains of MRSA still respond to certain antibiotics. In some cases, antibiotics may not be necessary. For example, doctors may drain a superficial abscess caused by MRSA rather than treat the infection with drugs."
}