{
    "Aliases": [], 
    "Causes": "Thumb arthritis commonly occurs with aging. Previous trauma or injury to the thumb joint also can cause thumb arthritis.\n\nIn a normal thumb joint, cartilage covers the ends of the bones \u2014 acting as a cushion and allowing the bones to glide smoothly against each other. With thumb arthritis, the cartilage that covers the ends of the bones deteriorates, and its smooth surface roughens. The bones then rub against each other, resulting in friction and joint damage.\n\nThe damage to the joint might result in growth of new bone along the sides of the existing bone (bone spurs), which can produce noticeable lumps on your thumb joint.", 
    "Diagnosis": "During a physical exam, your doctor will ask about your symptoms and look for noticeable swelling or lumps on your joints.\n\nYour doctor might hold your joint while moving your thumb, with pressure, against your wrist bone. If this movement produces a grinding sound, or causes pain or a gritty feeling, the cartilage has likely worn down, and the bones are rubbing against each other.\n\nImaging techniques, usually X-rays, can reveal signs of thumb arthritis, including:\n\n<ul>\n<li>Bone spurs</li>\n<li>Worn-down cartilage</li>\n<li>Loss of joint space</li>\n</ul>", 
    "Id": "syc-20378339", 
    "Lifestyle and home remedies": "To ease pain and improve joint mobility, try to:\n\n<ul>\n<li>Modify hand tools. Consider purchasing adaptive equipment \u2014 such as jar openers, key turners and large zipper pulls \u2014 designed for people with limited hand strength. Replace traditional door handles, which you must grasp with your thumb, with levers.</li>\n<li>Apply cold. Icing the joint for five to 15 minutes several times a day can help relieve swelling and pain.</li>\n<li>Apply heat. For some, heat may be more effective than cold in relieving pain.</li>\n</ul>", 
    "Overview": "Thumb arthritis is common with aging and occurs when cartilage wears away from the ends of the bones that form the joint at the base of your thumb \u2014 also known as the carpometacarpal (CMC) joint.\n\nThumb arthritis can cause severe pain, swelling, and decreased strength and range of motion, making it difficult to do simple tasks, such as turning doorknobs and opening jars. Treatment generally involves a combination of medication and splints. Severe thumb arthritis might require surgery.", 
    "Preparing for your appointment": "You might be referred to a doctor who specializes in disorders of the joints (rheumatologist).\n\n<b>What you can do</b>\n<ul>\n<li>Write down your symptoms, including any that may seem unrelated to the reason why you scheduled the appointment.</li>\n<li>Write down your key medical information, including other conditions and any history of injury to the painful joint.</li>\n<li>Write down key personal information, including any major changes or stressors in your life.</li>\n<li>Make a list of all your medications, vitamins or supplements.</li>\n<li>Ask a relative or friend to accompany you, to help you remember what the doctor says.</li>\n<li>Write down questions to ask your doctor.</li>\n</ul>\n\n\n<b>Questions to ask your doctor</b>\n<ul>\n<li>What's the most likely cause of my symptoms?</li>\n<li>What kinds of tests do I need?</li>\n<li>Is my condition likely temporary or chronic?</li>\n<li>What treatments are available?</li>\n<li>Are there any restrictions I should follow?</li>\n<li>I have other health conditions. How can I best manage them together?</li>\n</ul>\n\n\nIn addition to the questions that you've prepared to ask your doctor, don't hesitate to ask other questions.\n\n<b>What to expect from your doctor</b>\nYour doctor is likely to ask you a number of questions. Being ready to answer them may leave time to go over points you want to discuss in depth. You might be asked:\n\n<ul>\n<li>When did your pain begin?</li>\n<li>How severe are your symptoms? Are they continuous or occasional?</li>\n<li>What, if anything, seems to improve or worsen your symptoms?</li>\n<li>Have you ever injured that hand?</li>\n</ul>", 
    "Risk factors": "Factors that can increase your risk of thumb arthritis include:\n\n<ul>\n<li>Female sex.</li>\n<li>Age above 40 years.</li>\n<li>Obesity.</li>\n<li>Certain hereditary conditions, such as joint ligament laxity and malformed joints.</li>\n<li>Injuries to your thumb joint, such as fractures and sprains.</li>\n<li>Diseases that change the normal structure and function of cartilage, such as rheumatoid arthritis. Although osteoarthritis is the most common cause of thumb arthritis, rheumatoid arthritis can also affect the CMC joint, usually to a lesser extent than other joints of the hand.</li>\n<li>Activities and jobs that put high stress on the thumb joint.</li>\n</ul>", 
    "Symptoms": "Pain is the first and most common symptom of thumb arthritis. Pain can occur at the base of your thumb when you grip, grasp or pinch an object, or use your thumb to apply force.\n\nOther signs and symptoms might include:\n\n<ul>\n<li>Swelling, stiffness and tenderness at the base of your thumb</li>\n<li>Decreased strength when pinching or grasping objects</li>\n<li>Decreased range of motion</li>\n<li>Enlarged or bony appearance of the joint at the base of your thumb</li>\n</ul>\n\n\n<b>When to see a doctor</b>\nSee your doctor if you have persistent swelling, stiffness or pain at the base of your thumb.", 
    "Title": "Thumb arthritis", 
    "Treatment": "In the early stages of thumb arthritis, treatment usually involves a combination of non-surgical therapies. If your thumb arthritis is severe, surgery might be necessary.\n\n<b>Medication</b>\nTo relieve pain, your doctor might recommend:\n\n<ul>\n<li>Topical medications, such as capsaicin or diclofenac, which are applied to the skin over the joint</li>\n<li>Over-the-counter pain relievers, such as acetaminophen (Tylenol, others), ibuprofen (Advil, Motrin IB, others) or naproxen sodium (Aleve)</li>\n<li>Prescription pain relievers, such as celecoxib (Celebrex) or tramadol (Conzip, Ultram)</li>\n</ul>\n\n\n<b>Splint</b>\nA splint can support your joint and limit the movement of your thumb and wrist. You might wear a splint just at night or throughout the day and night.\n\nSplints can help:\n\n<ul>\n<li>Decrease pain</li>\n<li>Encourage proper positioning of your joint while you complete tasks</li>\n<li>Rest your joint</li>\n</ul>\n\n\n<b>Injections</b>\nIf pain relievers and a splint aren't effective, your doctor might recommend injecting a long-acting corticosteroid into your thumb joint. Corticosteroid injections can offer temporary pain relief and reduce inflammation.\n\n<b>Surgery</b>\nIf you don't respond to other treatments or if you're barely able to bend and twist your thumb, your doctor might recommend surgery. Options include:\n\n<ul>\n<li>Joint fusion (arthrodesis). The bones in the affected joint are permanently fused. The fused joint can bear weight without pain, but has no flexibility.</li>\n<li>Osteotomy. The bones in the affected joint are repositioned to help correct deformities.</li>\n<li>Trapeziectomy. One of the bones in your thumb joint (trapezium) is removed.</li>\n<li>Joint replacement (arthroplasty). All or part of the affected joint is removed and replaced with a graft from one of your tendons.</li>\n</ul>\n\n\nThese surgeries can all be done on an outpatient basis. After surgery, you can expect to wear a cast or splint over your thumb and wrist for up to six weeks. Once the cast is removed, you might have physical therapy to help you regain hand strength and movement."
}