{
    "Aliases": [], 
    "Causes": "The usual cause of von Willebrand disease is an inherited abnormal gene that controls von Willebrand factor, a protein that plays a key role in blood-clotting. When you have low levels of this protein or it doesn't work as it should, small blood cells called platelets cannot stick together properly, nor can they attach themselves normally to the blood vessel walls when an injury has occurred. The result is interference with the clotting process, and, sometimes, uncontrolled bleeding.\n\nVon Willebrand factor carries an additional substance, called factor VIII, that helps stimulate clotting. Many people with von Willebrand disease also have low levels of factor VIII. This is also one of the substances involved in another inherited clotting disorder called hemophilia. But unlike hemophilia, which mainly affects males, von Willebrand disease affects males and females and is usually milder.\n\nRarely, von Willebrand disease can develop later in life in people who didn't inherit an abnormal gene from a parent. This is known as acquired von Willebrand disease, and it's likely caused by another medical condition.\n\nVon Willebrand disease has several types:\n\n<ul>\n<li>Type 1. In this most common form of von Willebrand disease, levels of von Willebrand factor are low. In some people, levels of factor VIII also are low. Signs and symptoms are usually mild.</li>\n<li>Type 2. In this type, which has several subtypes, the von Willebrand factor you do have doesn't function properly. Signs and symptoms tend to be more significant.</li>\n<li>Type 3. In this rare type, von Willebrand factor is absent and levels of factor VIII are low. Signs and symptoms may be severe, such as bleeding into the joints and muscles.</li>\n<li>Acquired von Willebrand disease. This type isn't inherited from your parents. It develops later in life.</li>\n</ul>", 
    "Clinical trials": "Explore Mayo Clinic studies testing new treatments, interventions and tests as a means to prevent, detect, treat or manage this disease.", 
    "Complications": "Complications of von Willebrand disease may include:\n\n<ul>\n<li>Anemia. Women who experience heavy menstrual bleeding can develop iron deficiency anemia.</li>\n<li>Swelling and pain. If abnormal bleeding occurs in the joints or soft tissue, swelling and severe pain can result.</li>\n<li>Death from bleeding. Rarely, someone with von Willebrand disease may experience uncontrolled bleeding that can be life-threatening and needs emergency medical attention.</li>\n</ul>", 
    "Diagnosis": "Because many people with von Willebrand disease have mild signs and symptoms, the condition can be difficult to diagnose. If you have any indication of a bleeding disorder, your doctor may refer you to a blood disorders specialist (hematologist).\n\nTo evaluate you for von Willebrand disease, your doctor will likely ask you detailed questions about your medical history and check for bruises or other signs of recent bleeding.\n\nYour doctor will also likely recommend the following blood tests:\n\n<ul>\n<li>Von Willebrand factor antigen. This test determines the level of von Willebrand factor in your blood by measuring a particular protein.</li>\n<li>Ristocetin cofactor activity. This test measures how well the von Willebrand factor works in your clotting process. Ristocetin, which is an antibiotic, is used in this laboratory testing.</li>\n<li>Factor VIII clotting activity. This test shows whether you have abnormally low levels and activity of factor VIII.</li>\n<li>Von Willebrand factor multimers. This test evaluates the specific structure of von Willebrand factor in your blood, its protein complexes (multimers) and how its molecules break down. This information helps identify the type of von Willebrand disease you have.</li>\n</ul>\n\n\nThe results of these tests can fluctuate in the same person over time due to factors such as stress, exercise, infection, pregnancy and medications. So you may need to repeat some tests.\n\nIf you have von Willebrand disease, your doctor may recommend that family members undergo the same or similar tests to determine if this condition runs in your family.", 
    "Id": "syc-20354978", 
    "Lifestyle and home remedies": "These self-care tips can help you manage your condition:\n\n<ul>\n<li>Switch pain relievers. To help prevent bleeding episodes, talk with your doctor before taking blood-thinning medications \u2014 such as aspirin, ibuprofen (Advil, Motrin IB, others) or naproxen (Aleve, Anaprox). Your doctor may instead recommend pain and fever relievers such as acetaminophen (Tylenol, others).</li>\n<li>Tell your doctors and dentist. Let your doctors or dentist know that you have von Willebrand disease before you have any type of surgery, start a new medication or give birth. Also mention whether anyone in your family has a history of excessive bleeding.</li>\n<li>Consider wearing a medical ID bracelet. Make sure it notes that you have von Willebrand disease, which will be helpful to medical personnel if you're ever in an accident or taken to an emergency room. Also carry a medical alert card in your wallet.</li>\n<li>Be active and safe. Exercise as part of attaining or maintaining a healthy weight. Avoid activities that could cause bruising, such as football, wrestling and hockey.</li>\n</ul>", 
    "Overview": "Von Willebrand disease is a lifelong bleeding disorder in which your blood doesn't clot well. Most people with the disease are born with it, though its warning signs may not show up for years. Some people may suspect they have a bleeding disorder when they have heavy bleeding after a dental procedure or, for women, during a menstrual period.\n\nMost people with this condition inherited it from a parent. They have a faulty gene that causes problems with a protein important to the blood-clotting process.\n\nVon Willebrand disease can't be cured. But with good treatment and self-care, most people with this disease can lead active lives.", 
    "Preparing for your appointment": "You're likely to start by seeing your family doctor if you think you have a bleeding problem. But in some cases when you call to set up an appointment, you may be referred to a doctor who specializes in the diagnosis and treatment of bleeding disorders (hematologist).\n\nIf you're in the middle of a severe bleeding episode, your doctor may recommend immediate medical care.\n\nBecause appointments can be brief, and because there's often a lot of ground to cover, it's a good idea to be well-prepared. Here's some information to help you get ready, including what to expect from the doctor.\n\n<b>What you can do</b>\n<ul>\n<li>Be aware of any pre-appointment restrictions. At the time you make the appointment, ask if you need to do anything in advance. You may need to follow dietary restrictions or fast for eight to 10 hours if blood tests are scheduled.</li>\n<li>List any bleeding signs or symptoms you've had, including how often, its severity and for how long. For example, your doctor will want to know if you had a history of nosebleeds or easy bruising since childhood or \u2014 for women \u2014 if your periods have been extended and heavy since you first started menstruating.</li>\n<li>List key personal information, including any major stresses or recent changes \u2014 both positive and negative \u2014 in your life. Include a short description of your typical daily diet. Also mention any contact sports you've played and whether you ever developed excessive bruising after playing.</li>\n<li>Make a list of your key medical information, including other medical problems for which you're being treated. Be sure to mention if any close relatives have a history of easy bleeding. Also list any medications, vitamins or supplements you're taking, including aspirin, ibuprofen (Advil, Motrin IB, others) or naproxen (Aleve, Anaprox). If possible, bring all your medications with you in their original containers.</li>\n<li>Take a family member or friend along. Sometimes it can be difficult to remember all of the information provided to you during an appointment. Someone who accompanies you may remember something that you missed or forgot.</li>\n<li>List questions to ask your doctor.</li>\n</ul>\n\n\nFor von Willebrand disease, some basic questions to ask your doctor include:\n\n<ul>\n<li>What's the most likely reason for my symptoms?</li>\n<li>What treatment do you recommend, and how will you monitor whether it's working?</li>\n<li>What are the possible side effects of the medications you're prescribing?</li>\n<li>Does this condition increase my risk of any other medical problems?</li>\n<li>What steps will I need to take to prevent problems from surgery or dental procedures?</li>\n<li>Does this condition increase my risk of health problems during pregnancy and childbirth? Are treatment options available to reduce that risk?</li>\n<li>Are my children or other close relatives at increased risk of this condition?</li>\n<li>Do I need to avoid certain physical activities or types of exercise?</li>\n<li>I have these other health conditions. How can I best manage these conditions together?</li>\n</ul>\n\n\n<b>What to expect from your doctor</b>\nYour doctor may ask:\n\n<ul>\n<li>When did you first begin having episodes of prolonged or heavy bleeding?</li>\n<li>How often do you have an episode of heavy or prolonged bleeding, and how long do these episodes typically last?</li>\n<li>Do you bruise easily or have recurrent nosebleeds? Did these symptoms begin in childhood?</li>\n<li>Have you ever had bleeding from a small wound that lasted more than 15 minutes or recurred during the week following the wound?</li>\n<li>Have you ever had a nosebleed that lasted more than 10 minutes or needed medical attention?</li>\n<li>For women, for how many days do your menstrual periods last? How often do you have to change your tampon or sanitary pad during a period? Do you ever notice blood clots in your menstrual flow?</li>\n<li>Have you ever had blood in your stool that wasn't explained by a known medical problem, such as a stomach ulcer or colon polyp?</li>\n<li>Have you ever needed medical attention for a bleeding problem during or after surgery, dental procedures, childbirth or injury?</li>\n<li>Have you ever had anemia or needed a blood transfusion?</li>\n<li>Have you been diagnosed or treated for other medical problems, including liver or kidney disease, a blood or bone marrow disorder, or an abnormal blood platelet count?</li>\n<li>Do you take pain relievers, such as aspirin, ibuprofen or naproxen? What about blood-thinning medications, such as clopidogrel (Plavix), warfarin (Coumadin) or heparin?</li>\n<li>Do you take an antidepressant, such as citalopram (Celexa), escitalopram (Lexapro), fluoxetine (Prozac, Sarafem), paroxetine (Paxil, Paxil CR, Pexeva, others) or sertraline (Zoloft)?</li>\n<li>Does anyone in your family have a history of bleeding problems?</li>\n</ul>\n\n\n<b>What you can do in the meantime</b>\nWhile you wait for your appointment, avoid pain relievers that may increase your risk of bleeding episodes, such as aspirin, ibuprofen and naproxen. If you need relief for routine aches and pains, try acetaminophen (Tylenol, others) instead.\n\nSteer clear of contact sports associated with a high risk of bruising or injury, such as football and hockey. If you have any medical or dental procedures scheduled, tell your doctor or dentist about your history of heavy bleeding from minor injuries. If a scheduled procedure is not urgent, reschedule it until after you've been evaluated for a possible underlying bleeding disorder.", 
    "Prevention": "Because von Willebrand disease is usually an inherited disorder, consider having genetic counseling if you have a family history of this condition and you're planning to have children. If you carry the defective gene for von Willebrand disease, you can pass it on to your offspring, even if you don't have symptoms.", 
    "Risk factors": "The main risk factor for von Willebrand disease is having a family history of it. A parent can pass the abnormal gene for the disease to his or her child.\n\nMost cases are \"autosomal dominant inherited\" disorders, which means you only need an abnormal gene from one parent to be affected. If you have the gene for von Willebrand disease, you have a 50 percent chance of transmitting this gene to your offspring.\n\nThe most severe form of the condition (type 3) is \"autosomal recessive,\" which means both of your parents have to pass an abnormal gene to you.", 
    "Symptoms": "Many people with von Willebrand disease don't know it because the signs are mild or absent. The most common sign of the condition is abnormal bleeding. The severity of the bleeding varies from one person to another.\n\nIf you have von Willebrand disease, you might experience:\n\n<ul>\n<li>Excessive bleeding from an injury or after surgery or dental work</li>\n<li>Nosebleeds that don't stop within 10 minutes </li>\n<li>Heavy or long menstrual bleeding</li>\n<li>Blood in your urine or stool</li>\n<li>Easy bruising or lumpy bruises</li>\n</ul>\n\n\nSigns and symptoms of a heavy period that may indicate von Willebrand disease include:\n\n<ul>\n<li>The presence in your menstrual flow of blood clots greater than 1 inch (2.5 centimeters) in diameter</li>\n<li>The need to change your menstrual pad or tampon more often than hourly</li>\n<li>The need to use double sanitary protection to control menstrual flow</li>\n<li>Symptoms of anemia, including tiredness, fatigue or shortness of breath</li>\n</ul>\n\n\nContact your doctor if you're experiencing long or hard-to-stop bleeding.", 
    "Title": "Von Willebrand disease", 
    "Treatment": "Even though von Willebrand disease is a lifelong condition with no cure, treatment can help prevent or stop bleeding episodes. Your treatment depends on:\n\n<ul>\n<li>The type and severity of your condition</li>\n<li>How you've responded to previous therapy</li>\n<li>Your other medications and conditions</li>\n</ul>\n\n\nYour doctor may suggest one or more of the following treatments to increase your von Willebrand factor, strengthen blood clots or, in women, control heavy menstrual bleeding:\n\n<ul>\n<li>\n    Desmopressin. This medication is available as an injection (DDAVP) or nasal spray (Stimate). It's a synthetic hormone, similar to the natural hormone vasopressin. It controls bleeding by stimulating your body to release more von Willebrand factor already stored in the lining of your blood vessels. DDAVP is usually effective in people with type 1 and some subtypes of type 2 disease. \n    Many doctors consider DDAVP the first treatment to use in the management of von Willebrand disease. Some women use the nasal spray (Stimate) at the beginning of their menstrual periods to control excessive bleeding. It can also be effective when used before a minor surgical procedure.\n    </li>\n<li>\n    Replacement therapies. These include infusions of prepared doses of concentrated blood-clotting factors containing von Willebrand factor and factor VIII (Humate-P, others). These therapies can be useful in all disease types. Your doctor may recommend them if DDAVP isn't an option for you or was ineffective.\n    Another replacement therapy approved by the FDA for treating adults 18 and older is a genetically engineered (recombinant) von Willebrand factor product (Vonvendi). Because recombinant factor is made without plasma, it may reduce the risk of a viral infection or allergic reaction.\n    </li>\n<li>Contraceptives. For women, these can be useful for controlling heavy bleeding during menstrual periods. The estrogen hormones present in birth control pills can boost levels of von Willebrand factor and factor VIII activity. This effect is likely available with birth control patches, though further study is needed to confirm it.</li>\n<li>Clot-stabilizing medications. These anti-fibrinolytic medications \u2014 such as aminocaproic acid (Amicar) and tranexamic acid (Cyklokapron, Lysteda, others) \u2014 can help stop bleeding by slowing the breakdown of blood clots. Doctors often prescribe these drugs before or after a surgical procedure or tooth extraction.</li>\n<li>Drugs applied to cuts. A fibrin sealant (Tisseel VHSD) placed directly on a cut helps curtail bleeding. These substances are applied like a glue using syringes.</li>\n</ul>\n\n\nIf your condition is mild, your doctor might recommend treatment only when you're undergoing surgery or dental work or when you've experienced trauma (in an automobile accident, for example)."
}