{
    "Aliases": [], 
    "Causes": "Stickler syndrome is caused by mutations in certain genes involved in the formation of collagen \u2014 one of the building blocks of many types of connective tissues. The type of collagen most commonly affected is that used to produce joint cartilage and the vitreous jelly found within the eyes.", 
    "Complications": "Potential complications of Stickler syndrome include:\n\n<ul>\n<li>Difficulty breathing or feeding. Breathing or feeding difficulties may occur in babies born with an opening in the roof of the mouth (cleft palate), a small lower jaw and a tendency for the tongue to drop back toward the throat.</li>\n<li>Blindness. Blindness can occur if retinal detachments aren't repaired promptly.</li>\n<li>Ear infections. Children with facial structure abnormalities associated with Stickler syndrome are more likely to develop ear infections than are children with normal facial features.</li>\n<li>Deafness. Hearing loss may worsen with time and a small percentage of people with Stickler syndrome eventually become completely deaf.</li>\n<li>Heart problems. Some people with Stickler syndrome may be at higher risk of heart valve problems.</li>\n<li>Dental problems. Most children who have Stickler syndrome have abnormally small jaws, so there often isn't enough room for the full complement of adult teeth. Braces or, in some cases, dental surgeries may be necessary.</li>\n</ul>", 
    "Diagnosis": "While Stickler syndrome can sometimes be diagnosed based on your child's medical history and a physical exam, additional tests are needed to determine the severity of the symptoms and help direct treatment decisions. These may include:\n\n<ul>\n<li>Imaging tests. X-rays can reveal abnormalities or damage in the joints and spine.</li>\n<li>Eye exams. These exams can help your doctor detect problems with the jellylike material (vitreous) that fills the eye or with the lining of the eye (retina), which is crucial for sight. Eye exams also can check for cataracts and glaucoma.</li>\n<li>Hearing tests. These tests measure the ability to detect different pitches and volumes of sound.</li>\n</ul>\n\n\nGenetic testing is available to assist in diagnosis in some cases. Genetic testing can also be used to help in family planning and to determine your risk of passing on the gene to your children when the hereditary pattern is not clear from the family history. Genetic counseling should be provided for affected people.", 
    "Id": "syc-20354067", 
    "Lifestyle and home remedies": "<ul>\n<li>Pain relievers. Over-the-counter drugs such as ibuprofen (Advil, Motrin IB) and naproxen sodium (Aleve) may help relieve joint swelling, stiffness and pain.</li>\n<li>Avoid contact sports. Strenuous physical activity may stress the joints, and contact sports, such as football, may increase the risk of retinal detachment.</li>\n<li>Seek educational help. Your child may have difficulty in school due to problems hearing or seeing. Your child's teachers need to be aware of his or her special needs.</li>\n</ul>", 
    "Overview": "Stickler syndrome is a genetic disorder that can cause serious vision, hearing and joint problems. Also known as hereditary progressive arthro-ophthalmopathy, Stickler syndrome is usually diagnosed during infancy or childhood.\n\nChildren who have Stickler syndrome often have distinctive facial features \u2014 prominent eyes, a small nose with a scooped out facial appearance and a receding chin. They are often born with an opening in the roof of the mouth (cleft palate).\n\nWhile there is no cure for Stickler syndrome, treatments can help control symptoms and prevent complications. In some cases, surgery may be needed to correct some of the physical abnormalities associated with Stickler syndrome.", 
    "Preparing for your appointment": "In many cases, the signs and symptoms of Stickler syndrome will be apparent while your child is still in the hospital after birth. After diagnosis, your child should be monitored regularly by doctors who specialize in areas specific to your child's problems.\n\n<b>What you can do</b>\nBefore your appointment, you might want to write a list of answers to the following questions:\n\n<ul>\n<li>Has anyone in your immediate or extended family had problems similar to this?</li>\n<li>What medications and supplements does your child take?</li>\n<li>Are your child's vision or hearing problems interfering with his or her schoolwork?</li>\n</ul>\n\n\n<b>What to expect from your doctor</b>\nYour doctor may ask some of the following questions:\n\n<ul>\n<li>Does your child seem to have any vision problems?</li>\n<li>Has your child ever seen an abundance of floaters or flashing lights within his or her eyes?</li>\n<li>Does your child seem to have any trouble hearing?</li>\n<li>Have any of your child's symptoms worsened recently?</li>\n<li>Does your child limp or complain of joint pain?</li>\n</ul>", 
    "Risk factors": "Your child is more likely to be born with Stickler syndrome if either you or your partner has the disorder.", 
    "Symptoms": "The signs and symptoms of Stickler syndrome \u2014 and the severity of those signs and symptoms \u2014 can vary widely from person to person.\n\n<ul>\n<li>Eye problems. In addition to severe nearsightedness, children who have Stickler syndrome often experience cataracts, glaucoma and retinal detachments.</li>\n<li>Hearing difficulties. The extent of hearing loss varies among people who have Stickler syndrome. It usually affects the ability to hear high frequencies.</li>\n<li>Bone and joint abnormalities. Children who have Stickler syndrome often have overly flexible joints and are more likely to develop abnormal curvatures of the spine, such as scoliosis. Osteoarthritis can begin in adolescence.</li>\n</ul>\n\n\nRegular follow-up visits, as well as yearly visits to doctors specializing in eye disorders, are crucial to monitor any progression of symptoms. Early treatment can help prevent life-altering complications. Hearing should be checked every six months in children through age 5 and then yearly thereafter.", 
    "Title": "Stickler syndrome", 
    "Treatment": "There's no cure for Stickler syndrome. Treatment addresses the signs and symptoms of the disorder.\n\n<b>Therapy</b>\n<ul>\n<li>Speech therapy. Your child may need speech therapy if hearing loss interferes with his or her ability to learn how to pronounce certain sounds.</li>\n<li>Physical therapy. In some cases, physical therapy may help with mobility problems associated with joint pain and stiffness. Equipment such as braces, canes and arch supports also may help.</li>\n<li>Hearing aids. If your child has problems hearing, you may find that his or her quality of life is improved by wearing a hearing aid.</li>\n<li>Special education. Hearing or vision problems may cause learning difficulty in school, so special education services may be helpful.</li>\n</ul>\n\n\n<b>Surgery</b>\n<ul>\n<li>Tracheostomy. Newborns with very small jaws and displaced tongues may need a tracheostomy to create a hole in the throat so that they can breathe. The operation is reversed once the baby has grown large enough that his or her airway is no longer blocked.</li>\n<li>Jaw surgery. Surgeons can lengthen the lower jaw by breaking the jawbone and implanting a device that will gradually stretch the bone as it heals.</li>\n<li>Cleft palate repair. Babies born with a hole in the roof of the mouth (cleft palate) typically undergo surgery in which tissue from the roof of the mouth may be stretched to cover the cleft palate.</li>\n<li>Ear tubes. The surgical placement of a short plastic tube in the eardrum can help reduce the frequency and severity of ear infections, which are especially common in children who have Stickler syndrome.</li>\n<li>Eye surgeries. Surgeries to remove cataracts or procedures to reattach the lining of the back of the eye (retina) may be necessary to preserve vision.</li>\n<li>Joint replacement. Early-onset arthritis, particularly in the hips and knees, may necessitate joint replacement surgeries at a much younger age than is typical for the general population.</li>\n<li>Spinal bracing or fusion surgeries. Children who develop abnormal curves in their spines, such as those seen in scoliosis and kyphosis, may require corrective surgery. Milder curves often can be treated with a brace.</li>\n</ul>"
}