{
    "Aliases": [], 
    "Causes": "Different types of ureteral obstruction have different causes, some of them present at birth (congenital). They include:\n\nUreteral obstruction may be caused by:\n\n<ul>\n<li>Duplication of the ureter, the tube that carries urine from the kidney to the bladder. This common condition, which is present at birth (congential), causes two ureters to form on the same kidney. The second ureter can be normal or only partially developed. If either ureter doesn't function properly, urine can back up into the kidney and cause damage.</li>\n<li>An abnormality where the ureter connects to the bladder or the kidney, which blocks urine flow. An abnormal connection between the ureter and kidney (ureteropelvic junction) may cause the kidney to swell and eventually stop working. This abnormality can be congenital or it can develop with normal childhood growth, result from an injury or scarring, or in rare cases, develop from a tumor. An abnormal connection between the ureter and bladder (ureterovesical junction) may cause urine to back up into the kidneys.</li>\n<li>Ureterocele. If the ureter is too narrow and doesn't allow urine to flow normally, a tiny bulge in the ureter (ureterocele) may develop, usually in the section of the ureter closest to the bladder. This can block urine flow and cause urine to back up into the kidney, possibly leading to kidney damage.</li>\n<li>Retroperitoneal fibrosis. This rare disorder occurs when fibrous tissue grows in the area behind the abdomen. The fibers may grow due to cancers or may result from taking certain medicines used to treat migraines. The fibers encircle and block the ureters, causing urine to back up into the kidneys.</li>\n</ul>\n\n\nVarious causes inside (intrinsic) or outside (extrinsic) the ureter can lead to ureteral obstruction, including:\n\n<ul>\n<li>Ureteral stones</li>\n<li>Severe constipation, which happens primarily in children but also occurs in adults</li>\n<li>Cancerous and noncancerous tumors</li>\n<li>Internal tissue growth, such as endometriosis in females</li>\n<li>Long-term swelling of the ureter wall, usually due to diseases such as tuberculosis or a parasite infection called schistosomiasis</li>\n</ul>", 
    "Complications": "Ureteral obstruction can lead to urinary tract infections and kidney damage, which can be irreversible.", 
    "Diagnosis": "Often, doctors diagnose ureteral obstruction disorders before birth during routine prenatal ultrasounds, which can show details of the developing fetus, including the kidneys, ureters and bladder. Doctors often perform another ultrasound after birth to re-evaluate the kidneys.\n\nIf your doctor suspects you have an obstructed ureter, some of these tests and scans might be used to reach a diagnosis:\n\n<ul>\n<li>Blood and urine tests. Your doctor checks samples of your blood and urine for signs of infection and the presence of creatinine, which signals that your kidneys aren't working properly.</li>\n<li>Ultrasound. An ultrasound of the area behind your abdominal organs (retroperitoneal ultrasound) allows your doctor to view the kidneys and ureters.</li>\n<li>Voiding cystourethrogram. To test for abnormal urine flow, your doctor inserts a small tube (catheter) through the urethra, injects dye into your bladder, and takes X-rays of your kidneys, ureters, bladder and urethra before and during urination.</li>\n<li>Renal nuclear scan. Similar to an IVP, your doctor or a technician injects dye that contains a small amount of radioactive material into your arm. A special camera detects the radioactivity and produces images that your doctor uses to evaluate the urinary system. </li>\n<li>Cystoscopy. A small tube with a camera and light is inserted into your urethra or through a small incision. The optical system allows the doctor to see inside the urethra and bladder.</li>\n<li>Computerized tomography (CT) scan. A CT scan combines a series of X-ray views taken from many different angles and computer processing to create cross-sectional images of your kidneys, ureter and bladder. </li>\n<li>Magnetic resonance imaging (MRI). An abdominal MRI uses a magnetic field and radio waves to create detailed images of the organs and tissues that make up your urinary system.</li>\n</ul>", 
    "Id": "syc-20354676", 
    "Overview": "A ureteral obstruction is a blockage in one or both of the tubes (ureters) that carry urine from your kidneys to your bladder. Ureteral obstruction can be curable. However, if it's not treated, symptoms can quickly move from mild \u2014 pain, fever and infection \u2014 to severe \u2014 loss of kidney function, sepsis and death.\n\nUreteral obstruction is fairly common. Because it's treatable, severe complications are rare.\n\nUreteral obstruction care at Mayo Clinic", 
    "Preparing for your appointment": "You might start by seeing your primary care provider. Or, you might be referred immediately to a urinary tract specialist (urologist).\n\nHere's some information to help you get ready for your appointment.\n\n<b>What you can do</b>\nWhen you make the appointment, ask if there's anything you need to do in advance, such as fasting before having a specific test. Make a list of:\n\n<ul>\n<li>Your symptoms, including any that seem unrelated to the reason for your appointment</li>\n<li>Key personal information, including major stresses, recent life changes and family medical history</li>\n<li>All medications, vitamins or other supplements you take, including the doses</li>\n<li>Questions to ask your doctor</li>\n</ul>\n\n\nTake a family member or friend along, if possible, to help you remember the information you're given.\n\nFor ureteral obstruction, basic questions to ask your doctor include:\n\n<ul>\n<li>What's likely causing my symptoms?</li>\n<li>Other than the most likely cause, what are other possible causes for my symptoms?</li>\n<li>What tests do I need?</li>\n<li>Is my condition likely temporary or chronic?</li>\n<li>What's the best course of action?</li>\n<li>What are the alternatives to the primary approach you're suggesting?</li>\n<li>I have these other health conditions. How can I best manage them together?</li>\n<li>Are there restrictions I need to follow?</li>\n<li>Should I see a specialist?</li>\n<li>Are there brochures or other printed material I can have? What websites do you recommend?</li>\n</ul>\n\n\n<b>What to expect from your doctor</b>\nYour doctor is likely to ask you several questions, such as:\n\n<ul>\n<li>When did your symptoms begin?</li>\n<li>Have your symptoms been continuous or occasional?</li>\n<li>How severe are your symptoms?</li>\n<li>What, if anything, seems to improve your symptoms?</li>\n<li>What, if anything, appears to worsen your symptoms?</li>\n</ul>", 
    "Symptoms": "Ureteral obstruction might have no signs or symptoms. Signs and symptoms depend on where the obstruction occurs, whether it's partial or complete, how quickly it develops, and whether it affects one or both kidneys.\n\nSigns and symptoms might include:\n\n<ul>\n<li>Pain</li>\n<li>Changes in the amount of urine produced</li>\n<li>Difficulty urinating</li>\n<li>Blood in the urine</li>\n<li>Repeated urinary tract infections</li>\n<li>High blood pressure (hypertension)</li>\n</ul>\n\n\nMake an appointment with your doctor if you have signs and symptoms that worry you.\n\nSeek immediate medical attention if you experience:\n\n<ul>\n<li>Pain so severe that you can't sit still or find a comfortable position</li>\n<li>Pain accompanied by nausea and vomiting</li>\n<li>Pain accompanied by fever and chills</li>\n<li>Blood in your urine</li>\n<li>Difficulty passing urine</li>\n</ul>", 
    "Title": "Ureteral obstruction", 
    "Treatment": "The goal of ureteral obstruction treatment is to remove blockages, if possible, or bypass the blockage, which may help repair damage to the kidneys. Treatment might include antibiotics to clear associated infections.\n\n<b>Drainage procedures</b>\nA ureteral obstruction that causes severe pain might require an immediate procedure to remove urine from your body and temporarily relieve the problems caused by a blockage. Your doctor (urologist) may recommend:\n\n<ul>\n<li>A ureteral stent, a hollow tube inserted inside the ureter to keep it open.</li>\n<li>Percutaneous nephrostomy, during which your doctor inserts a tube through your back to drain the kidney directly.</li>\n<li>A catheter, a tube inserted through the urethra to connect the bladder to an external drainage bag. This may be especially important if problems with your bladder also contribute to poor drainage of your kidneys.</li>\n</ul>\n\n\nYour doctor can tell you which procedure or combination of procedures is best for you. Drainage procedures might provide temporary or permanent relief, depending on your condition.\n\n<b>Surgical procedures</b>\nThere are a number of surgical procedures used to correct ureteral obstructions. The type of procedure depends on your situation.\n\nUreteral obstruction surgery may be performed through one of these surgical approaches:\n\n<ul>\n<li>Endoscopic surgery, a minimally invasive procedure, which involves passing a lighted scope through the urethra into the bladder and other parts of the urinary tract. The surgeon makes a cut into the damaged or blocked part of the ureter to widen the area and then places a hollow tube (stent) in the ureter to keep it open. This procedure may be done to both diagnose and treat a condition.</li>\n<li>Open surgery, during which your surgeon makes an incision in your abdomen to perform the procedure.</li>\n<li>Laparoscopic surgery, which is performed through a small tube with a light and a camera that allows your surgeon to see inside you. The surgeon makes one or more small incisions through your skin to insert the lighted tube and other instruments needed for the procedure.</li>\n<li>Robot-assisted laparoscopic surgery, during which your surgeon uses a robotic system to perform a laparoscopic procedure.\u00a0</li>\n</ul>\n\n\nThe main differences among these surgical approaches are your recovery time after surgery and the number and size of incisions used for the procedure. Your doctor (urologist) determines the type of procedure and the best surgical approach to treat your condition."
}