{
    "Aliases": [], 
    "Alternative medicine": "Research on alternative food allergy treatments is limited. However, many people do try them and claim that certain treatments help.\n\nAcupuncture point injection therapy has been found to be beneficial for the treatment of hives, although more research is needed to confirm these findings. If you decide to try one of these treatments, be sure you work with an experienced and certified provider.", 
    "Causes": "When you have a food allergy, your immune system mistakenly identifies a specific food or a substance in food as something harmful. In respose, your immune system triggers cells to release an antibody known as immunoglobulin E (IgE) to neutralize the allergy-causing food or food substance (the allergen).\n\nThe next time you eat even the smallest amount of that food, IgE antibodies sense it and signal your immune system to release a chemical called histamine, as well as other chemicals, into your bloodstream. These chemicals cause allergy symptoms.\n\n<ul>\n<li>Shellfish, such as shrimp, lobster and crab</li>\n<li>Peanuts</li>\n<li>Tree nuts, such as walnuts and pecans</li>\n<li>Fish</li>\n</ul>\n\n\n<ul>\n<li>Peanuts</li>\n<li>Tree nuts</li>\n<li>Eggs</li>\n<li>Cow's milk</li>\n<li>Wheat</li>\n<li>Soy</li>\n</ul>\n\n\nAlso known as oral allergy syndrome, pollen-food allergy syndrome affects many people who have hay fever. In this condition, certain fresh fruits and vegetables or nuts and spices can trigger an allergic reaction that causes the mouth to tingle or itch. In serious cases, the reaction results in swelling of the throat or even anaphylaxis.\n\nProteins in certain fruits, vegetables, nuts and spices cause the reaction because they're similar to allergy-causing proteins found in certain pollens. This is an example of cross-reactivity.\n\nWhen you cook foods that trigger pollen-food allergy syndrome, your symptoms may be less severe.\n\nThis following table shows the specific fruits, vegetables, nuts and spices that can cause pollen-food allergy syndrome in people who are allergic to different pollens.\n\nEating certain foods may cause some people to feel itchy and lightheaded soon after starting to exercise. Serious cases may even involve hives or anaphylaxis. Not eating for a couple of hours before exercising and avoiding certain foods may help prevent this problem.\n\nA food intolerance or a reaction to another substance you ate may cause the same signs and symptoms as a food allergy does \u2014 such as nausea, vomiting, cramping and diarrhea.\n\nDepending on the type of food intolerance you have, you may be able to eat small amounts of problem foods without a reaction. By contrast, if you have a true food allergy, even a tiny amount of food may trigger an allergic reaction.\n\nOne of the tricky aspects of diagnosing food intolerance is that some people are sensitive not to the food itself but to a substance or ingredient used in the preparation of the food.\n\nCommon conditions that can cause symptoms mistaken for a food allergy include:\n\n<ul>\n<li>Absence of an enzyme needed to fully digest a food. You may not have adequate amounts of some enzymes needed to digest certain foods. Insufficient quantities of the enzyme lactase, for example, reduce your ability to digest lactose, the main sugar in milk products. Lactose intolerance can cause bloating, cramping, diarrhea and excess gas.</li>\n<li>Food poisoning. Sometimes food poisoning can mimic an allergic reaction. Bacteria in spoiled tuna and other fish also can make a toxin that triggers harmful reactions.</li>\n<li>Sensitivity to food additives. Some people have digestive reactions and other symptoms after eating certain food additives. For example, sulfites used to preserve dried fruit, canned goods and wine can trigger asthma attacks in sensitive people.</li>\n<li>Histamine toxicity. Certain fish, such as tuna or mackerel, that are not refrigerated properly and that contain high amounts of bacteria may also contain high levels of histamine that trigger symptoms similar to those of food allergy. Rather than an allergic reaction, this is known as histamine toxicity or scombroid poisoning.</li>\n<li>\n    Celiac disease. While celiac disease is sometimes referred to as a gluten allergy, it does not result in anaphylaxis. Like a food allergy, it does involve an immune system response, but it's a unique reaction that's more complex than a simple food allergy.\n    This chronic digestive condition is triggered by eating gluten, a protein found in bread, pasta, cookies, and many other foods containing wheat, barley or rye.\n    If you have celiac disease and eat foods containing gluten, an immune reaction occurs that causes damage to the surface of your small intestine, leading to an inability to absorb certain nutrients.\n    </li>\n</ul>", 
    "Clinical trials": "Explore Mayo Clinic studies testing new treatments, interventions and tests as a means to prevent, detect, treat or manage this disease.", 
    "Complications": "Complications of food allergy can include:\n\n<ul>\n<li>Anaphylaxis. This is a life-threatening allergic reaction.</li>\n<li>Atopic dermatitis (eczema). Food allergy may cause a skin reaction, such as eczema.</li>\n</ul>", 
    "Coping and support": "A food allergy can be a source of ongoing concern that affects life at home, school and work. Daily activities that are easy for most families, such as grocery shopping and meal preparation, can become occasions of stress for families and caregivers living with food allergies.\n\nKeep these strategies in mind to help manage your or your child's food allergy-related stress:\n\n<ul>\n<li>\n    Connect with others. The opportunity to discuss food allergies and exchange information with others who share your concerns can be very helpful.\n    </li>\n<li>Many internet sites and nonprofit organizations offer information and forums for discussing food allergies. Some are specifically for parents of children with food allergies. The Food Allergy Research & Education website can direct you to support groups and events in your area.</li>\n<li>Educate those around you. Make sure family and caregivers, including baby sitters and school staff, have a thorough understanding of your child's food allergy.</li>\n<li>Address bullying. Children are often bullied because of food allergies at school. Discussing your child's allergy with school personnel greatly reduces your child's risk of being a bullying target.</li>\n</ul>", 
    "Diagnosis": "There's no perfect test used to confirm or rule out a food allergy. Your doctor will consider a number of factors before making a diagnosis. These factors include.\n\n<ul>\n<li>Your symptoms. Give your doctor a detailed history of your symptoms \u2014 which foods, and how much, seem to cause problems.</li>\n<li>Your family history of allergies. Also share information about members of your family who have allergies of any kind.</li>\n<li>A physical examination. A careful exam can often identify or exclude other medical problems.</li>\n<li>\n    A skin test. A skin prick test can determine your reaction to a particular food. In this test, a small amount of the suspected food is placed on the skin of your forearm or back. A doctor or another health professional then pricks your skin with a needle to allow a tiny amount of the substance beneath your skin surface.\n    If you're allergic to a particular substance being tested, you develop a raised bump or reaction. Keep in mind, a positive reaction to this test alone isn't enough to confirm a food allergy.\n    </li>\n<li>\n    A blood test. A blood test can measure your immune system's response to particular foods by measuring the allergy-related antibody known as immunoglobulin E (IgE).\n    For this test, a blood sample taken in your doctor's office is sent to a medical laboratory, where different foods can be tested.\n    </li>\n<li>\n    Elimination diet.You may be asked to eliminate suspect foods for a week or two and then add the food items back into your diet one at a time. This process can help link symptoms to specific foods. However, elimination diets aren't foolproof.\n    An elimination diet can't tell you whether your reaction to a food is a true allergy instead of a food sensitivity. Also, if you've had a severe reaction to a food in the past, an elimination diet may not be safe.\n    </li>\n<li>Oral food challenge. During this test, done in the doctor's office, you'll be given small but increasing amounts of the food suspected of causing your symptoms. If you don't have a reaction during this test, you may be able to include this food in your diet again.</li>\n</ul>", 
    "Id": "syc-20355095", 
    "Lifestyle and home remedies": "One of the keys to preventing an allergic reaction is to completely avoid the food that causes your symptoms.\n\n<ul>\n<li>\n    Don't assume. Always read food labels to make sure they don't contain an ingredient you're allergic to. Even if you think you know what's in a food, check the label. Ingredients sometimes change.\n    Food labels are required to clearly list whether they contain any common food allergens. Read food labels carefully to avoid the most common sources of food allergens: milk, eggs, peanuts, tree nuts, fish, shellfish, soy and wheat.\n    </li>\n<li>\n    When in doubt, say no thanks. At restaurants and social gatherings, you're always taking a risk that you might eat a food you're allergic to. Many people don't understand the seriousness of an allergic food reaction and may not realize that a tiny amount of a food can cause a severe reaction in some people.\n    If you have any suspicion at all that a food may contain something you're allergic to, steer clear.\n    </li>\n<li>\n    Involve caregivers. If your child has a food allergy, enlist the help of relatives, baby sitters, teachers and other caregivers. Make sure that they understand how important it is for your child to avoid the allergy-causing food and they know what to do in an emergency.\n    It's also important to let caregivers know what steps they can take to prevent a reaction in the first place, such as careful hand-washing and cleaning any surfaces that might have come in contact with the allergy-causing food.\n    </li>\n</ul>", 
    "Overview": "Food allergy is an immune system reaction that occurs soon after eating a certain food. Even a tiny amount of the allergy-causing food can trigger signs and symptoms such as digestive problems, hives or swollen airways. In some people, a food allergy can cause severe symptoms or even a life-threatening reaction known as anaphylaxis.\n\nFood allergy affects an estimated 6 to 8 percent of children under age 3 and up to 3 percent of adults. While there's no cure, some children outgrow their food allergy as they get older.\n\nIt's easy to confuse a food allergy with a much more common reaction known as food intolerance. While bothersome, food intolerance is a less serious condition that does not involve the immune system.", 
    "Preparing for your appointment": "Because doctor's appointments can be brief, and because there's often a lot of ground to cover, it's a good idea to be well-prepared for your appointment. Here's some information to help you get ready for your appointment and what to expect from your doctor.\n\n<ul>\n<li>Write down any symptoms you've had, including any that may seem unrelated to the reason for which you scheduled the appointment.</li>\n<li>Write down key personal information, including any major stresses or recent life changes.</li>\n<li>Make a list of all medications, vitamins and supplements that you're taking.</li>\n<li>Take a family member or friend along, if possible. Sometimes it can be difficult to remember all the information provided to you during an appointment. Someone who accompanies you may recall something that you missed or forgot.</li>\n<li>Write down questions to ask your doctor.</li>\n</ul>\n\n\nYour time with your doctor is limited, so preparing a list of questions will help you make the most of your time together. List your questions from most important to least important in case time runs out. Some basic questions to ask your doctor include:\n\n<ul>\n<li>Is my condition likely caused by a food allergy or another reaction?</li>\n<li>What kinds of tests do I need?</li>\n<li>Is my condition likely temporary or long lasting?</li>\n<li>What types of treatment are available, and which do you recommend?</li>\n<li>What are the alternatives to the primary approach that you're suggesting?</li>\n<li>I have these other health conditions. How can I best manage these conditions together?</li>\n<li>Are there any dietary restrictions that I need to follow?</li>\n<li>Should I see a specialist? What will that cost, and will my insurance cover seeing a specialist?</li>\n<li>Is there a generic alternative to the medicine you're prescribing me?</li>\n<li>Do you have any printed material that I can take home with me? What websites do you recommend visiting?</li>\n</ul>\n\n\nIf your child is seeing the doctor for a food allergy, you may also want to ask:\n\n<ul>\n<li>Is my child likely to outgrow his or her allergy?</li>\n<li>Are there alternatives to the food or foods that trigger my child's allergy symptoms?</li>\n<li>How can I help keep my child with a food allergy safe at school?</li>\n</ul>\n\n\nIn addition to the questions that you've prepared to ask your doctor, don't hesitate to ask questions during your appointment.\n\n<b>What to expect from your doctor</b>\nYour doctor is likely to ask you a number of questions. Being ready to answer them may save time to go over any points you want to spend more time on. Your doctor may ask:\n\n<ul>\n<li>When did you begin experiencing symptoms?</li>\n<li>How severe were your symptoms?</li>\n<li>How long did it take symptoms to appear after eating the food you suspect you're allergic to?</li>\n<li>Did you take any over-the-counter allergy medications such as antihistamines, and if so, did they help?</li>\n<li>Does your reaction always seem to be triggered by a certain food?</li>\n<li>How much food did you eat before the reaction?</li>\n<li>Was the food that caused the reaction cooked or raw?</li>\n<li>Do you know how the food was prepared?</li>\n<li>What, if anything, seems to improve your symptoms?</li>\n<li>What, if anything, appears to worsen your symptoms?</li>\n</ul>\n\n\n<b>What you can do in the meantime</b>\nIf you suspect you have a food allergy, avoid exposure to the food altogether until your doctor's appointment. If you do eat the food and have a mild reaction, over-the-counter antihistamines may help relieve symptoms. If you have a more severe reaction and any signs and symptoms of anaphylaxis, seek emergency help.", 
    "Prevention": "The best way to prevent an allergic reaction is to know and avoid foods that cause signs and symptoms. For some people, this is a mere inconvenience, but others find it a greater hardship. Also, some foods \u2014 when used as ingredients in certain dishes \u2014 may be well-hidden. This is especially true in restaurants and in other social settings.\n\nIf you know you have a food allergy, follow these steps:\n\n<ul>\n<li>Know what you're eating and drinking. Be sure to read food labels carefully.</li>\n<li>If you have already had a severe reaction, wear a medical alert bracelet or necklace that lets others know that you have a food allergy in case you have a reaction and you're unable to communicate.</li>\n<li>Talk with your doctor about prescribing emergency epinephrine. You may need to carry an epinephrine autoinjector (Adrenaclick, EpiPen) if you're at risk of a severe allergic reaction.</li>\n<li>\n    Be careful at restaurants. Be certain your server or chef is aware that you absolutely can't eat the food you're allergic to, and you need to be completely certain that the meal you order doesn't contain it. Also, make sure food isn't prepared on surfaces or in pans that contained any of the food you're allergic to.\n    Don't be reluctant to make your needs known. Restaurant staff members are usually more than happy to help when they clearly understand your request.\n    </li>\n<li>Plan meals and snacks before leaving home. If necessary, take a cooler packed with allergen-free foods when you travel or go to an event. If you or your child can't have the cake or dessert at a party, bring an approved special treat so no one feels left out of the celebration.</li>\n</ul>\n\n\nIf your child has a food allergy, take these precautions to ensure his or her safety:\n\n<ul>\n<li>Notify key people that your child has a food allergy. Talk with child care providers, school personnel, parents of your child's friends and other adults who regularly interact with your child. Emphasize that an allergic reaction can be life-threatening and requires immediate action. Make sure that your child also knows to ask for help right away if he or she reacts to food.</li>\n<li>Explain food allergy symptoms. Teach the adults who spend time with your child how to recognize signs and symptoms of an allergic reaction.</li>\n<li>Write an action plan. Your plan should describe how to care for your child when he or she has an allergic reaction to food. Provide a copy of the plan to your child's school nurse and others who care for and supervise your child.</li>\n<li>Have your child wear a medical alert bracelet or necklace. This alert lists your child's allergy symptoms and explains how others can provide first aid in an emergency.</li>\n</ul>", 
    "Risk factors": "Food allergy risk factors include:\n\n<ul>\n<li>Family history. You're at increased risk of food allergies if asthma, eczema, hives or allergies such as hay fever are common in your family.</li>\n<li>Other allergies. If you're already allergic to one food, you may be at increased risk of becoming allergic to another. Similarly, if you have other types of allergic reactions, such as hay fever or eczema, your risk of having a food allergy is greater.</li>\n<li>\n    Age. Food allergies are more common in children, especially toddlers and infants. As you grow older, your digestive system matures and your body is less likely to absorb food or food components that trigger allergies.\n    Fortunately, children typically outgrow allergies to milk, soy, wheat and eggs. Severe allergies and allergies to nuts and shellfish are more likely to be lifelong.\n    </li>\n<li>Asthma. Asthma and food allergy commonly occur together. When they do, both food allergy and asthma symptoms are more likely to be severe.</li>\n</ul>\n\n\nFactors that may increase your risk of developing an anaphylactic reaction include:\n\n<ul>\n<li>Having a history of asthma</li>\n<li>Being a teenager or younger</li>\n<li>Delaying use of epinephrine to treat your food allergy symptoms</li>\n<li>Not having hives or other skin symptoms</li>\n</ul>", 
    "Symptoms": "For some people, an allergic reaction to a particular food may be uncomfortable but not severe. For other people, an allergic food reaction can be frightening and even life-threatening. Food allergy symptoms usually develop within a few minutes to two hours after eating the offending food.\n\nThe most common food allergy signs and symptoms include:\n\n<ul>\n<li>Tingling or itching in the mouth</li>\n<li>Hives, itching or eczema</li>\n<li>Swelling of the lips, face, tongue and throat or other parts of the body</li>\n<li>Wheezing, nasal congestion or trouble breathing</li>\n<li>Abdominal pain, diarrhea, nausea or vomiting</li>\n<li>Dizziness, lightheadedness or fainting</li>\n</ul>\n\n\nIn some people, a food allergy can trigger a severe allergic reaction called anaphylaxis. This can cause life-threatening signs and symptoms, including:\n\n<ul>\n<li>Constriction and tightening of the airways</li>\n<li>A swollen throat or the sensation of a lump in your throat that makes it difficult to breathe</li>\n<li>Shock with a severe drop in blood pressure</li>\n<li>Rapid pulse</li>\n<li>Dizziness, lightheadedness or loss of consciousness</li>\n</ul>\n\n\nEmergency treatment is critical for anaphylaxis. Untreated, anaphylaxis can cause a coma or even death.\n\nSee a doctor or allergist if you have food allergy symptoms shortly after eating. If possible, see your doctor when the allergic reaction is occurring. This will help your doctor make a diagnosis.\n\nSeek emergency treatment if you develop any signs or symptoms of anaphylaxis, such as:\n\n<ul>\n<li>Constriction of airways that makes it difficult to breathe</li>\n<li>Shock with a severe drop in blood pressure</li>\n<li>Rapid pulse</li>\n<li>Dizziness or lightheadedness</li>\n</ul>", 
    "Title": "Food allergy", 
    "Treatment": "The only way to avoid an allergic reaction is to avoid the foods that cause signs and symptoms. However, despite your best efforts, you may come into contact with a food that causes a reaction.\n\nFor a minor allergic reaction, over-the-counter or prescribed antihistamines may help reduce symptoms. These drugs can be taken after exposure to an allergy-causing food to help relieve itching or hives. However, antihistamines can't treat a severe allergic reaction.\n\nFor a severe allergic reaction, you may need an emergency injection of epinephrine and a trip to the emergency room. Many people with allergies carry an epinephrine autoinjector (Adrenaclick, EpiPen). This device is a combined syringe and concealed needle that injects a single dose of medication when pressed against your thigh.\n\nIf your doctor has prescribed an epinephrine autoinjector:\n\n<ul>\n<li>Be sure you know how to use the autoinjector. Also, make sure the people closest to you know how to administer the drug \u2014 if they're with you in an anaphylactic emergency, they could save your life.</li>\n<li>Carry it with you at all times. It may be a good idea to keep an extra autoinjector in your car or in your desk at work.</li>\n<li>Always be sure to replace epinephrine before its expiration date or it may not work properly.</li>\n</ul>\n\n\n<b>Experimental treatments</b>\nWhile there's ongoing research to find better treatments to reduce food allergy symptoms and prevent allergy attacks, there isn't any proven treatment that can prevent or completely relieve symptoms.\n\nTreatments being studied are:\n\n<ul>\n<li>\n    Anti-IgE therapy. The medication omalizumab (Xolair) interferes with the body's ability to use IgE. The drug is currently being studied for treatment of allergic asthma and food allergies.\n    This treatment is still considered experimental, and more research needs to be done on the drug's long-term safety. It has been associated with a potential increased risk of anaphylaxis.\n    </li>\n<li>\n    Oral immunotherapy. Researchers have been studying the use of oral immunotherapy as a treatment for food allergy. Small doses of the food you're allergic to are swallowed or placed under your tongue (sublingual). The dose of the allergy-provoking food is gradually increased.\n    Initial results look promising, even in people with peanut, egg and milk allergies. But more research needs to be done to ensure that this treatment is safe.\n    </li>\n<li>\n    Early exposure. In the past, it's been generally recommended that children avoid allergenic foods to reduce the likelihood of developing allergies. But in a recent study, high-risk infants \u2014 such as those with atopic dermatitis or egg allergy or both \u2014 were selected to either ingest or avoid peanut products from 4 to 11 months of age until 5 years of age.\n    Researchers found that high-risk children who regularly consumed peanut protein, such as peanut butter or peanut-flavored snacks, were 70 to 86 percent less likely to develop a peanut allergy. These findings may impact food allergy guidelines in the future.\n    </li>\n</ul>"
}