{
    "Aliases": [], 
    "Causes": "Amniotic fluid embolism occurs when amniotic fluid or fetal material enters the mother's bloodstream. A likely cause is a breakdown in the placental barrier, such as from trauma.\n\nWhen this breakdown happens, the immune system responds by releasing products that cause an inflammatory reaction, which activates abnormal clotting in the mother's lungs and blood vessels. This can result in a serious blood-clotting disorder known as disseminated intravascular coagulation.\n\nHowever, amniotic fluid embolisms are rare \u2014 and it's likely that some amniotic fluid commonly enters the mother's bloodstream during delivery without causing problems. It's not clear why in some mothers this leads to amniotic fluid embolism.", 
    "Complications": "Amniotic fluid embolism can cause serious complications for you and your baby, including:\n\n<ul>\n<li>Brain injury. Low blood oxygen can cause permanent, severe neurological damage or brain death.</li>\n<li>Lengthy hospital stay. Women who survive an amniotic fluid embolism often require treatment in the intensive care unit and \u2014 depending on the extent of their complications \u2014 might spend weeks or months in the hospital.</li>\n<li>Maternal death. The number of women who die of amniotic fluid embolism (mortality rate) is very high. The numbers vary, but as many as 20 percent of maternal deaths in developed countries may be due to amniotic fluid embolisms.</li>\n<li>Infant death. Your baby is at risk of brain injury or death. Prompt evaluation and delivery of your baby improves survival.</li>\n</ul>", 
    "Coping and support": "Experiencing a life-threatening pregnancy condition can be frightening and stressful for you and your family. Afterward, you might relive the experience and have nightmares and flashbacks.\n\nDuring this challenging time, lean on loved ones for support. Consider joining a survivors' network. Also, work with your health care provider to determine how you can safely manage your recovery and your role as the mother of a newborn.", 
    "Diagnosis": "A diagnosis of amniotic fluid embolism is typically made after other conditions have been ruled out.\n\nYour health care provider might order the following lab tests during your evaluation:\n\n<ul>\n<li>Blood tests, including those that evaluate clotting, heart enzymes, electrolytes and blood type, as well as a complete blood count (CBC)</li>\n<li>Electrocardiogram (ECG or EKG) to evaluate your heart's rhythm</li>\n<li>Pulse oximetry to check the amount of oxygen in your blood</li>\n<li>Chest X-ray to look for fluid around your heart</li>\n<li>Echocardiography to evaluate your heart's function</li>\n</ul>", 
    "Id": "syc-20369324", 
    "Overview": "Amniotic fluid embolism is a rare but serious condition that occurs when amniotic fluid \u2014 the fluid that surrounds a baby in the uterus during pregnancy \u2014 or fetal material, such as fetal cells, enters the mother's bloodstream. Amniotic fluid embolism is most likely to occur during delivery or in the immediate postpartum period.\n\nAmniotic fluid embolism is difficult to diagnose. If your doctor suspects you might have one, you'll need immediate treatment to prevent potentially life-threatening complications.", 
    "Risk factors": "It's estimated that there are between one and 12 cases of amniotic fluid embolism for every 100,000 deliveries. Because amniotic fluid embolisms are rare, it's difficult to identify risk factors.\n\nResearch suggests that several factors might be linked to an increased risk of amniotic fluid embolism, however, including:\n\n<ul>\n<li>Advanced maternal age. If you're 35 or older at the time of your child's birth, you might be at increased risk of amniotic fluid embolism.</li>\n<li>Placenta problems. Abnormalities in the placenta \u2014 the structure that develops in your uterus during pregnancy \u2014 might increase your risk of amniotic fluid embolism. Abnormalities might include the placenta partially or totally covering the cervix (placenta previa) or the placenta peeling away from the inner wall of the uterus before delivery (placental abruption). These conditions can disrupt the physical barriers between you and your baby.</li>\n<li>Preeclampsia. Having high blood pressure and excess protein in your urine after 20 weeks of pregnancy (preeclampsia) can increase your risk.</li>\n<li>Medically induced labor. Limited research suggests that certain labor induction methods are associated with an increased risk of amniotic fluid embolism. Research on this link, however, is conflicting.</li>\n<li>Operative delivery. Having a C-section, a forceps delivery or a vacuum extraction might increase your risk of amniotic fluid embolism. These procedures can disrupt the physical barriers between you and your baby. It's not clear, however, whether operative deliveries are true risk factors for amniotic fluid embolism because they're used after the condition develops to ensure a rapid delivery.</li>\n<li>Polyhydramnios. Having too much amniotic fluid around your baby may put you at risk of amniotic fluid embolism.</li>\n</ul>", 
    "Symptoms": "Amniotic fluid embolism might develop suddenly and rapidly. Signs and symptoms might include:\n\n<ul>\n<li>Sudden shortness of breath</li>\n<li>Excess fluid in the lungs (pulmonary edema)</li>\n<li>Sudden low blood pressure</li>\n<li>Sudden failure of the heart to effectively pump blood (cardiovascular collapse)</li>\n<li>Life-threatening problems with blood clotting (disseminated intravascular coagulopathy)</li>\n<li>Bleeding from the uterus, cesarean incision or intravenous (IV) sites</li>\n<li>Altered mental status, such as anxiety or a sense of doom</li>\n<li>Chills</li>\n<li>Rapid heart rate or disturbances in the rhythm of the heart rate</li>\n<li>Fetal distress, such as a slow heart rate, or other fetal heart rate abnormalities</li>\n<li>Seizures</li>\n<li>Loss of consciousness</li>\n</ul>", 
    "Title": "Amniotic fluid embolism", 
    "Treatment": "Amniotic fluid embolism requires rapid treatment to address low blood oxygen and low blood pressure.\n\nEmergency treatments might include:\n\n<ul>\n<li>Catheter placement. A thin, hollow tube placed into one of your arteries (arterial catheter) might be used to monitor your blood pressure. You might also have another tube placed into a vein in your chest (central venous catheter), which can be used to give fluids, medications or transfusions, as well as draw blood.</li>\n<li>Oxygen. You might need to have a breathing tube inserted into your airway to help you breathe.</li>\n<li>Medications. Your doctor might give you medications to improve and support your heart function. Other medications might be used to decrease the pressure caused by fluid going into your heart and lungs.</li>\n<li>Transfusions. If you have uncontrollable bleeding, you'll need transfusions of blood, blood products and replacement fluids.</li>\n</ul>\n\n\nIf you have amniotic fluid embolism before delivering your baby, your doctor will treat you with the goal of safely delivering your baby as soon as possible. An emergency C-section might be needed."
}