{
    "Aliases": [], 
    "Causes": "Each type of hantavirus has a preferred rodent carrier. The deer mouse is the primary carrier of the virus responsible for most cases of hantavirus pulmonary syndrome in North America. Other hantavirus carriers include the white-tailed mouse, cotton rat and rice rat.\n\n<b>Inhalation: Main route of transmission</b>\nHantaviruses are transmitted to people primarily through the aerosolization of viruses shed in infected rodents' droppings, urine or saliva. Aerosolization occurs when a virus is kicked up into the air, making it easy for you to inhale. For example, a broom used to clean up mouse droppings in an attic may nudge into the air tiny particles of feces containing hantaviruses, which you can then easily inhale.\n\nAfter you inhale hantaviruses, they reach your lungs and begin to invade tiny blood vessels called capillaries, eventually causing them to leak. Your lungs then flood with fluid, which can trigger any of the respiratory problems associated with hantavirus pulmonary syndrome.\n\n<b>Person-to-person transmission</b>\nPeople who become infected with the North American strain of hantavirus pulmonary syndrome aren't contagious to other people. However, certain outbreaks in South America have shown evidence of being transmitted from person to person, which illustrates variation across strains in different regions.", 
    "Complications": "Hantavirus pulmonary syndrome can quickly become life-threatening. As the lungs fill with fluid, it becomes more and more difficult to breathe. Blood pressure drops and organs begin to fail, particularly the heart. Depending on the hantavirus strain, the mortality rate for the North American variety of hantavirus pulmonary syndrome can be more than 30 percent.", 
    "Diagnosis": "Blood tests can reveal if your body has made antibodies to a hantavirus. Your doctor may order other laboratory tests to rule out other conditions with similar symptoms.", 
    "Id": "syc-20351838", 
    "Overview": "Hantavirus pulmonary syndrome is an infectious disease characterized by flu-like symptoms that can progress rapidly to potentially life-threatening breathing problems.\n\nSeveral types of hantaviruses can cause hantavirus pulmonary syndrome. They are carried by several types of rodents, particularly the deer mouse. You become infected primarily by breathing air infected with hantaviruses that are shed in rodent urine and droppings.\n\nBecause treatment options are limited, the best protection against hantavirus pulmonary syndrome is to avoid rodents and their habitats.", 
    "Preparing for your appointment": "You might first see your family doctor. However, when you call to set up an appointment, your doctor may recommend urgent medical care. If you're having severe difficulty breathing, seek emergency medical attention.\n\n<b>What you can do</b>\nBefore your appointment, you may want to write a list of answers to the following questions:\n\n<ul>\n<li>What symptoms are you experiencing? When did they begin?</li>\n<li>Have you recently cleaned any rarely used rooms or buildings?</li>\n<li>Have you had any recent exposure to mice or rats?</li>\n<li>Do you have any other medical problems?</li>\n<li>What medications and supplements do you routinely take?</li>\n</ul>\n\n\n<b>What to expect from your doctor</b>\nYour doctor is likely to ask you a number of questions. Being ready to answer them may reserve time to go over any points you want to spend more time on. Your doctor may ask:\n\n<ul>\n<li>Have your signs and symptoms included flu-like discomfort, such as fever, muscle aches and fatigue?</li>\n<li>Have you had any gastrointestinal problems, such as diarrhea or vomiting?</li>\n<li>Have you noticed your heart beating faster than normal?</li>\n<li>Are you having difficulty breathing? If so, is it getting worse?</li>\n<li>Is anyone else in your life having similar signs or symptoms?</li>\n</ul>", 
    "Prevention": "Keeping rodents out of your home and workplace can help reduce your risk of hantavirus infection. Try these tips:\n\n<ul>\n<li>Block access. Mice can squeeze through holes as small as 1/4 inch (6 millimeters) wide. Seal holes with wire screening, metal flashing or cement.</li>\n<li>Close the food buffet. Wash dishes promptly, clean counters and floors, and store your food \u2014 including pet food \u2014 in rodent-proof containers. Use tight-fitting lids on garbage cans.</li>\n<li>Reduce nesting material. Clear brush, grass and junk away from the building's foundation.</li>\n<li>Set traps. Spring-loaded traps should be set along baseboards. Exercise caution while using poison-bait traps, as the poison also can harm people and pets.</li>\n</ul>\n\n\n<b>Safe cleanup procedures</b>\nWet down dead rodents and areas where rodents have been with alcohol, household disinfectants or bleach. This kills the virus and helps prevent infected dust from being stirred up into the air. Once everything is wet, use a damp towel to pick up the contaminated material. Then mop or sponge the area with disinfectant.\n\nTake special precautions, such as wearing a respirator, when cleaning buildings with heavy rodent infestations.", 
    "Risk factors": "Hantavirus pulmonary syndrome is most common in rural areas of the western United States during the spring and summer months. Hantavirus pulmonary syndrome also occurs in South America and Canada. Other hantaviruses occur in Asia, where they cause kidney disorders rather than lung problems.\n\nThe chance of developing hantavirus pulmonary syndrome is greater for people who work, live or play in spaces where rodents live. Factors and activities that increase the risk include:\n\n<ul>\n<li>Opening and cleaning long unused buildings or sheds</li>\n<li>Housecleaning, particularly in attics or other low-traffic areas</li>\n<li>Having a home or workspace infested with rodents</li>\n<li>Having a job that involves exposure to rodents, such as construction, utility work and pest control</li>\n<li>Camping, hiking or hunting</li>\n</ul>", 
    "Symptoms": "Hantavirus pulmonary syndrome advances through two distinct stages. In the first stage, you may experience flu-like signs and symptoms that may include:\n\n<ul>\n<li>Fever and chills</li>\n<li>Headaches and muscle aches</li>\n<li>Vomiting, diarrhea or abdominal pain</li>\n</ul>\n\n\nIn its early stages, hantavirus infection is difficult to distinguish from influenza, pneumonia or other viral conditions. After four to 10 days, more-serious signs and symptoms begin. They typically include:\n\n<ul>\n<li>A cough that produces secretions</li>\n<li>Shortness of breath</li>\n<li>Fluid accumulating within the lungs</li>\n<li>Low blood pressure</li>\n<li>Reduced heart efficiency</li>\n</ul>\n\n\n<b>When to see a doctor</b>\nThe signs and symptoms of hantavirus pulmonary syndrome can worsen suddenly and may quickly become life-threatening. If you've been around rodents or rodent droppings and have signs and symptoms of fever, chills, muscle aches or any difficulties breathing, seek immediate medical attention.", 
    "Title": "Hantavirus pulmonary syndrome", 
    "Treatment": "Specific treatment options for hantavirus pulmonary syndrome are limited. But the prognosis improves with early recognition, immediate hospitalization and adequate support for breathing.\n\n<b>Supportive therapy</b>\nPeople with severe cases need immediate treatment in an intensive care unit. Intubation and mechanical ventilation may be needed to support breathing and to help manage fluid in the lungs (pulmonary edema). Intubation involves placing a breathing tube through your nose or mouth into the windpipe (trachea) to help keep your airways open and functioning.\n\n<b>Blood oxygenation</b>\nIn extremely severe cases of pulmonary distress, you'll need a method called extracorporeal membrane oxygenation to help ensure you retain a sufficient supply of oxygen. This involves continuously pumping your blood through a machine that removes carbon dioxide and adds oxygen. The oxygenated blood is then returned to your body."
}