{
    "Aliases": [], 
    "Alternative medicine": "No studies have confirmed that herbal remedies can break up bladder stones, which are extremely hard and usually require a laser, ultrasound or other procedure for removal.\n\nAlways check with your doctor before taking any alternative medicine therapy to be sure it's safe and that it won't adversely interact with other medications you're taking.", 
    "Causes": "Bladder stones usually develop when your bladder doesn't empty completely, and the urine forms crystals. Some infections can lead to bladder stones, and sometimes an underlying condition that affects the bladder's ability to hold, store or eliminate urine can result in bladder stone formation. Any foreign materials present in the bladder tend to cause bladder stones.\n\nThe most common conditions that cause bladder stones include:\n\n<ul>\n<li>Prostate gland enlargement. An enlarged prostate (benign prostatic hyperplasia) can cause bladder stones in men. The enlarged prostate can obstruct the flow of urine, preventing complete emptying of the bladder.</li>\n<li>Damaged nerves (neurogenic bladder). Normally, nerves carry messages from your brain to your bladder muscles, directing your bladder muscles to tighten or release. If these nerves are damaged \u2014 from a stroke, spinal cord injury or other health problem \u2014 your bladder may not empty completely.</li>\n</ul>\n\n\nOther possible causes of bladder stones include:\n\n<ul>\n<li>Inflammation. Bladder inflammation, sometimes caused by urinary tract infections or radiation therapy to the pelvis, can lead to bladder stones.</li>\n<li>Medical devices. Bladder catheters \u2014 slender tubes inserted through the urethra to help urine drain from your bladder \u2014 may cause bladder stones. So can objects that accidentally migrate to your bladder, such as a contraceptive device or urinary stent. Mineral crystals, which later become stones, tend to form on the surface of these devices.</li>\n<li>Kidney stones. Stones that form in your kidneys are not the same as bladder stones. They develop in different ways. But small kidney stones may travel down the ureters into your bladder and, if not expelled, can grow into bladder stones.</li>\n</ul>", 
    "Complications": "Bladder stones that aren't expelled \u2014 even those that don't cause symptoms \u2014 can lead to complications, such as:\n\n<ul>\n<li>Chronic bladder dysfunction. Untreated bladder stones can cause long-term urinary problems, such as pain or frequent urination. Bladder stones can also lodge in the opening where urine exits the bladder into the urethra and block urine passage.</li>\n<li>Urinary tract infections. Recurring bacterial infections in your urinary tract may be caused by bladder stones.</li>\n</ul>", 
    "Diagnosis": "Diagnosing bladder stones may involve:\n\n<ul>\n<li>A physical exam. Your doctor will likely feel your lower abdomen to see if your bladder is enlarged (distended) or may perform a rectal exam to determine whether your prostate is enlarged. You'll also discuss any urinary signs or symptoms that you're having.</li>\n<li>Analysis of your urine (urinalysis). A sample of your urine may be collected and examined for microscopic amounts of blood, bacteria and crystallized minerals. A urinalysis also helps determine whether you have a urinary tract infection, which can cause or be the result of bladder stones.</li>\n<li>Computerized tomography (CT). CT uses X-rays and computers to quickly scan and provide clear images of the inside of your body. CT can detect even very small stones and is considered one of the most sensitive tests for identifying all types of bladder stones.</li>\n<li>Ultrasound. An ultrasound, which bounces sound waves off organs and structures in your body to create pictures, can help your doctor detect bladder stones.</li>\n<li>X-ray. An X-ray of your kidneys, ureters and bladder helps your doctor determine whether stones are present in your urinary system. But some types of stones aren't visible on conventional X-rays.</li>\n</ul>", 
    "Id": "syc-20354339", 
    "Overview": "Bladder stones are hard masses of minerals in your bladder. Bladder stones develop when the minerals in concentrated urine crystallize. This often happens when you can't completely empty your bladder.\n\nSigns and symptoms can vary from severe abdominal pain to blood in your urine. Sometimes, bladder stones don't cause any symptoms.\n\nSmall bladder stones may pass without treatment, but some need medications or surgery. Left untreated, bladder stones may lead to infections and other complications.", 
    "Preparing for your appointment": "If you have signs and symptoms of bladder stones, you're likely to start by seeing your family doctor or a general practitioner. However, you may be referred to a doctor who specializes in treating disorders of the urinary tract (urologist).\n\n<b>What you can do</b>\nTo get ready for your appointment, make a list of:\n\n<ul>\n<li>Any symptoms you're experiencing, including any that may seem unrelated to your condition</li>\n<li>Key personal information, including any major stresses or recent life changes</li>\n<li>All medications you're taking, as well as any vitamins or other supplements</li>\n<li>Questions to ask your doctor, in order of importance</li>\n</ul>\n\n\nIn addition:\n\n<ul>\n<li>Be aware of any pre-appointment restrictions. Ask if there's anything you need to do in advance, such as restrict your diet.</li>\n<li>Ask a family member or friend to come with you. Someone who accompanies you may remember information that you missed or forgot.</li>\n</ul>\n\n\nFor bladder stones, some basic questions to ask your doctor include:\n\n<ul>\n<li>Can bladder stones pass without treatment?</li>\n<li>If not, do they need to be removed, and what's the best method?</li>\n<li>What are the risks of the treatment you're proposing?</li>\n<li>What will happen if the stones aren't removed?</li>\n<li>Is there any medication I can take to eliminate bladder stones?</li>\n<li>How can I keep them from coming back?</li>\n<li>I have other health conditions. How can I best manage these conditions together?</li>\n<li>Are there any dietary restrictions that I need to follow?</li>\n<li>Will the stones come back?</li>\n<li>Do you have any printed materials that I can have? What websites do you recommend?</li>\n</ul>\n\n\nDon't hesitate to ask additional questions that may come up during your appointment.\n\n<b>What to expect from your doctor</b>\nYour doctor is likely to ask you a number of questions, such as:\n\n<ul>\n<li>When did you begin experiencing symptoms?</li>\n<li>Have your symptoms been continuous or occasional?</li>\n<li>How severe are your symptoms?</li>\n<li>Have you had a fever or chills?</li>\n<li>Does anything seem to improve your symptoms?</li>\n<li>What, if anything, appears to worsen your symptoms?</li>\n</ul>", 
    "Prevention": "Bladder stones usually result from an underlying condition that's hard to prevent, but you can decrease your chance of developing bladder stones by following these tips:\n\n<ul>\n<li>Ask about unusual urinary symptoms. Early diagnosis and treatment of an enlarged prostate or another urological condition may reduce your risk of developing bladder stones.</li>\n<li>Drink plenty of fluids. Drinking more fluids, especially water, may help prevent bladder stones because fluids dilute the concentration of minerals in your bladder. How much water you should drink depends on your age, size, health and level of activity. Ask your doctor what's an appropriate amount of fluid for you.</li>\n</ul>", 
    "Risk factors": "Bladder stones are common in children in developing countries \u2014 often because of dehydration, infection, abnormalities in the urinary tract and a low-protein diet. In other parts of the world, bladder stones occur primarily in adults.\n\nConditions that raise the risk of bladder stones include:\n\n<ul>\n<li>Bladder outlet obstruction. Any condition that blocks the flow of urine from your bladder to the urethra \u2014 the tube that carries urine out of your body \u2014 can lead to bladder stone formation. Bladder outlet obstruction has many causes, but the most common is an enlarged prostate.</li>\n<li>Neurogenic bladder. Stroke, spinal cord injuries, Parkinson's disease, diabetes, a herniated disk and a number of other problems can damage the nerves that control bladder function. Some people with neurogenic bladder may also have an enlarged prostate or other type of bladder outlet obstruction, which further increases the risk of stones.</li>\n</ul>", 
    "Symptoms": "Sometimes bladder stones \u2014 even large ones \u2014 cause no problems. But if a stone irritates the bladder wall or blocks the flow of urine, signs and symptoms may include:\n\n<ul>\n<li>Lower abdominal pain</li>\n<li>In men, pain or discomfort in the penis or testicles</li>\n<li>A burning sensation during urination</li>\n<li>Frequent urination</li>\n<li>Difficulty urinating or interrupted urine flow</li>\n<li>Blood in the urine</li>\n<li>Cloudy or abnormally dark-colored urine</li>\n</ul>", 
    "Title": "Bladder stones", 
    "Treatment": "Bladder stones generally need to be removed. Your doctor may recommend drinking a lot of water each day to help a small stone pass naturally. However, because bladder stones are often caused by the inability to empty the bladder completely, this may not be enough to make the stone pass. Most cases require removal of the stones.\n\n<b>Breaking stones apart</b>\nBladder stones are often removed during a procedure called a cystolitholapaxy (sis-toe-lih-THOL-uh-pak-see). A small tube with a camera at the end (cystoscope) is inserted through your urethra and into your bladder to view the stone. Your doctor then uses a laser, ultrasound or mechanical device to break the stone into small pieces and flushes the pieces from your bladder.\n\nHand-held lithotripters use ultrasonic energy to break up the stone into pieces small enough to pass in the urine. Holmium laser lithotripsy uses a laser to break up the stone.\n\nBefore the procedure, you'll likely be given an anesthetic that numbs the lower part of your body (regional anesthesia) or that makes you unconscious and unable to feel pain (general anesthesia). Complications from a cystolitholapaxy aren't common, but urinary tract infections, fever, a tear in your bladder or bleeding can occur. Your doctor may give you antibiotics before and after the procedure to reduce the risk of infections.\n\nAbout a month after the cystolitholapaxy, your doctor will likely confirm that there are no remaining stone fragments in your bladder.\n\n<b>Surgical removal</b>\nOccasionally, bladder stones that are large or too hard to break up are removed through surgery. In these cases, your doctor makes an incision in your bladder and directly removes the stones."
}