{
    "Aliases": [], 
    "Causes": "Sensitive areas of tight muscle fibers can form in your muscles after injuries or overuse. These sensitive areas are called trigger points. A trigger point in a muscle can cause strain and pain throughout the muscle. When this pain persists and worsens, doctors call it myofascial pain syndrome.", 
    "Clinical trials": "Explore Mayo Clinic studies testing new treatments, interventions and tests as a means to prevent, detect, treat or manage this disease.", 
    "Complications": "Complications associated with myofascial pain syndrome may include:\n\n<ul>\n<li>Sleep problems. Signs and symptoms of myofascial pain syndrome may make it difficult to sleep at night. You may have trouble finding a comfortable sleep position. And if you move at night, you might hit a trigger point and awaken.</li>\n<li>Fibromyalgia. Some research suggests that myofascial pain syndrome may develop into fibromyalgia in some people. Fibromyalgia is a chronic condition that features widespread pain. It's believed that the brains of people with fibromyalgia become more sensitive to pain signals over time. Some doctors believe myofascial pain syndrome may play a role in starting this process.</li>\n</ul>", 
    "Coping and support": "Having a chronic pain condition such as myofascial pain syndrome can be frustrating. Treatment may be only moderately successful for you. It may help to talk to a counselor about the challenges you're facing. Online or in-person support groups also can be helpful by connecting you with people who understand what you're going through.", 
    "Diagnosis": "During the physical exam, your doctor may apply gentle finger pressure to the painful area, feeling for tense areas. Certain ways of pressing on the trigger point can elicit specific responses. For instance, you may experience a muscle twitch.\n\nMuscle pain has many possible causes. Your doctor may recommend other tests and procedures to rule out other causes of muscle pain.", 
    "Id": "syc-20375444", 
    "Lifestyle and home remedies": "Take care of yourself if you have myofascial pain syndrome. Self-care measures to keep your body healthy may make it easier for you to concentrate on coping with your pain. Try to:\n\n<ul>\n<li>Exercise. Gentle exercise can help you cope better with pain. When your pain allows, get moving. Ask your doctor or physical therapist about appropriate exercises.</li>\n<li>Relax. If you're stressed and tense, you may experience more pain. Find ways to relax. Meditating, writing in a journal or talking with friends can all be helpful.</li>\n<li>Take care of your body. Eat a healthy diet full of fruits and vegetables. Get enough sleep so that you wake rested. Take care of your body so that you can put your energy toward coping with your pain.</li>\n</ul>", 
    "Overview": "Myofascial pain syndrome is a chronic pain disorder. In this condition, pressure on sensitive points in your muscles (trigger points) causes pain in the muscle and sometimes in seemingly unrelated parts of your body. This is called referred pain.\n\nThis syndrome typically occurs after a muscle has been contracted repetitively. This can be caused by repetitive motions used in jobs or hobbies or by stress-related muscle tension.\n\nWhile nearly everyone has experienced muscle tension pain, the discomfort associated with myofascial pain syndrome persists or worsens. Treatment options include physical therapy and trigger point injections. Pain medications and relaxation techniques also can help.", 
    "Preparing for your appointment": "Because many of the signs and symptoms of myofascial pain syndrome are similar to various other disorders, you may see several doctors before receiving a diagnosis.\n\n<b>What you can do</b>\nYou're likely to start with a visit to your primary care doctor, who may refer you to a doctor who specializes in diagnosing and treating muscle and joint conditions (rheumatologist). You may get more from your appointment if you do these things beforehand:\n\n<ul>\n<li>Be aware of any pre-appointment restrictions. At the time you make the appointment, be sure to ask if there's anything you need to do in advance to prepare for your evaluation.</li>\n<li>Write down any symptoms you're experiencing, including any that may seem unrelated to the reason for which you scheduled the appointment.</li>\n<li>Make a list of your key medical information, including any other conditions for which you're being treated, and the names of any medications, vitamins or supplements you're taking.</li>\n<li>Consider questions to ask your doctor and write them down. Bring along notepaper and a pen to jot down information as your doctor addresses your questions.</li>\n</ul>\n\n\nFor myofascial pain syndrome, some basic questions to ask your doctor include:\n\n<ul>\n<li>What are the possible causes of my symptoms?</li>\n<li>Is my condition temporary?</li>\n<li>Will I need treatment?</li>\n<li>What treatments are available?</li>\n<li>Do you have any brochures or other printed material that I can take home with me?</li>\n</ul>\n\n\n<b>What to expect from your doctor</b>\nYour doctor or health care provider is likely to ask you a number of questions. Being ready to answer them may reserve time to go over any points you want to spend more time on.\n\nQuestions your doctor might ask include:\n\n<ul>\n<li>What symptoms are you experiencing?</li>\n<li>Where do you feel the most intense area of pain?</li>\n<li>How long have you been experiencing these symptoms?</li>\n<li>Do your symptoms seem to come and go, or are they persistent?</li>\n<li>Does anything seem to make your symptoms better?</li>\n<li>Does anything seem to make your symptoms worse?</li>\n<li>Are your symptoms worse in the morning or at any particular time of the day?</li>\n<li>Do you perform repetitive tasks on the job or for hobbies?</li>\n<li>Have you had any recent injuries?</li>\n<li>Does your pain cause you to limit your activities?</li>\n</ul>", 
    "Risk factors": "Myofascial pain syndrome is caused by a stimulus, such as muscle tightness, that sets off trigger points in your muscles. Factors that may increase your risk of muscle trigger points include:\n\n<ul>\n<li>Muscle injury. An acute muscle injury or continual muscle stress may lead to the development of trigger points. For example, a spot within or near a strained muscle may become a trigger point. Repetitive motions and poor posture also may increase your risk.</li>\n<li>Stress and anxiety. People who frequently experience stress and anxiety may be more likely to develop trigger points in their muscles. One theory holds that these people may be more likely to clench their muscles, a form of repeated strain that leaves muscles susceptible to trigger points.</li>\n</ul>", 
    "Symptoms": "Signs and symptoms of myofascial pain syndrome may include:\n\n<ul>\n<li>Deep, aching pain in a muscle</li>\n<li>Pain that persists or worsens</li>\n<li>A tender knot in a muscle</li>\n<li>Difficulty sleeping due to pain</li>\n</ul>\n\n\n<b>When to see a doctor</b>\nMake an appointment with your doctor if you experience muscle pain that doesn't go away. Nearly everyone experiences muscle pain from time to time. But if your muscle pain persists despite rest, massage and similar self-care measures, make an appointment with your doctor.", 
    "Title": "Myofascial pain syndrome", 
    "Treatment": "Treatment for myofascial pain syndrome typically includes medications, trigger point injections or physical therapy. No conclusive evidence supports using one therapy over another, but exercise is considered an important component of any treatment program. Discuss your options and treatment preferences with your doctor. You may need to try more than one approach to find pain relief.\n\n<b>Medications</b>\nMedications used for myofascial pain syndrome include:\n\n<ul>\n<li>Pain relievers. Over-the-counter pain relievers such as ibuprofen (Advil, Motrin IB, others) and naproxen sodium (Aleve) may help some people. Or your doctor may prescribe stronger pain relievers. Some are available in patches that you place on your skin.</li>\n<li>Antidepressants. Many types of antidepressants can help relieve pain. For some people with myofascial pain syndrome, amitriptyline appears to reduce pain and improve sleep.</li>\n<li>Sedatives. Clonazepam (Klonopin) helps treat the anxiety and poor sleep that sometimes occur with myofascial pain syndrome. It must be used carefully because it can cause sleepiness and can be habit-forming.</li>\n</ul>\n\n\n<b>Therapy</b>\nA physical therapist can devise a plan to help relieve your pain based on your signs and symptoms. Physical therapy to relieve myofascial pain syndrome may involve:\n\n<ul>\n<li>Stretching. A physical therapist may lead you through gentle stretching exercises to help ease the pain in your affected muscle. If you feel trigger point pain when stretching, the physical therapist may spray a numbing solution on your skin.</li>\n<li>Posture training. Improving your posture can help relieve myofascial pain, particularly in your neck. Exercises that strengthen the muscles surrounding your trigger point will help you avoid overworking any one muscle.</li>\n<li>Massage. A physical therapist may massage your affected muscle to help relieve your pain. The physical therapist may use long hand strokes along your muscle or place pressure on specific areas of your muscle to release tension.</li>\n<li>Heat. Applying heat, via a hot pack or a hot shower, can help relieve muscle tension and reduce pain.</li>\n<li>Ultrasound. This type of therapy uses sound waves to increase blood circulation and warmth, which may promote healing in muscles affected by myofascial pain syndrome.</li>\n</ul>\n\n\n<b>Needle procedures</b>\nInjecting a numbing agent or a steroid into a trigger point can help relieve pain. In some people, just the act of inserting the needle into the trigger point helps break up the muscle tension. Called dry needling, this technique involves inserting a needle into several places in and around the trigger point. Acupuncture also appears to be helpful for some people who have myofascial pain syndrome."
}