{
    "Aliases": [], 
    "Causes": "Myelofibrosis occurs when blood stem cells develop a genetic mutation. Blood stem cells have the ability to replicate and divide into the multiple specialized cells that make up your blood \u2014 red blood cells, white blood cells and platelets.\n\nIt's not clear what causes the genetic mutation in blood stem cells.\n\nAs the mutated blood stem cells replicate and divide, they pass along the mutation to the new cells. As more and more of these mutated cells are created, they begin to have serious effects on blood production.\n\nThe end result is usually a lack of red blood cells \u2014 which causes the anemia characteristic of myelofibrosis \u2014 and an overabundance of white blood cells with varying levels of platelets. In people with myelofibrosis, the normally spongy bone marrow becomes scarred.\n\nSeveral specific gene mutations have been identified in people with myelofibrosis. The most common is the Janus kinase 2 (JAK2) gene. Knowing whether the JAK2 gene or others are associated with your myelofibrosis helps determine your prognosis and your treatment.", 
    "Clinical trials": "Explore Mayo Clinic studies testing new treatments, interventions and tests as a means to prevent, detect, treat or manage this disease.", 
    "Complications": "Complications that may result from myelofibrosis include:\n\n<ul>\n<li>Increased pressure on blood flowing into your liver. Normally, blood flow from the spleen enters your liver through a large blood vessel called the portal vein. Increased blood flow from an enlarged spleen can lead to high blood pressure in the portal vein (portal hypertension). This in turn can force excess blood into smaller veins in your stomach and esophagus, potentially causing these veins to rupture and bleed.</li>\n<li>Pain. A severely enlarged spleen can cause abdominal pain and back pain.</li>\n<li>Growths in other areas of your body. Formation of blood cells outside the bone marrow (extramedullary hematopoiesis) may create clumps (tumors) of developing blood cells in other areas of your body. These tumors may cause problems such as bleeding in your gastrointestinal system, coughing or spitting up of blood, compression of your spinal cord, or seizures.</li>\n<li>Bleeding complications. As the disease progresses, your platelet count tends to drop below normal (thrombocytopenia) and platelet function becomes impaired. An insufficient number of platelets can lead to easy bleeding \u2014 an issue that you and your doctor will want to discuss if you're contemplating any type of surgical procedure.</li>\n<li>Painful bones and joints. Myelofibrosis can lead to hardening of your bone marrow and inflammation of the connective tissue that is found around the bones. This may cause bone and joint pain.</li>\n<li>Acute leukemia. Some people with myelofibrosis eventually develop acute myelogenous leukemia, a type of blood and bone marrow cancer that progresses rapidly.</li>\n</ul>", 
    "Coping and support": "Living with myelofibrosis may involve coping with pain, discomfort, uncertainty and the side effects of long-term treatments. The following steps may help ease the challenge and make you feel more comfortable and in charge of your health:\n\n<ul>\n<li>Learn about your condition. Myelofibrosis is fairly uncommon. To help you find accurate and trustworthy information, ask your doctor to direct you toward appropriate sources. Based on these sources, find out as much as you can about myelofibrosis.</li>\n<li>\n    Get support. Take this opportunity to lean on family and friends. It can be tough to talk about your diagnosis, and you'll likely get a range of reactions when you share the news. But talking about your diagnosis and passing along information about your condition can help. So can the offers of help that often result.\n    You may also benefit from joining a support group, either in your community or on the internet. A support group of people with the same or a similar diagnosis, such as a myeloproliferative disorder or another rare disease, can be a source of useful information, practical tips and encouragement.\n    </li>\n<li>\n    Explore ways to cope with the disease. If you have myelofibrosis, you may face frequent blood work and medical appointments and regular bone marrow exams. Some days, you may feel sick even if you don't look sick. And some days, you may just be sick of being sick.\n    Try to find some activities that help, whether it's yoga, exercise, social outings or adopting a more flexible work schedule. Talk to a counselor, therapist or oncology social worker if you need help dealing with the emotional challenges of this disease.\n    </li>\n</ul>", 
    "Diagnosis": "Tests and procedures used to diagnose myelofibrosis include:\n\n<ul>\n<li>Physical exam. Your doctor will perform a physical exam. This includes a check of vital signs, such as pulse and blood pressure, as well as checks of your lymph nodes, spleen and abdomen.</li>\n<li>Blood tests. In myelofibrosis, a complete blood count typically shows abnormally low levels of red blood cells, a sign of anemia common in people with myelofibrosis. White blood cell and platelet counts are usually abnormal, too. Often, white blood cell levels are higher than normal, although in some people they may be normal or even lower than normal. Platelet counts may be higher or lower than normal.</li>\n<li>Imaging tests. Imaging tests, such as X-rays and magnetic resonance imaging (MRI), may be used to gather more information about your myelofibrosis.</li>\n<li>\n    Bone marrow examination. Bone marrow biopsy and aspiration can confirm a diagnosis of myelofibrosis.\n    In a bone marrow biopsy, a needle is used to draw a sample of hardened bone marrow from your hipbone. During the same procedure, another type of needle may be used to withdraw a sample of the liquid portion of your bone marrow. The samples are studied in a laboratory to determine the numbers and types of cells found.\n    </li>\n<li>Gene tests. A sample of your blood or bone marrow may be analyzed in a laboratory to look for gene mutations in your blood cells that are associated with myelofibrosis.</li>\n</ul>", 
    "Id": "syc-20355057", 
    "Overview": "Myelofibrosis is a serious bone marrow disorder that disrupts your body's normal production of blood cells. The result is extensive scarring in your bone marrow, leading to severe anemia, weakness, fatigue and often an enlarged spleen.\n\nMyelofibrosis is an uncommon type of chronic leukemia \u2014 a cancer that affects the blood-forming tissues in the body. Myelofibrosis belongs to a group of diseases called myeloproliferative disorders.\n\nMany people with myelofibrosis get progressively worse, and some may eventually develop a more serious form of leukemia. Yet it's also possible to have myelofibrosis and live symptom-free for years. Treatment for myelofibrosis, which focuses on relieving symptoms, can involve a variety of options.", 
    "Preparing for your appointment": "If your primary doctor suspects that you have myelofibrosis \u2014 often based on an enlarged spleen and abnormal blood tests \u2014 you're likely to be referred to a doctor who specializes in blood disorders (hematologist).\n\nBecause appointments can be brief, and because there's often a lot of ground to cover, it's a good idea to be well-prepared. Here's some information to help you get ready, and what to expect from your doctor.\n\n<b>What you can do</b>\n<ul>\n<li>Be aware of any pre-appointment restrictions. At the time you make the appointment, be sure to ask if there's anything you need to do in advance, such as restrict your diet.</li>\n<li>Write down any symptoms you're experiencing, including any that may seem unrelated to the reason for which you scheduled the appointment.</li>\n<li>Write down key personal information, including any major stresses or recent life changes.</li>\n<li>Make a list of all medications, vitamins or supplements that you're taking.</li>\n<li>Take a family member or friend along. Sometimes it can be difficult to remember all the information provided during an appointment. Someone who accompanies you may remember something that you missed or forgot.</li>\n<li>Write down questions to ask your doctor.</li>\n</ul>\n\n\nYour time with your doctor is limited, so preparing a list of questions will help you make the most of your time together. List your questions from most important to least important in case time runs out. For myelofibrosis, some basic questions to ask your doctor include:\n\n<ul>\n<li>What is likely causing my symptoms or condition?</li>\n<li>What are other possible causes for my symptoms or condition?</li>\n<li>What kinds of tests do I need?</li>\n<li>Is my condition likely temporary or chronic?</li>\n<li>What is the best course of action?</li>\n<li>What are the alternatives to the primary approach that you're suggesting?</li>\n<li>I have these other health conditions. How can I best manage them together?</li>\n<li>Are there any restrictions that I need to follow?</li>\n<li>Should I see a specialist? What will that cost, and will my insurance cover it?</li>\n<li>Is there a generic alternative to the medicine you're prescribing me?</li>\n<li>Are there any brochures or other printed material that I can take with me? What websites do you recommend?</li>\n<li>What will determine whether I should plan for a follow-up visit?</li>\n</ul>\n\n\nIn addition to the questions that you've prepared to ask your doctor, don't hesitate to ask additional questions during your appointment.\n\n<b>What to expect from your doctor</b>\nYour doctor is likely to ask you a number of questions. Being ready to answer them may allow more time to cover other points you want to address. Your doctor may ask:\n\n<ul>\n<li>When did you first begin experiencing symptoms?</li>\n<li>Have your symptoms been continuous or occasional?</li>\n<li>How severe are your symptoms?</li>\n<li>What, if anything, seems to improve your symptoms?</li>\n<li>What, if anything, appears to worsen your symptoms?</li>\n</ul>", 
    "Risk factors": "Although the cause of myelofibrosis often isn't known, certain factors are known to increase your risk:\n\n<ul>\n<li>Age. Myelofibrosis can affect anyone, but it's most often diagnosed in people older than 50.</li>\n<li>Another blood cell disorder. A small portion of people with myelofibrosis develop the condition as a complication of essential thrombocythemia or polycythemia vera.</li>\n<li>Exposure to certain chemicals. Myelofibrosis has been linked to exposure to industrial chemicals such as toluene and benzene.</li>\n<li>Exposure to radiation. People exposed to high levels of radiation, such as survivors of atomic bomb attacks, have an increased risk of myelofibrosis. Some people who received a radioactive contrast material called Thorotrast, used until the 1950s, have developed myelofibrosis.</li>\n</ul>", 
    "Symptoms": "Myelofibrosis usually develops slowly. In its very early stages, many people don't experience signs or symptoms.\n\nAs disruption of normal blood cell production increases, signs and symptoms may include:\n\n<ul>\n<li>Feeling tired, weak or short of breath, usually because of anemia</li>\n<li>Pain or fullness below your ribs on the left side, due to an enlarged spleen</li>\n<li>Easy bruising</li>\n<li>Easy bleeding</li>\n<li>Excessive sweating during sleep (night sweats)</li>\n<li>Fever</li>\n<li>Bone pain</li>\n</ul>\n\n\nMake an appointment with your doctor if you have any persistent signs and symptoms that worry you.", 
    "Title": "Myelofibrosis", 
    "Treatment": "<b>Immediate treatment may not be necessary</b>\nIf you aren't experiencing symptoms and don't show signs of anemia, an enlarged spleen or other complications, treatment usually isn't necessary. Instead, your doctor is likely to monitor your health closely through regular checkups and exams, watching for any signs of disease progression. Some people remain symptom-free for years.\n\n<b>Treatments that target gene mutations</b>\nResearchers are working to develop medications that target the JAK2 gene mutation that's thought to be responsible for myelofibrosis.\n\nThe first of these medications approved by the Food and Drug Administration is ruxolitinib (Jakafi). Ruxolitinib and the other medications being developed and tested in clinical trials have been helpful in decreasing enlarged spleens and reducing symptoms associated with myelofibrosis.\n\nIt's not yet clear whether these medications can help people with myelofibrosis live longer. But preliminary indications from clinical trials show promise.\n\nRuxolitinib works by stopping the action of all JAK-related genes in the body, including those found in both healthy and diseased cells. Because healthy cells are affected, side effects may occur, such as bleeding, infection, bruising, dizziness and headaches.\n\n<b>Treatments for anemia</b>\nIf myelofibrosis is causing severe anemia, you may consider treatment, such as:\n\n<ul>\n<li>Blood transfusions. If you have severe anemia, periodic blood transfusions can increase your red blood cell count and ease anemia symptoms, such as fatigue and weakness. Sometimes, medications can help improve anemia.</li>\n<li>Androgen therapy. Taking a synthetic version of the male hormone androgen may promote red blood cell production and may improve severe anemia in some people. Androgen therapy does have risks, including liver damage and masculinizing effects in women.</li>\n<li>Thalidomide and related medications. Thalidomide (Thalomid) and the related drugs lenalidomide (Revlimid) and pomalidomide (Pomalyst) may help improve blood cell counts and may also relieve an enlarged spleen. These drugs may be combined with steroid medications. Thalidomide and related drugs carry a risk of serious birth defects and require special precautions. This type of treatment is being studied in clinical trials.</li>\n</ul>\n\n\n<b>Treatments for enlarged spleen</b>\nIf an enlarged spleen is causing complications, your doctor may recommend treatment. Your options may include:\n\n<ul>\n<li>Chemotherapy. Chemotherapy drugs may reduce the size of an enlarged spleen and relieve related symptoms, such as pain.</li>\n<li>Radiation therapy. Radiation uses high-powered beams, such as X-rays, to kill cells. Radiation therapy can help reduce the size of the spleen, when surgical removal isn't an option.</li>\n<li>\n    Surgical removal of the spleen (splenectomy). If the size of your spleen becomes so large that it causes you pain and begins to cause harmful complications \u2014 and if you don't respond to other forms of therapy \u2014 you may benefit from having your spleen surgically removed.\n    Risks include infection, excessive bleeding and blood clot formation leading to stroke or pulmonary embolism. After the procedure, some people experience liver enlargement and an abnormal increase in platelet count.\n    </li>\n<li>Targeted drug therapy. Ruxolitinib, which targets the gene mutation found in most cases of myelofibrosis, may be used to reduce symptoms of an enlarged spleen.</li>\n</ul>\n\n\n<b>Stem cell transplant</b>\nAllogeneic stem cell transplantation \u2014 stem cell transplantation from a suitable donor \u2014 is the only treatment that has the potential to cure myelofibrosis. But it also has a high risk of life-threatening side effects.\n\nMany people with myelofibrosis, because of age, stability of the disease or other health problems, don't qualify for this treatment.\n\nPrior to a stem cell transplant, also called a bone marrow transplant, you receive very high doses of chemotherapy or radiation therapy to destroy your diseased bone marrow. Then you receive infusions of stem cells from a compatible donor.\n\nAfter the procedure, there's a risk that the new stem cells will react against your body's healthy tissues, causing potentially fatal damage (graft-versus-host disease). Other risks include organ or blood vessel damage, cataracts, and the development of a different cancer later on.\n\nDoctors are studying a reduced-intensity transplant, also called a nonmyeloablative transplant or minitransplant. Reduced-intensity transplants use lower doses of pretransplant chemotherapy and radiation. Although reduced-intensity transplantation has side effects, doctors hope that it will one day be a safer option for older adults.\n\n<b>Supportive (palliative) care</b>\nPalliative care is specialized medical care that focuses on providing relief from pain and other symptoms of a serious illness. Palliative care specialists work with you, your family and your other doctors to provide an extra layer of support that complements your ongoing care. Palliative care can be used while undergoing other aggressive treatments, such as surgery, chemotherapy or radiation therapy.\n\nWhen palliative care is used along with all of the other appropriate treatments, people with cancer may feel better and live longer.\n\nPalliative care is provided by a team of doctors, nurses and other specially trained professionals. Palliative care teams aim to improve the quality of life for people with cancer and their families. This form of care is offered alongside curative or other treatments you may be receiving."
}