{
    "Aliases": [], 
    "Causes": "The backbone (spine) runs from your neck to your lower back. The bones of your spine form a spinal canal, which protects your spinal cord (nerves).\n\nSome people are born with a small spinal canal. But most spinal stenosis occurs when something happens to narrow the open space within the spine. Causes of spinal stenosis may include:\n\n<ul>\n<li>Overgrowth of bone. Wear and tear damage from osteoarthritis on your spinal bones can prompt the formation of bone spurs, which can grow into the spinal canal. Paget's disease, a bone disease that usually affects adults, also can cause bone overgrowth in the spine.</li>\n<li>Herniated disks. The soft cushions that act as shock absorbers between your vertebrae tend to dry out with age. Cracks in a disk's exterior may allow some of the soft inner material to escape and press on the spinal cord or nerves.</li>\n<li>Thickened ligaments. The tough cords that help hold the bones of your spine together can become stiff and thickened over time. These thickened ligaments can bulge into the spinal canal.</li>\n<li>Tumors. Abnormal growths can form inside the spinal cord, within the membranes that cover the spinal cord or in the space between the spinal cord and vertebrae. These are uncommon and identifiable on spine imaging with an MRI or CT.</li>\n<li>Spinal injuries. Car accidents and other trauma can cause dislocations or fractures of one or more vertebrae. Displaced bone from a spinal fracture may damage the contents of the spinal canal. Swelling of nearby tissue immediately after back surgery also can put pressure on the spinal cord or nerves.</li>\n</ul>", 
    "Clinical trials": "Explore Mayo Clinic studies testing new treatments, interventions and tests as a means to prevent, detect, treat or manage this disease.", 
    "Complications": "Rarely, untreated severe spinal stenosis may progress and cause permanent:\n\n<ul>\n<li>Numbness</li>\n<li>Weakness</li>\n<li>Balance problems</li>\n<li>Incontinence</li>\n<li>Paralysis</li>\n</ul>", 
    "Diagnosis": "To diagnose spinal stenosis, your doctor may ask you about signs and symptoms, discuss your medical history, and conduct a physical examination. He or she may order several imaging tests to help pinpoint the cause of your signs and symptoms.\n\n<b>Imaging tests</b>\nThese tests may include:\n\n<ul>\n<li>X-rays. An X-ray of your back can reveal bony changes, such as bone spurs that may be narrowing the space within the spinal canal. Each X-ray involves a small exposure to radiation.</li>\n<li>Magnetic resonance imaging (MRI). An MRI uses a powerful magnet and radio waves to produce cross-sectional images of your spine. The test can detect damage to your disks and ligaments, as well as the presence of tumors. Most important, it can show where the nerves in the spinal cord are being pressured.</li>\n<li>CT or CT myelogram. If you can't have an MRI, your doctor may recommend computerized tomography (CT), a test that combines X-ray images taken from many different angles to produce detailed, cross-sectional images of your body. In a CT myelogram, the CT scan is conducted after a contrast dye is injected. The dye outlines the spinal cord and nerves, and it can reveal herniated disks, bone spurs and tumors.</li>\n</ul>", 
    "Id": "syc-20352961", 
    "Lifestyle and home remedies": "You'll have regular follow-up appointments with your doctor to monitor your condition. He or she may suggest that you incorporate several home treatments into your life, including:\n\n<ul>\n<li>Trying pain relievers. Over-the-counter medications such as aspirin, ibuprofen (Advil, Motrin IB, others), naproxen (Aleve, others) and acetaminophen (Tylenol, others) can help reduce pain and inflammation.</li>\n<li>Applying hot or cold packs.Some symptoms of cervical spinal stenosis may be relieved by applying heat or ice to your neck.</li>\n<li>Maintaining a healthy weight. Aim to keep a healthy weight. If you're overweight or obese, your doctor may recommend that you lose weight. Losing excess weight can reduce pain by taking some stress off the back, particularly the lumbar portion of the spine.</li>\n<li>Exercising. Flexing, stretching and strengthening exercises may help open up the spine. Talk with a physical therapist or your doctor about what exercises are safe to do at home.</li>\n<li>Using a cane or walker. In addition to providing stability, these assistive devices can help relieve pain by allowing you to bend forward while walking.</li>\n</ul>", 
    "Overview": "Spinal stenosis is a narrowing of the spaces within your spine, which can put pressure on the nerves that travel through the spine. Spinal stenosis occurs most often in the lower back and the neck.\n\nSome people with spinal stenosis may not have symptoms. Others may experience pain, tingling, numbness and muscle weakness. Symptoms can worsen over time.\n\nSpinal stenosis is most commonly caused by wear-and-tear changes in the spine related to osteoarthritis. In severe cases of spinal stenosis, doctors may recommend surgery to create additional space for the spinal cord or nerves.\n\n<b>Types of spinal stenosis</b>\nThe types of spinal stenosis are classified according to where on the spine the condition occurs. It's possible to have more than one type. The two main types of spinal stenosis are:\n\n<ul>\n<li>Cervical stenosis. In this condition, the narrowing occurs in the part of the spine in your neck.</li>\n<li>Lumbar stenosis. In this condition, the narrowing occurs in the part of the spine in your lower back. It's the most common form of spinal stenosis.</li>\n</ul>\n\n\nSpinal stenosis care at Mayo Clinic", 
    "Preparing for your appointment": "If your primary care doctor thinks you have spinal stenosis, he or she may refer you to a doctor who specializes in disorders of the nervous system (neurologist). Depending on the severity of your symptoms, you may also need to see a spinal surgeon (neurosurgeon, orthopedic surgeon).\n\n<b>What you can do</b>\nBefore the appointment, you might want to prepare a list of answers to the following questions:\n\n<ul>\n<li>When did you first notice this problem?</li>\n<li>Has it worsened with time?</li>\n<li>Have your parents or siblings ever had similar symptoms?</li>\n<li>Do you have other medical problems?</li>\n<li>What medications or supplements do you take regularly?</li>\n<li>What spine surgeries or injections have you had done?</li>\n</ul>\n\n\n<b>What to expect from your doctor</b>\nYour doctor may ask some of the following questions:\n\n<ul>\n<li>Do you have pain? Where is it?</li>\n<li>Does any position ease the pain or worsen it?</li>\n<li>Do you have any weakness, numbness or tingling?</li>\n<li>Do you feel more clumsy lately?</li>\n<li>Have you had any difficulty controlling your bowel or bladder?</li>\n<li>What treatments have you tried already for these problems?</li>\n</ul>", 
    "Risk factors": "Most people with spinal stenosis are over the age of 50. Though degenerative changes can cause spinal stenosis in younger people, other causes need to be considered. These include trauma, congenital spinal deformity such as scoliosis, and a genetic disease affecting bone and muscle development throughout the body. Spinal imaging can differentiate these causes.", 
    "Symptoms": "Many people have evidence of spinal stenosis on an MRI or CT scan but may not have symptoms. When they do occur, they often start gradually and worsen over time. Symptoms vary depending on the location of the stenosis and which nerves are affected.\n\n<b>In the neck (cervical spine)</b>\n<ul>\n<li>Numbness or tingling in a hand, arm, foot or leg</li>\n<li>Weakness in a hand, arm, foot or leg</li>\n<li>Problems with walking and balance</li>\n<li>Neck pain</li>\n<li>In severe cases, bowel or bladder dysfunction (urinary urgency and incontinence)</li>\n</ul>\n\n\n<b>In the lower back (lumbar spine)</b>\n<ul>\n<li>Numbness or tingling in a foot or leg</li>\n<li>Weakness in a foot or leg</li>\n<li>Pain or cramping in one or both legs when you stand for long periods of time or when you walk, which usually eases when you bend forward or sit</li>\n<li>Back pain</li>\n</ul>\n\n\n<b>When to see a doctor</b>\nSee your doctor if you have any of the symptoms listed.", 
    "Title": "Spinal stenosis", 
    "Treatment": "Treatment for spinal stenosis depends on the location of the stenosis and the severity of your signs and symptoms.\n\nTalk to your doctor about the treatment that's best for your situation. If your symptoms are mild or you aren't experiencing any, your doctor may monitor your condition with regular follow-up appointments. He or she may offer some self-care tips that you can do at home. If these don't help, he or she may recommend medications or physical therapy. Surgery may be an option if other treatments haven't helped.\n\n<b>Medications</b>\nYour doctor may prescribe:\n\n<ul>\n<li>Pain relievers. Pain medications such as ibuprofen (Advil, Motrin IB, others), naproxen (Aleve, others) and acetaminophen (Tylenol, others) may be used temporarily to ease the discomfort of spinal stenosis. They are typically recommended for a short time only, as there's little evidence of benefit from long-term use.</li>\n<li>Antidepressants. Nightly doses of tricyclic antidepressants, such as amitriptyline, can help ease chronic pain.</li>\n<li>Anti-seizure drugs. Some anti-seizure drugs, such as gabapentin (Neurontin) and pregabalin (Lyrica), are used to reduce pain caused by damaged nerves.</li>\n<li>Opioids. Drugs that contain codeine-related drugs such as oxycodone (Oxycontin, Roxicodone) and hydrocodone (Norco, Vicodin) may be useful for short-term pain relief. Opioids may also be considered cautiously for long-term treatment. But they carry the risk of serious side effects, including becoming habit forming.</li>\n</ul>\n\n\n<b>Physical therapy</b>\nIt's common for people who have spinal stenosis to become less active, in an effort to reduce pain. But that can lead to muscle weakness, which can result in more pain. A physical therapist can teach you exercises that may help:\n\n<ul>\n<li>Build up your strength and endurance</li>\n<li>Maintain the flexibility and stability of your spine</li>\n<li>Improve your balance</li>\n</ul>\n\n\n<b>Steroid injections</b>\nYour nerve roots may become irritated and swollen at the spots where they are being pinched. While injecting a steroid medication (corticosteroid) into the space around impingement won't fix the stenosis, it can help reduce the inflammation and relieve some of the pain.\n\nSteroid injections don't work for everyone. And repeated steroid injections can weaken nearby bones and connective tissue, so you can only get these injections a few times a year.\n\n<b>Decompression procedure</b>\nWith this procedure, needle-like instruments are used to remove a portion of a thickened ligament in the back of the spinal column to increase spinal canal space and remove nerve root impingement. Only patients with lumbar spinal stenosis and a thickened ligament are eligible for this type of decompression.\n\nThe procedure is called percutaneous image-guided lumbar decompression (PILD). It has also been called minimally invasive lumbar decompression (MILD), but to avoid confusion with minimally invasive surgical procedures, doctors have adopted the term PILD.\n\nBecause PILD is performed without general anesthesia, it may be an option for some people with high surgical risks from other medical problems.\n\n<b>Surgery</b>\nSurgery may be considered if other treatments haven't helped or if you're disabled by your symptoms. The goals of surgery include relieving the pressure on your spinal cord or nerve roots by creating more space within the spinal canal. Surgery to decompress the area of stenosis is the most definitive way to try to resolve symptoms of spinal stenosis.\n\nResearch shows that spine surgeries result in fewer complications when done by highly experienced surgeons. Don't hesitate to ask about your surgeon's experience with spinal stenosis surgery. If you have any doubts, get a second opinion.\n\nExamples of surgical procedures to treat spinal stenosis include:\n\n<ul>\n<li>\n    Laminectomy. This procedure removes the back part (lamina) of the affected vertebra. A laminectomy is sometimes called decompression surgery because it eases the pressure on the nerves by creating more space around them.\n    In some cases, that vertebra may need to be linked to adjoining vertebrae with metal hardware and a bone graft (spinal fusion) to maintain the spine's strength.\n    </li>\n<li>Laminotomy. This procedure removes only a portion of the lamina, typically carving a hole just big enough to relieve the pressure in a particular spot.</li>\n<li>Laminoplasty. This procedure is performed only on the vertebrae in the neck (cervical spine). It opens up the space within the spinal canal by creating a hinge on the lamina. Metal hardware bridges the gap in the opened section of the spine.</li>\n<li>\n    Minimally invasive surgery. This approach to surgery removes bone or lamina in a way that reduces the damage to nearby healthy tissue. This results in less need to do fusions.\n    While fusions are a useful way to stabilize the spine and reduce pain, by avoiding them you can reduce potential risks, such as post-surgical pain and inflammation and disease in nearby sections of the spine. In addition to reducing the need for spinal fusion, a minimally invasive approach to surgery has been shown to result in a shorter recovery time.\n    </li>\n</ul>\n\n\nIn most cases, these space-creating operations help reduce spinal stenosis symptoms. But some people's symptoms stay the same or get worse after surgery. Other surgical risks include infection, a tear in the membrane that covers the spinal cord, a blood clot in a leg vein and neurological deterioration.\n\n<b>Potential future treatments</b>\nClinical trials are underway to test the use of stem cells to treat degenerative spinal disease, an approach sometimes called regenerative medicine. Genomic medicine trials are also being done, which could result in new gene therapies for spinal stenosis.\n\n<b>Alternative medicine</b>\nIntegrative medicine and alternative therapies may be used with conventional treatments to help you cope with spinal stenosis pain. Examples include:\n\n<ul>\n<li>Massage therapy</li>\n<li>Chiropractic treatment</li>\n<li>Acupuncture</li>\n</ul>\n\n\nTalk with your doctor if you're interested in these treatment options."
}