{
    "Aliases": [], 
    "Causes": "Scorpions are arthropods \u2014 a relative of insects, spiders and crustaceans. The average scorpion is about 3 inches (7.6 centimeters) long. Scorpions have eight legs and a pair of lobster-like pinchers and a tail that curves up. They sting rather than bite, using the stinger in their tails. The venom itself contains a complex mix of toxins that affect the nervous system (neurotoxins).\n\nScorpions are nocturnal creatures that resist stinging unless provoked or attacked. They can control the amount of venom they release \u2014 depending on how threatened they feel \u2014 so some stings may be almost entirely venomless.", 
    "Complications": "The very old and the very young are most likely to die of untreated venomous scorpion bites. The cause is usually heart or respiratory failure occurring some hours after the sting. Very few deaths from scorpion stings have been reported in the United States.\n\nAnother possible complication of scorpion stings, though rare, is a severe allergic reaction (anaphylaxis).", 
    "Diagnosis": "Your history and symptoms are usually all your doctor needs to make a diagnosis. If you have severe symptoms, you may have blood or imaging tests to check for the effects of the venom on your liver, heart, lungs and other organs.", 
    "Id": "syc-20353859", 
    "Lifestyle and home remedies": "If a scorpion stings you or your child, follow the suggestions below. Healthy adults may not need further treatment, and these tips can help keep children safe until they see a doctor:\n\n<ul>\n<li>Clean the wound with mild soap and water.</li>\n<li>Apply a cool compress to the affected area for 10 minutes. Remove it for 10 minutes, then reapply it. This helps reduce pain and slow the venom's spread. This is most effective in the first two hours after a sting occurs.</li>\n<li>Don't consume food or liquids if you're having difficulty swallowing.</li>\n<li>Take an over-the-counter pain reliever as needed. You might try ibuprofen (Motrin IB, Children's Motrin, others) to help ease discomfort.</li>\n</ul>\n\n\nCheck your or your child's immunization records to be sure a tetanus vaccine is up to date.", 
    "Overview": "Scorpion stings are painful but rarely life-threatening. Young children, and sometimes the very old, are most at risk of serious complications.\n\nIn the United States, the bark scorpion, found mainly in the desert Southwest, is the only scorpion species with venom potent enough to cause severe symptoms. Worldwide, only about 30 of the estimated 1,500 species of scorpions produce venom toxic enough to be fatal. But with millions of scorpion stings occurring each year, often in areas with a lack of access to medical care, deaths due to scorpion stings are a significant public health problem in parts of Mexico, South America, North Africa, the Middle East and India.\n\nHealthy adults usually don't need treatment for scorpion stings. But if a child is stung, the same amount of venom may have more-serious consequences, so seek immediate medical care.", 
    "Prevention": "Scorpions tend to avoid contact. If you live in an area where scorpions are common, prevent chance meetings by doing the following:\n\n<ul>\n<li>Remove piles of rocks or lumber from around your house and don't store firewood against the house or inside.</li>\n<li>Keep grass closely mowed, and prune bushes and overhanging tree branches, which can provide a path to your roof for scorpions.</li>\n<li>Caulk cracks, install weather stripping around doors and windows, and repair torn screens.</li>\n<li>Inspect and shake out gardening gloves, boots and clothing that haven't been used for a while. Always wear shoes.</li>\n<li>When hiking or camping, wear long sleeves and pants and check your sleeping bag for scorpions before you crawl in.</li>\n<li>When traveling in areas where lethal scorpions are common \u2014 especially if you're camping or staying in rustic accommodations \u2014 shake out your clothing, bedding and packages often. Sleep under a mosquito net. If you have a known allergy to insect stings, carry an epinephrine injector, such as EpiPen.</li>\n</ul>\n\n\nIf you do find a scorpion near your home or campsite, use tongs to gently remove the scorpion away from people.", 
    "Risk factors": "Certain factors can increase your risk of a scorpion sting:\n\n<ul>\n<li>Geography. In the United States, scorpions mainly live in the desert Southwest, primarily Arizona, New Mexico and parts of California. Worldwide, they're found most often in Mexico, NorthAfrica, South America, the Middle East, and India.</li>\n<li>Environment. Bark scorpions live under rocks, logs and tree bark \u2014 hence, the name. You're especially likely to encounter one when you're hiking or camping. Bark scorpions are also the most common house scorpion, hiding in firewood, garbage pails, bed linen and shoes.</li>\n<li>Travel. Not only are you more likely to encounter more-dangerous scorpions while traveling in certain parts of the world, you might bring them home with you. Scorpions can hide in clothing, luggage and shipping containers.</li>\n</ul>", 
    "Symptoms": "Most scorpion stings cause only localized signs and symptoms, such as pain and warmth at the site of the sting. Sometimes these symptoms may be quite intense, even if you don't see redness or swelling.\n\nSigns and symptoms at the site of the sting may include:\n\n<ul>\n<li>Pain, which can be intense</li>\n<li>Numbness and tingling in the area around the sting</li>\n<li>Slight swelling in the area around the sting</li>\n</ul>\n\n\nSigns and symptoms related to widespread (systemic) venom effects usually occur in children who are stung and may include:\n\n<ul>\n<li>Difficulty breathing</li>\n<li>Muscle twitching or thrashing</li>\n<li>Unusual head, neck and eye movements</li>\n<li>Drooling</li>\n<li>Sweating</li>\n<li>Nausea and vomiting</li>\n<li>High blood pressure (hypertension)</li>\n<li>Accelerated heart rate (tachycardia) or irregular heart beat (arrhythmia)</li>\n<li>Restlessness or excitability or inconsolable crying (in children)</li>\n</ul>\n\n\nAs with other stinging insects, such as bees and wasps, it is possible for people who have previously been stung by scorpions to also have allergic reactions with subsequent stings. These subsequent stings are sometimes severe enough to cause a life-threatening condition called anaphylaxis. Signs and symptoms in these cases are similar to those of anaphylaxis caused by bee stings and can include hives, trouble breathing, and nausea and vomiting.\n\nGet immediate medical care for a child stung by a scorpion.\n\nCall your local poison control center for advice if you're concerned about a scorpion sting. To reach a poison control center in the United States, call Poison Help at 800-222-1222.\n\nSeek prompt medical care if you've been stung by a scorpion and begin to experience widespread symptoms.", 
    "Title": "Scorpion sting", 
    "Treatment": "Most scorpion stings don't need medical treatment. But if symptoms are severe, you may need to receive care in a hospital. You may be given sedatives for muscle spasms and drugs through a vein (intravenously) to treat high blood pressure, agitation and pain.\n\nThe use of scorpion antivenom remains controversial because of concerns about effectiveness, side effects (more of a concern with older, less purified formulations), cost and access to care. Antivenom is most effective if given before symptoms develop, so children seen in remote rural emergency rooms, where access to medical centers and intensive care units is limited, are often treated with antivenom as a precaution. Also, if you have more-severe symptoms, your doctor may recommend the antivenom.\n\nYour treatment will also depend on whether your doctor determines that your signs and symptoms are due to an allergic reaction rather than the effects of the venom."
}