{
    "Aliases": [], 
    "Causes": "The plague bacteria, Yersinia pestis, is transmitted to humans through the bites of fleas that have previously fed on infected animals, such as:\n\n<ul>\n<li>Rats </li>\n<li>Mice</li>\n<li>Squirrels</li>\n<li>Rabbits</li>\n<li>Prairie dogs</li>\n<li>Chipmunks </li>\n<li>Voles</li>\n</ul>\n\n\nThe bacteria can also enter your body if a break in your skin comes into contact with an infected animal's blood. Domestic cats and dogs can become infected with plague from flea bites or from eating infected rodents.\n\nPneumonic plague, which affects the lungs, is spread by inhaling infectious droplets coughed into the air by a sick animal or person.", 
    "Complications": "Complications of plague may include:\n\n<ul>\n<li>Death. Most people who receive prompt antibiotic treatment survive bubonic plague. Untreated plague has a high fatality rate.</li>\n<li>Gangrene. Blood clots in the tiny blood vessels of your fingers and toes can disrupt blood flow and cause that tissue to die. The portions of your fingers and toes that have died may need to be removed (amputated).</li>\n<li>Meningitis. Rarely, plague may cause inflammation of the membranes surrounding your brain and spinal cord (meningitis).</li>\n</ul>", 
    "Diagnosis": "If your doctor suspects plague, he or she may look for the Yersinia pestis bacteria in samples taken from your:\n\n<ul>\n<li>Buboes. If you have the swollen lymph nodes (buboes) typical of bubonic plague, your doctor may use a needle to take a fluid sample from them (aspiration). </li>\n<li>Blood. You'll generally have Yersinia pestis bacteria present in your bloodstream only if you have septicemic plague.</li>\n<li>Lungs. To check for pneumonic plague, your doctor will take mucus (sputum) or fluid from your airways using a thin, flexible tube inserted through your nose or mouth and down your throat (endoscopy).</li>\n</ul>", 
    "Id": "syc-20351291", 
    "Overview": "Plague is a serious bacterial infection that's transmitted primarily by fleas. The organism that causes plague, Yersinia pestis, lives in small rodents found most commonly in rural and semirural areas of Africa, Asia and the United States. The organism is transmitted to humans who are bitten by fleas that have fed on infected rodents or by humans handling infected animals.\n\nKnown as the Black Death during medieval times, today plague occurs in fewer than 5,000 people a year worldwide. It can be deadly if not treated promptly with antibiotics. The most common form of plague results in swollen and tender lymph nodes \u2014 called buboes \u2014 in the groin, armpits or neck. The rarest and deadliest form of plague affects the lungs, and it can be spread from person to person.", 
    "Preparing for your appointment": "If you suspect you have plague, you're likely to start by going to an emergency room. You may eventually need to see a doctor specializing in infectious disease.\n\n<b>What you can do</b>\nIf you have respiratory symptoms, you may need to wear a surgical mask to your appointment to help prevent spreading the disease to others. You might also want to:\n\n<ul>\n<li>Tell your doctor about any relevant travel or possible plague exposures you've had.</li>\n<li>Write down any symptoms you're experiencing, including when they started.</li>\n<li>Write down key personal information, including whether you've recently traveled to an area where plague is common and whether you've handled wild animals.</li>\n<li>Make a list of all medications, vitamins or supplements you're taking.</li>\n<li>Bring a family member or friend along, if possible. Sometimes it can be difficult to retain all the information you get during an appointment. Someone who accompanies you may remember something that you missed or forgot.</li>\n<li>Write down questions to ask your doctor.</li>\n</ul>\n\n\nFor plague, some basic questions to ask your doctor include:\n\n<ul>\n<li>What is likely causing my symptoms or condition?</li>\n<li>Other than the most likely cause, what are other possible causes for my symptoms or condition?</li>\n<li>What tests do I need?</li>\n<li>What is the best course of action?</li>\n<li>Will I need to be in isolation?</li>\n<li>What are the alternatives to the primary approach you're suggesting?</li>\n<li>I have other health conditions. How can I best manage them together?</li>\n<li>Are there any restrictions I need to follow?</li>\n</ul>\n\n\nDon't hesitate to ask any other questions.\n\n<b>What to expect from your doctor</b>\nYour doctor is likely to ask you a number of questions, including:\n\n<ul>\n<li>When did you begin experiencing symptoms?</li>\n<li>Have you recently traveled to areas where plague is common?</li>\n<li>Have you recently handled wild animals or cats?</li>\n<li>Are you aware of having been bitten by fleas?</li>\n<li>Have your symptoms been continuous or occasional?</li>\n<li>How severe are your symptoms?</li>\n<li>What, if anything, seems to improve your symptoms?</li>\n<li>What, if anything, appears to worsen your symptoms?</li>\n</ul>", 
    "Prevention": "No effective vaccine is available, but scientists are working to develop one. Antibiotics can help prevent infection if you're at risk of or have been exposed to plague. Take the following precautions if you live or spend time in areas where plague outbreaks occur:\n\n<ul>\n<li>Rodent-proof your home. Remove potential nesting areas, such as piles of brush, rock, firewood and junk. Don't leave pet food in areas that rodents can easily access. If you become aware of a rodent infestation, take steps to control it.</li>\n<li>Keep your pets free of fleas. Ask your veterinarian which flea-control products will work best.</li>\n<li>Wear gloves. When handling potentially infected animals, wear gloves to prevent contact between your skin and harmful bacteria.</li>\n<li>Use insect repellent. Closely supervise your children and pets when spending time outside in areas with large rodent populations. Use insect repellent.</li>\n</ul>", 
    "Risk factors": "The risk of developing plague is very low. Worldwide, only a few thousand people develop plague each year. However, your plague risk can be increased depending on the area where you live and travel, your job, and your hobbies.\n\n<b>Location</b>\nPlague outbreaks are most common in rural and semirural areas that are overcrowded, have poor sanitation and have a high rodent population. The greatest number of human plague infections occur in Africa, especially the African island of Madagascar. Plague has also been transmitted to humans in parts of Asia and South America.\n\nIn the United States, plague is rare, but it has been known to occur in several western and southwestern states \u2014 primarily New Mexico, Arizona, California and Colorado.\n\n<b>Job</b>\nVeterinarians and their assistants have a higher risk of coming into contact with domestic cats and dogs that may have become infected with plague. People who work outdoors in areas where plague-infected animals are common are also at higher risk of getting plague.\n\n<b>Hobbies</b>\nCamping, hunting or hiking in areas where plague-infected animals reside can increase your risk of being bitten by an infected flea.", 
    "Symptoms": "Plague is divided into three main types \u2014 bubonic, septicemic and pneumonic \u2014 depending on which part of your body is involved. Signs and symptoms vary depending on the type of plague.\n\n<b>Bubonic plague</b>\nBubonic plague is the most common variety of the disease. It's named after the swollen lymph nodes (buboes) that typically develop in the first week after you become infected. Buboes may be:\n\n<ul>\n<li>Situated in the groin, armpit or neck </li>\n<li>About the size of a chicken egg</li>\n<li>Tender and firm to the touch </li>\n</ul>\n\n\nOther bubonic plague signs and symptoms may include:\n\n<ul>\n<li>Sudden onset of fever and chills </li>\n<li>Headache </li>\n<li>Fatigue or malaise </li>\n<li>Muscle aches </li>\n</ul>\n\n\n<b>Septicemic plague</b>\nSepticemic plague occurs when plague bacteria multiply in your bloodstream. Signs and symptoms include:\n\n<ul>\n<li>Fever and chills</li>\n<li>Extreme weakness</li>\n<li>Abdominal pain, diarrhea and vomiting</li>\n<li>Bleeding from your mouth, nose or rectum, or under your skin</li>\n<li>Shock</li>\n<li>Blackening and death of tissue (gangrene) in your extremities, most commonly your fingers, toes and nose</li>\n</ul>\n\n\n<b>Pneumonic plague</b>\nPneumonic plague affects the lungs. It's the least common variety of plague but the most dangerous, because it can be spread from person to person via cough droplets. Signs and symptoms can begin within a few hours after infection, and may include:\n\n<ul>\n<li>Cough, with bloody mucus (sputum)</li>\n<li>Difficulty breathing</li>\n<li>Nausea and vomiting</li>\n<li>High fever</li>\n<li>Headache</li>\n<li>Weakness</li>\n<li>Chest pain</li>\n</ul>\n\n\nPneumonic plague progresses rapidly and may cause respiratory failure and shock within two days of infection. Pneumonic plague needs to be treated with antibiotics within a day after signs and symptoms first appear, or the infection is likely to be fatal.\n\n<b>When to see a doctor</b>\nIf you begin to feel ill and have been in an area where plague has been known to occur, seek immediate medical attention. You'll need treatment with medication to prevent serious complications or death.\n\nIn the United States, plague has been transmitted to humans in several western and southwestern states \u2014 primarily New Mexico, Arizona, California and Colorado. Worldwide, plague is most common in rural and semirural parts of Africa (especially the African island of Madagascar), South America and Asia.", 
    "Title": "Plague", 
    "Treatment": "<b>Medications</b>\nAs soon as your doctor suspects that you have plague, you'll need to be admitted to a hospital. You'll receive powerful antibiotics, such as:\n\n<ul>\n<li>Gentamicin</li>\n<li>Doxycycline (Monodox, Vibramycin, others)</li>\n<li>Ciprofloxacin (Cipro)</li>\n<li>Levofloxacin</li>\n<li>Moxifloxacin (Avelox)</li>\n<li>Chloramphenicol</li>\n</ul>"
}