{
    "Aliases": [], 
    "Causes": "It's not clear what causes atypical hyperplasia.\n\nAtypical hyperplasia forms when breast cells become abnormal in number, size, shape, growth pattern and appearance. The appearance of the abnormal cells determines the type of atypical hyperplasia:\n\n<ul>\n<li>Atypical ductal hyperplasia causes abnormal cells that appear similar to the cells of the breast ducts.</li>\n<li>Atypical lobular hyperplasia causes abnormal cells that appear similar to the cells of the breast lobules.</li>\n</ul>\n\n\nAtypical hyperplasia is thought to be part of the complex transition of cells that may evolve into breast cancer. The progression to breast cancer typically involves:\n\n<ul>\n<li>Hyperplasia. The process begins when normal cell development and growth become disrupted, causing an overproduction of normal-looking cells (hyperplasia).</li>\n<li>Atypical hyperplasia. The excess cells stack upon one another and begin to take on an abnormal appearance. At this point, the cells have some, but not all, of the changes needed to become cancer.</li>\n<li>Noninvasive (in situ) cancer. The abnormal cells continue to progress in appearance and multiply, evolving into in situ cancer, in which cancer cells remain confined to the area where they start growing.</li>\n<li>Invasive cancer. Left untreated, the cancer cells may eventually become invasive cancer, invading surrounding tissue, blood vessels or lymph channels.</li>\n</ul>", 
    "Clinical trials": "Explore Mayo Clinic studies testing new treatments, interventions and tests as a means to prevent, detect, treat or manage this disease.", 
    "Complications": "<b>Increased risk of breast cancer</b>\nIf you've been diagnosed with atypical hyperplasia, you have an increased risk of developing breast cancer in the future.\n\nWomen with atypical hyperplasia have a lifetime risk of breast cancer that is about four times higher than that of women who don't have atypical hyperplasia. The risk of breast cancer is the same for women with atypical ductal hyperplasia and women with atypical lobular hyperplasia.\n\nRecent research has revealed that the risk of breast cancer increases in the years after an atypical hyperplasia diagnosis:\n\n<ul>\n<li>At 5 years after diagnosis, about 7 percent of women with atypical hyperplasia may develop breast cancer. Put another way, for every 100 women diagnosed with atypical hyperplasia, 7 can be expected to develop breast cancer five years after diagnosis. And 93 will not be diagnosed with breast cancer.</li>\n<li>At 10 years after diagnosis, about 13 percent of women with atypical hyperplasia may develop breast cancer. That means for every 100 women diagnosed with atypical hyperplasia, 13 can be expetected to develop breast cancer 10 years after diagnosis. And 87 will not develop breast cancer.</li>\n<li>At 25 years after diagnosis, about 30 percent of women with atypical hyperplasia may develop breast cancer. Put another way, for every 100 women diagnosed with atypical hyperplasia, 30 can be expected to develop breast cancer 25 years after diagnosis. And 70 will not develop breast cancer.</li>\n</ul>\n\n\nBeing diagnosed with atypical hyperplasia at a younger age may increase the risk of breast cancer even more. For example, women diagnosed with atypical hyperplasia before age 45 seem to have a greater risk of developing breast cancer during their lifetimes.\n\nDiscuss your risk of breast cancer with your doctor. Understanding your risk can help you make decisions about breast cancer screening and risk-reducing medications.", 
    "Coping and support": "An atypical hyperplasia diagnosis can be stressful, since it increases your risk of breast cancer. Not knowing what the future holds may make you fearful for your health.\n\nWith time, every woman develops her own way of coping with atypical hyperplasia and her increased risk of breast cancer. Until you find your way of coping, consider trying to:\n\n<ul>\n<li>\n    Understand your individual risk of breast cancer. Breast cancer risk statistics can be overwhelming and frightening. Breast cancer risk statistics are developed by following many women with atypical hyperplasia and monitoring them for breast cancer. While these statistics can give you an idea of your prognosis, they can't tell you about your own risk of breast cancer.\n    Ask your doctor to explain your individual risk of breast cancer. Once you understand your personal risk of breast cancer, you can feel more comfortable making decisions about your treatment.\n    </li>\n<li>\n    Go to all of your follow-up appointments. If you've been diagnosed with atypical hyperplasia, your doctor may recommend more-frequent breast cancer screening exams and tests. You may find yourself distracted with worry before each exam because you're afraid that your doctor will find breast cancer.\n    Don't let your fear stop you from going to your appointments. Instead, accept that fear is normal and find ways to cope. Relax, write your feelings in a journal or spend time with a close friend who can lift your spirits.\n    </li>\n<li>\n    Maintain your health. Make healthy lifestyle choices to keep yourself healthy. For instance, maintain a healthy weight, eat a healthy diet full of fruits and vegetables, get enough sleep so that you wake feeling rested, and limit the amount of alcohol you drink, if you choose to drink alcohol.\n    You can't control whether or not you get breast cancer, but you can keep healthy so that you're well enough for breast cancer treatment, should you need it.\n    </li>\n<li>\n    Talk with other women in your situation. Talk to other women who have been diagnosed with atypical hyperplasia. Ask your doctor about support groups in your community.\n    Another option is online message boards. Breast cancer organizations, such as BreastCancer.org, offer message boards for women with a high risk of breast cancer to connect with each other.\n    </li>\n</ul>", 
    "Diagnosis": "Atypical hyperplasia is usually discovered after a biopsy to evaluate a suspicious area found on a mammogram or during a clinical breast exam. During the biopsy, tissue samples are removed and sent for analysis by a specially trained doctor (pathologist). The tissue samples are examined under a microscope, and the pathologist identifies atypical hyperplasia, if it's present.\n\nTo further evaluate atypical hyperplasia, your doctor may recommend surgery to remove a larger sample of tissue to look for breast cancer. A diagnosis of atypical hyperplasia may lead to a surgical biopsy (wide local excision or lumpectomy) to remove all of the affected tissue. The pathologist looks at the larger specimen for evidence of in situ or invasive cancer.", 
    "Id": "syc-20369773", 
    "Overview": "Atypical hyperplasia is a precancerous condition that affects cells in the breast. Atypical hyperplasia describes an accumulation of abnormal cells in the breast.\n\nAtypical hyperplasia isn't cancer, but it can be a forerunner to the development of breast cancer. Over the course of your lifetime, if the atypical hyperplasia cells keep dividing and become more abnormal, this can transition into noninvasive breast cancer (carcinoma in situ) or invasive breast cancer.\n\nIf you've been diagnosed with atypical hyperplasia, you have an increased risk of developing breast cancer in the future. For this reason, doctors often recommend intensive breast cancer screening and medications to reduce breast cancer risk.", 
    "Preparing for your appointment": "If a mammogram reveals a suspicious area in your breast, your doctor may refer you to a breast health specialist or a specialized breast center.\n\n<b>What you can do</b>\nBecause appointments can be brief, and because there's often a lot of ground to cover, it's a good idea to be well-prepared. To prepare for your appointment, try to:\n\n<ul>\n<li>Be aware of any pre-appointment restrictions. At the time you make the appointment, be sure to ask if there's anything you need to do in advance, such as restrict your diet.</li>\n<li>Write down any symptoms you're experiencing, including any that may seem unrelated to the reason for which you scheduled the appointment.</li>\n<li>Write down key personal information, including any major stresses or recent life changes.</li>\n<li>Make a list of all medications, vitamins or supplements that you're taking.</li>\n<li>Consider taking a family member or friend along. Sometimes it can be difficult to absorb all the information provided during an appointment. Someone who accompanies you may remember something that you missed or forgot.</li>\n</ul>\n\n\n<b>Questions to ask</b>\nYour time with your doctor is limited, so prepare a list of questions ahead of time. List your questions from most important to least important in case time runs out. For atypical hyperplasia, some basic questions to ask your doctor include:\n\n<ul>\n<li>Can you explain my pathology report to me?</li>\n<li>Do I need more tests?</li>\n<li>Will I need surgery for atypical hyperplasia?</li>\n<li>Are there medications I can take to lower my risk of breast cancer?</li>\n<li>What can I do to reduce my risk of breast cancer?</li>\n<li>What signs or symptoms of breast cancer should I watch for?</li>\n<li>How often should I have a mammogram to screen for breast cancer?</li>\n<li>Should I also have an MRI to screen for breast cancer?</li>\n<li>What would you recommend to a friend or family member in my situation?</li>\n<li>Are there any restrictions that I need to follow?</li>\n<li>Should I see a breast health specialist? What will that cost, and will my insurance cover it?</li>\n<li>Should I consider genetic counseling?</li>\n<li>Are there any brochures or other printed material that I can take with me? What websites do you recommend?</li>\n</ul>\n\n\nIn addition to the questions that you've prepared, don't hesitate to ask other questions that come to mind during your appointment.\n\n<b>What to expect from your doctor</b>\nYour doctor is likely to ask you a number of questions. Being ready to answer them may allow more time later to cover other points you want to address. Your doctor may ask:\n\n<ul>\n<li>Do you have a family history of breast cancer?</li>\n<li>Do you have a family history of other types of cancer?</li>\n<li>Have you had a breast biopsy before? Do you know the results of previous breast biopsies?</li>\n</ul>", 
    "Symptoms": "Atypical hyperplasia usually doesn't cause any specific symptoms.\n\n<b>When to see a doctor</b>\nMake an appointment with your doctor if you have any signs or symptoms that worry you.\n\nAtypical hyperplasia typically doesn't cause symptoms, but it may cause changes to appear on a mammogram. Atypical hyperplasia is usually discovered during a breast biopsy to investigate an abnormality found on a mammogram. Sometimes atypical hyperplasia is discovered on a biopsy done for a different condition.", 
    "Title": "Atypical hyperplasia of the breast", 
    "Treatment": "Atypical hyperplasia is generally treated with surgery to remove the abnormal cells and to make sure no in situ or invasive cancer also is present in the area. Doctors often recommend more intensive screening for breast cancer and medications to reduce your breast cancer risk.\n\n<b>Follow-up tests to monitor for breast cancer</b>\nYour doctor may recommend you undergo tests to screen for breast cancer. This may increase the chance that breast cancer is detected early, when a cure is more likely. Talk about your breast cancer screening options with your doctor. Your options may include:\n\n<ul>\n<li>Self-exams for breast awareness in order to develop breast familiarity and to detect any unusual breast changes</li>\n<li>Clinical breast exams by your health care provider annually</li>\n<li>Screening mammograms annually</li>\n<li>Screening breast MRI, depending on other risk factors, such as dense breasts, a strong family history or a genetic predisposition to breast cancer</li>\n</ul>\n\n\n<b>Ways to reduce your risk of breast cancer</b>\nTo reduce your risk of developing breast cancer, your doctor may recommend that you:\n\n<ul>\n<li>\n    Take preventive medications. Treatment with a selective estrogen receptor modulator, such as tamoxifen or raloxifene (Evista), for five years may reduce the risk of breast cancer.\n    These drugs work by blocking estrogen from binding to estrogen receptors in breast tissue. Estrogen is thought to fuel the growth of some breast cancers.\n    Tamoxifen is the only drug approved for use in premenopausal women.\n    Another option for postmenopausal women may be aromatase inhibitors, such as exemestane (Aromasin) and anastrozole (Arimidex), which decrease production of estrogen in the body.\n    </li>\n<li>Avoid menopausal hormone therapy. Researchers have concluded that combination hormone therapy to treat symptoms of menopause \u2014 estrogen plus progestin \u2014 increases breast cancer risk in postmenopausal women. Many breast cancers depend on hormones for growth.</li>\n<li>Participate in a clinical trial. Clinical trials test new treatments not yet available to the public at large that may prove helpful in reducing breast cancer risk associated with atypical hyperplasia. Ask your doctor if you're a candidate for any clinical trials.</li>\n<li>\n    Consider risk-reducing (prophylactic) mastectomy. For women at very high risk of breast cancer, risk-reducing mastectomy \u2014 surgery to remove one or both breasts \u2014 reduces the risk of developing breast cancer in the future.\n    You might be considered at very high risk of breast cancer if you have a genetic mutation in one of the breast cancer genes or you have a very strong family history of breast cancer that suggests a likelihood of having such a genetic mutation.\n    But this surgery isn't right for everyone. Discuss with your doctor the risks, benefits and limitations of this risk-reducing surgery in light of your personal circumstances.\n    If you have a strong family history of breast cancer, you might benefit from meeting with a genetic counselor to evaluate your risk of carrying a genetic mutation and the role of genetic testing in your situation.\n    </li>\n</ul>"
}