{
    "Aliases": [], 
    "Causes": "Lupus nephritis is often caused by lupus. In lupus, your immune system makes proteins that attack your tissues and organs. Lupus nephritis is caused when the proteins harm the kidneys' ability to filter out waste. This results in kidney inflammation and might lead to blood in the urine, protein in the urine, high blood pressure, poor kidney function, or kidney failure.", 
    "Clinical trials": "Explore Mayo Clinic studies testing new treatments, interventions and tests as a means to prevent, detect, treat or manage this disease.", 
    "Diagnosis": "To diagnose lupus nephritis you might have blood tests and be asked to collect your urine for one day to measure how well your kidneys are working. You also might have a special dye injected into your arm to measure how well your kidneys are filtering. The doctor might remove and study a sample of kidney tissue to diagnose lupus nephritis. This is called a kidney biopsy.", 
    "Id": "syc-20354335", 
    "Overview": "Lupus nephritis is a type of kidney inflammation. It's a common complication in people who have systemic lupus erythematosus \u2014 more commonly known as lupus.\n\nLupus is an autoimmune disease in which your immune system produces proteins called autoantibodies that attack your own tissues and organs.\n\nLupus nephritis occurs when lupus autoantibodies affect structures in your kidneys that filter out waste. This causes kidney inflammation and may lead to blood in the urine (hematuria), protein in the urine (proteinuria), high blood pressure, impaired kidney function or even kidney failure.", 
    "Symptoms": "Symptoms of lupus nephritis might include protein in your urine and foamy looking urine. You might have high blood pressure and a higher than normal level of a waste product created by your body called creatinine. You also might have swelling in your hands, ankles, and feet.", 
    "Title": "Lupus nephritis", 
    "Treatment": "There's no cure for lupus nephritis. Treatment aims to make symptoms improve or disappear and keep the disease from getting worse. You may take drugs to control blood pressure and follow a special diet low in protein and salt. For severe lupus nephritis, you might take drugs that stop your immune system from attacking healthy cells. If lupus nephritis leads to kidney failure, you might need dialysis, a procedure that removes extra fluids and waste from your blood by filtering your blood through a machine. If your kidneys no longer work, you might need a new kidney from a donor."
}