{
    "Aliases": [], 
    "Causes": "Angina is caused by reduced blood flow to your heart muscle. Your blood carries oxygen, which your heart muscle needs to survive. When your heart muscle isn't getting enough oxygen, it causes a condition called ischemia.\n\nThe most common cause of reduced blood flow to your heart muscle is coronary artery disease (CAD). Your heart (coronary) arteries can become narrowed by fatty deposits called plaques. This is called atherosclerosis.\n\nThis reduced blood flow is a supply problem \u2014 your heart is not getting enough oxygen-rich blood. You may wonder why you don't always have angina if your heart arteries are narrowed due to fatty buildup.\n\nThis is because during times of low oxygen demand \u2014 when you're resting, for example \u2014 your heart muscle may be able to get by on the reduced amount of blood flow without triggering angina symptoms. But when you increase the demand for oxygen, such as when you exercise, this can cause angina.\n\n<ul>\n<li>Stable angina. Stable angina is usually triggered by physical exertion. When you climb stairs, exercise or walk, your heart demands more blood, but it's harder for the muscle to get enough blood when your arteries are narrowed. Besides physical activity, other factors such as emotional stress, cold temperatures, heavy meals and smoking also can narrow arteries and trigger angina.</li>\n<li>\n    Unstable angina. If fatty deposits (plaques) in a blood vessel rupture or a blood clot forms, it can quickly block or reduce flow through a narrowed artery, suddenly and severely decreasing blood flow to your heart muscle. Unstable angina can also be caused by blood clots that block or partially block your heart's blood vessels.\n    Unstable angina worsens and isn't relieved by rest or your usual medications. If the blood flow doesn't improve, your heart is deprived of oxygen and a heart attack occurs. Unstable angina is dangerous and requires emergency treatment.\n    </li>\n<li>Prinzmetal's angina. This type of angina is caused by a spasm in a coronary artery in which the artery temporarily narrows. This narrowing reduces blood flow to your heart, causing chest pain. Emotional stress, smoking and use of the illegal drug cocaine may trigger this type of angina.</li>\n</ul>", 
    "Clinical trials": "Explore Mayo Clinic studies testing new treatments, interventions and tests as a means to prevent, detect, treat or manage this disease.", 
    "Complications": "The chest pain that occurs with angina can make doing some normal activities, such as walking, uncomfortable. However, the most dangerous complication is a heart attack.\n\n<b>Common signs and symptoms of a heart attack include:</b>\n<ul>\n<li>Pressure, fullness or a squeezing pain in the center of your chest that lasts for more than a few minutes</li>\n<li>Pain extending beyond your chest to your shoulder, arm, back, or even to your teeth and jaw</li>\n<li>Increasing episodes of chest pain</li>\n<li>Prolonged pain in the upper abdomen</li>\n<li>Shortness of breath</li>\n<li>Sweating</li>\n<li>Impending sense of doom</li>\n<li>Fainting</li>\n<li>Nausea and vomiting</li>\n</ul>\n\n\nIf you have any of these symptoms, seek emergency medical attention immediately.", 
    "Diagnosis": "To diagnose angina, your doctor will start by doing a physical exam and asking about your symptoms. You'll also be asked about any risk factors, including whether you have a family history of heart disease.\n\nThere are several tests your doctor may order to help confirm whether you have angina:\n\n<ul>\n<li>Electrocardiogram (ECG or EKG). Each beat of your heart is triggered by an electrical impulse generated from special cells in your heart. An electrocardiogram records these electrical signals as they travel through your heart. Your doctor can look for patterns among these heartbeats to see if the blood flow through your heart has been slowed or interrupted or if you're having a heart attack.</li>\n<li>\n    Stress test. Sometimes angina is easier to diagnose when your heart is working harder. During a stress test, you exercise by walking on a treadmill or pedaling a stationary bicycle.\n    While exercising, your blood pressure is monitored and your ECG readings are watched. Other tests also may be conducted while you're undergoing stress testing. If you're unable to exercise, you may be given drugs that cause your heart to work harder to simulate exercising.\n    </li>\n<li>Echocardiogram. An echocardiogram uses sound waves to produce images of the heart. Your doctor can use these images to identify angina-related problems, including whether there are areas of your heart muscle that have been damaged by poor blood flow. An echocardiogram is sometimes given during a stress test, and this can show if there are areas of your heart that are not getting enough blood.</li>\n<li>\n    Nuclear stress test. A nuclear stress test helps measure blood flow to your heart muscle at rest and during stress. It is similar to a routine stress test, but during a nuclear stress test, a radioactive substance is injected into your bloodstream.\n    This substance mixes with your blood and travels to your heart. A special scanner \u2014 which detects the radioactive material in your heart \u2014 creates images of your heart muscle. Inadequate blood flow to any part of your heart will show up on the images because not as much of the radioactive substance is getting there.\n    </li>\n<li>Chest X-ray. This test takes images of your heart and lungs. This is to look for other conditions that might explain your symptoms and to see if you have an enlarged heart.</li>\n<li>Blood tests. Certain heart enzymes slowly leak out into your blood if your heart has been damaged by a heart attack. Samples of your blood can be tested for the presence of these enzymes.</li>\n<li>\n    Coronary angiography. Coronary angiography uses X-ray imaging to examine the inside of your heart's blood vessels. It's part of a general group of procedures known as cardiac catheterization.\n    During coronary angiography, a type of dye that's visible by X-ray machine is injected into the blood vessels of your heart. The X-ray machine rapidly takes a series of images (angiograms), offering a detailed look at the inside of your blood vessels.\n    </li>\n<li>Cardiac computerized tomography (CT) scan. In a cardiac CT scan, you lie on a table inside a doughnut-shaped machine. An X-ray tube inside the machine rotates around your body and collects images of your heart and chest, which can show if any of your heart's arteries are narrowed or if your heart is enlarged.</li>\n<li>Cardiac MRI. In a cardiac MRI, you lie on a table inside a long tube-like machine that produces detailed images of your heart's structure and its blood vessels.</li>\n</ul>", 
    "Id": "syc-20369373", 
    "Lifestyle and home remedies": "Because heart disease is often the cause of angina, you can reduce or prevent angina by working on reducing your heart disease risk factors. Making lifestyle changes is the most important step you can take.\n\n<ul>\n<li>If you smoke, stop smoking. Avoid exposure to secondhand smoke.</li>\n<li>If you're overweight, talk to your doctor about weight-loss options.</li>\n<li>Eat a healthy diet with limited amounts of saturated fat, lots of whole grains, and many fruits and vegetables.</li>\n<li>Talk to your doctor about starting a safe exercise plan.</li>\n<li>Because angina is often brought on by exertion, it's helpful to pace yourself and take rest breaks.</li>\n<li>Treat diseases or conditions that can increase your risk of angina, such as diabetes, high blood pressure and high blood cholesterol.</li>\n<li>Avoid large meals that make you feel overly full.</li>\n<li>Avoiding stress is easier said than done, but try to find ways to relax. Talk with your doctor about stress-reduction techniques.</li>\n<li>Limit alcohol consumption to two drinks or fewer a day for men, and one drink a day or less for women.</li>\n</ul>", 
    "Overview": "Angina is a type of chest pain caused by reduced blood flow to the heart. Angina (an-JIE-nuh or AN-juh-nuh) is a symptom of coronary artery disease.\n\nAngina, which may also be called angina pectoris, is often described as squeezing, pressure, heaviness, tightness or pain in your chest. Some people with angina symptoms describe angina as feeling like a vise is squeezing their chest or feeling like a heavy weight has been placed on their chest. Angina may be a new pain that needs evaluation by a doctor, or recurring pain that goes away with treatment.\n\nAlthough angina is relatively common, it can still be hard to distinguish from other types of chest pain, such as the pain or discomfort of indigestion. If you have unexplained chest pain, seek medical attention right away.", 
    "Preparing for your appointment": "If you're having sudden chest pain (unstable angina), call 911 or your local emergency number right away.\n\nIf you think you may have recurring angina because your symptoms are brief and only occur during exercise, or you're worried about your angina risk because of a strong family history, make an appointment with your primary care doctor. If angina is found early, your treatment may be easier and more effective.\n\nBecause appointments can be brief, and because there's often a lot to discuss, it's a good idea to be prepared for your appointment. Here's some information to help you get ready for your appointment and what to expect from your doctor.\n\n<b>What you can do</b>\n<ul>\n<li>Be aware of any pre-appointment restrictions. At the time you make the appointment, be sure to ask if there's anything you need to do in advance, such as restrict your diet. For a blood test to check your cholesterol or other indicators of heart disease, for example, you may need to fast for a period of time beforehand.</li>\n<li>Write down any symptoms you're experiencing, including any that may seem unrelated to angina.</li>\n<li>Write down key personal information, including any family history of angina, chest pain, heart disease, stroke, high blood pressure or diabetes and any major stresses or recent life changes.</li>\n<li>Make a list of all medications, vitamins or supplements you're taking.</li>\n<li>Take a family member or friend along, if possible. Sometimes it can be difficult to remember all of the information provided to you during an appointment. Someone who accompanies you may remember something that you missed or forgot.</li>\n<li>Be prepared to discuss your diet and exercise habits. If you don't already follow a diet or exercise routine, be ready to talk to your doctor about any challenges you might face in getting started.</li>\n<li>Write down questions to ask your doctor.</li>\n</ul>\n\n\nYour time with your doctor is limited, so preparing a list of questions will help you make the most of your time together. For angina, some basic questions to ask your doctor include:\n\n<ul>\n<li>What's the most likely cause of my symptoms?</li>\n<li>What kinds of tests will I need? How do I need to prepare for these tests?</li>\n<li>What treatments are available, and what do you recommend?</li>\n<li>What foods should I eat or avoid?</li>\n<li>What's an appropriate level of physical activity?</li>\n<li>I have other health conditions. How can I best manage these conditions together?</li>\n<li>How often do I need to follow up with you about my angina?</li>\n<li>Is there a generic alternative to the medicine you're prescribing me?</li>\n<li>Are there any brochures or other printed material that I can take home with me? What websites do you recommend visiting?</li>\n</ul>\n\n\nIn addition to the questions that you've prepared to ask your doctor, don't hesitate to ask questions during your appointment.\n\n<b>What to expect from your doctor</b>\nYour doctor is likely to ask you a number of questions. Being ready to answer them may reserve time to go over any points you want to spend more time on. Your doctor may ask:\n\n<ul>\n<li>When did you first begin experiencing symptoms?</li>\n<li>Is it pain? Discomfort? Tightness? Pressure? Sharp? Stabbing?</li>\n<li>Where is the pain located? Is it in a specific area or more generalized?</li>\n<li>Does the pain spread to your neck and arms? How and when did the pain start? Did something specific seem to trigger the pain? Does it start gradually and build up or start suddenly?</li>\n<li>How long does it last?</li>\n<li>What makes it worse? Activity? Breathing? Body movement?</li>\n<li>What makes it feel better? Rest? Deep breath? Sitting up?</li>\n<li>Do you have other symptoms with the pain, such as nausea or dizziness?</li>\n<li>Do you have trouble swallowing?</li>\n<li>Do you often have heartburn? (Heartburn can mimic the feeling of angina.)</li>\n</ul>\n\n\n<b>What you can do in the meantime</b>\nIt's never too early to make healthy lifestyle changes, such as quitting smoking, eating healthy foods and becoming more physically active. These are primary lines of defense against angina and its complications, including a heart attack and stroke.", 
    "Prevention": "You can help prevent angina by making the same lifestyle changes that might improve your symptoms if you already have angina. These include:\n\n<ul>\n<li>Quitting smoking</li>\n<li>Monitoring and controlling other health conditions, such as high blood pressure, high cholesterol and diabetes</li>\n<li>Eating a healthy diet and maintaining a healthy weight</li>\n<li>Increasing your physical activity after you get your doctor's OK. Aim for 150 minutes of moderate activity each week. Plus, it's recommended that you get 10 minutes of strength training twice a week and to stretch three times a week for 5 to 10 minutes each time.</li>\n<li>Reducing your stress level</li>\n<li>Limit alcohol consumption to two drinks or fewer a day for men, and one drink a day or less for women.</li>\n<li>Get an annual flu shot to avoid heart complications from the virus</li>\n</ul>", 
    "Risk factors": "The following risk factors increase your risk of coronary artery disease and angina:\n\n<ul>\n<li>Tobacco use. Chewing tobacco, smoking and long-term exposure to secondhand smoke damage the interior walls of arteries \u2014 including arteries to your heart \u2014 allowing deposits of cholesterol to collect and block blood flow.</li>\n<li>Diabetes. Diabetes is the inability of your body to produce enough or respond to insulin properly. Insulin, a hormone secreted by your pancreas, allows your body to use glucose, which is a form of sugar from foods. Diabetes increases the risk of coronary artery disease, which leads to angina and heart attacks by speeding up atherosclerosis and increasing your cholesterol levels.</li>\n<li>High blood pressure. Blood pressure is determined by the amount of blood your heart pumps and the amount of resistance to blood flow in your arteries. Over time, high blood pressure damages arteries by accelerating hardening of the arteries.</li>\n<li>High blood cholesterol or triglyceride levels. Cholesterol is a major part of the deposits that can narrow arteries throughout your body, including those that supply your heart. A high level of the wrong kind of cholesterol, known as low-density lipoprotein (LDL) cholesterol (the \"bad\" cholesterol), increases your risk of angina and heart attacks. A high level of triglycerides, a type of blood fat related to your diet, also is undesirable.</li>\n<li>Family history of heart disease. If a family member has coronary artery disease or has had a heart attack, you're at a greater risk of developing angina.</li>\n<li>Older age. Men older than 45 and women older than 55 have a greater risk than do younger adults.</li>\n<li>Lack of exercise. An inactive lifestyle contributes to high cholesterol, high blood pressure, type 2 diabetes and obesity. However, it is important to talk with your doctor before starting an exercise program.</li>\n<li>Obesity. Obesity raises the risk of angina and heart disease because it's associated with high blood cholesterol levels, high blood pressure and diabetes. Also, your heart has to work harder to supply blood to the excess tissue.</li>\n<li>Stress. Stress can increase your risk of angina and heart attacks. Too much stress, as well as anger, also can raise your blood pressure. Surges of hormones produced during stress can narrow your arteries and worsen angina.</li>\n</ul>", 
    "Symptoms": "Angina symptoms include:\n\n<ul>\n<li>Chest pain or discomfort, possibly described as pressure, squeezing, burning or fullness</li>\n<li>Pain in your arms, neck, jaw, shoulder or back accompanying chest pain</li>\n<li>Nausea</li>\n<li>Fatigue</li>\n<li>Shortness of breath</li>\n<li>Sweating</li>\n<li>Dizziness</li>\n</ul>\n\n\nThese symptoms need to be evaluated immediately by a doctor who can determine whether you have stable angina, or unstable angina that may indicate a possible heart attack.\n\nStable angina is the most common form of angina. It usually happens when you exert yourself and goes away with rest. For example, pain that comes on when you're walking uphill or in the cold weather is often angina.\n\n<b>Characteristics of stable angina</b>\n<ul>\n<li>Develops when your heart works harder, such as when you exercise or climb stairs</li>\n<li>Can usually be predicted and the pain is usually similar to previous types of chest pain you've had</li>\n<li>Lasts a short time, perhaps five minutes or less</li>\n<li>Disappears sooner if you rest or use your angina medication</li>\n</ul>\n\n\nThe severity, duration and type of angina can vary. New or different symptoms may signal a more dangerous form of angina (unstable angina) or a heart attack.\n\n<b>Characteristics of unstable angina (a medical emergency)</b>\n<ul>\n<li>Occurs even at rest</li>\n<li>Is a change in your usual pattern of angina</li>\n<li>Is unexpected</li>\n<li>Is usually more severe and lasts longer than stable angina, maybe 30 minutes or longer</li>\n<li>May not disappear with rest or use of angina medication</li>\n<li>Might signal a heart attack</li>\n</ul>\n\n\nThere's another type of angina, called variant angina or Prinzmetal's angina. This type of angina is rarer. It's caused by a spasm in your heart's arteries that temporarily reduces blood flow.\n\n<b>Characteristics of variant angina (Prinzmetal's angina)</b>\n<ul>\n<li>Usually happens when you're resting</li>\n<li>Is often severe</li>\n<li>May be relieved by angina medication</li>\n</ul>\n\n\n<b>Angina in women</b>\nA woman's angina symptoms can be different from the classic angina symptoms. These differences may lead to delays in seeking treatment. For example, chest pain is a common symptom in women with angina, but it may not be the only symptom or the most prevalent symptom for women. Women may also experience symptoms such as:\n\n<ul>\n<li>Nausea</li>\n<li>Shortness of breath</li>\n<li>Abdominal pain</li>\n<li>Discomfort in the neck, jaw or back</li>\n<li>Stabbing pain instead of chest pressure</li>\n</ul>\n\n\n<b>When to see a doctor</b>\nIf your chest pain lasts longer than a few minutes and doesn't go away when you rest or take your angina medications, it may be a sign you're having a heart attack. Call 911 or emergency medical help. Arrange for transportation. Only drive yourself to the hospital as a last resort.\n\nIf chest discomfort is a new symptom for you, it's important to see your doctor to find out what's causing your chest pain and to get proper treatment. If stable angina gets worse or changes, seek medical attention immediately.", 
    "Title": "Angina", 
    "Treatment": "There are many options for angina treatment, including lifestyle changes, medications, angioplasty and stenting, or coronary bypass surgery. The goals of treatment are to reduce the frequency and severity of your symptoms and to lower your risk of a heart attack and death.\n\nHowever, if you have unstable angina or angina pain that's different from what you usually have, such as occurring when you're at rest, you need immediate treatment in a hospital.\n\n<b>Lifestyle changes</b>\nIf your angina is mild, lifestyle changes may be all you need. Even if your angina is severe, making lifestyle changes can still help. Changes include:\n\n<ul>\n<li>If you smoke, stop smoking. Avoid exposure to secondhand smoke.</li>\n<li>If you're overweight, talk to your doctor about weight-loss options.</li>\n<li>Eat a healthy diet with limited amounts of saturated fat, lots of whole grains, and many fruits and vegetables.</li>\n<li>Talk to your doctor about starting a safe exercise plan.</li>\n<li>Because angina is often brought on by exertion, it's helpful to pace yourself and take rest breaks.</li>\n<li>Treat diseases or conditions that can increase your risk of angina, such as diabetes, high blood pressure and high blood cholesterol.</li>\n<li>Avoid large meals that make you feel overly full.</li>\n<li>Avoiding stress is easier said than done, but try to find ways to relax. Talk with your doctor about stress-reduction techniques.</li>\n<li>Limit alcohol consumption to two drinks or fewer a day for men, and one drink a day or less for women.</li>\n</ul>\n\n\n<b>Medications</b>\nIf lifestyle changes alone don't help your angina, you may need to take medications. These may include:\n\n<ul>\n<li>\n    Nitrates. Nitrates are often used to treat angina. Nitrates relax and widen your blood vessels, allowing more blood to flow to your heart muscle.\n    You might take a nitrate when you have angina-related chest discomfort, before doing something that normally triggers angina (such as physical exertion) or on a long-term preventive basis. The most common form of nitrate used to treat angina is with nitroglycerin tablets put under your tongue.\n    </li>\n<li>Aspirin. Aspirin reduces the ability of your blood to clot, making it easier for blood to flow through narrowed heart arteries. Preventing blood clots can also reduce your risk of a heart attack. But don't start taking a daily aspirin without talking to your doctor first.</li>\n<li>Clot-preventing drugs. Certain medications such as clopidogrel (Plavix), prasugrel (Effient) and ticagrelor (Brilinta) can help prevent blood clots from forming by making your blood platelets less likely to stick together. One of these medications may be recommended if you can't take aspirin.</li>\n<li>Beta blockers. Beta blockers work by blocking the effects of the hormone epinephrine, also known as adrenaline. As a result, the heart beats more slowly and with less force, thereby reducing blood pressure. Beta blockers also help blood vessels relax and open up to improve blood flow, thus reducing or preventing angina.</li>\n<li>\n    Statins. Statins are drugs used to lower blood cholesterol. They work by blocking a substance your body needs to make cholesterol.\n    They may also help your body reabsorb cholesterol that has accumulated in plaques in your artery walls, helping prevent further blockage in your blood vessels. Statins also have many other beneficial effects on your heart arteries.\n    </li>\n<li>Calcium channel blockers. Calcium channel blockers, also called calcium antagonists, relax and widen blood vessels by affecting the muscle cells in the arterial walls. This increases blood flow in your heart, reducing or preventing angina.</li>\n<li>Blood pressure-lowering medications. If you have high blood pressure, diabetes, signs of heart failure or chronic kidney disease, your doctor will likely prescribe a medication to bring your blood pressure down. There are two main classes of drugs to treat blood pressure: angiotensin-converting enzyme (ACE) inhibitors or angiotensin receptor blockers (ARBs).</li>\n<li>Ranolazine (Ranexa). Ranexa can be used alone or with other angina medications, such as calcium channel blockers, beta blockers or nitroglycerin.</li>\n</ul>\n\n\n<b>Medical procedures and surgery</b>\nLifestyle changes and medications are frequently used to treat stable angina. But medical procedures such as angioplasty, stenting and coronary artery bypass surgery may also be used to treat angina.\n\n<ul>\n<li>\n    Angioplasty and stenting. During an angioplasty \u2014 also called a percutaneous coronary intervention (PCI) \u2014 a tiny balloon is inserted into your narrowed artery. The balloon is inflated to widen the artery, and then a small wire mesh coil (stent) is usually inserted to keep the artery open.\n    This procedure improves blood flow in your heart, reducing or eliminating angina. Angioplasty and stenting is a good treatment option if you have unstable angina or if lifestyle changes and medications don't effectively treat your chronic, stable angina.\n    </li>\n<li>Coronary artery bypass surgery. During coronary artery bypass surgery, a vein or artery from somewhere else in your body is used to bypass a blocked or narrowed heart artery. Bypass surgery increases blood flow to your heart and reduces or eliminates angina. It's a treatment option for both unstable angina as well as stable angina that has not responded to other treatments.</li>\n</ul>"
}