{
    "Aliases": [], 
    "Causes": "<b>Primary cough headaches</b>\nThe cause of primary cough headaches is unknown.\n\n<b>Secondary cough headaches</b>\nSecondary cough headaches may be caused by:\n\n<ul>\n<li>A defect in the shape of the skull.</li>\n<li>\n    A defect in the cerebellum, the part of the brain that controls balance. This can occur when a portion of the brain is forced through the opening at the base of the skull (foramen magnum), where only the spinal cord is supposed to be.\n    Some of these types of defects are called Chiari malformations.\n    </li>\n<li>A weakness in one of the blood vessels in the brain (cerebral aneurysm).</li>\n<li>A brain tumor.</li>\n<li>A spontaneous cerebrospinal fluid leak.</li>\n</ul>", 
    "Diagnosis": "Your doctor may recommend brain-imaging tests, such as MRI or CT scans, to rule out other possible causes for your headaches.\n\n<ul>\n<li>Magnetic resonance imaging (MRI). During an MRI, a magnetic field and radio waves are used to create cross-sectional images of the structures within your head to determine any problems that may be causing your cough headache.</li>\n<li>Computerized tomography (CT) scan. These scans use a computer to create cross-sectional images of your brain and head by combining images from an X-ray unit that rotates around your body.</li>\n</ul>", 
    "Id": "syc-20371200", 
    "Overview": "Cough headaches are an unusual type of headache triggered by coughing and other types of straining \u2014 such as from sneezing, blowing your nose, laughing, crying, singing, bending over or having a bowel movement.\n\nDoctors divide cough headaches into two categories. Primary cough headaches are usually harmless, occur in limited episodes and eventually improve on their own. Secondary cough headaches are more serious, as they can be caused by problems within the brain. Treatment of secondary cough headaches may require surgery.", 
    "Preparing for your appointment": "You're likely to start by seeing your family doctor or a general practitioner. However, in some cases when you call to set up an appointment, you may be referred immediately to a neurologist.\n\nBecause appointments can be brief, and because there's often a lot of ground to cover, it's a good idea to be well-prepared for your appointment. Here's some information to help you get ready for your appointment, and know what to expect from your doctor.\n\n<b>What you can do</b>\n<ul>\n<li>Write down any symptoms you're experiencing, including any that may seem unrelated to the reason for which you scheduled the appointment.</li>\n<li>Write down key personal information, including past illnesses and operations, major stresses or recent life changes, and any medical problems that run in your family.</li>\n<li>Make a list of all medications, vitamins and supplements that you're taking.</li>\n<li>Take a family member or friend along, if possible. Sometimes it can be difficult to remember all of the information provided to you during an appointment. Someone who accompanies you may remember something that you missed or forgot.</li>\n<li>Write down questions to ask your doctor.</li>\n</ul>\n\n\nYour time with your doctor is limited, so preparing a list of questions will help you make the most of your time together. For cough headaches, some basic questions to ask your doctor include:\n\n<ul>\n<li>What's the most likely cause of my headaches?</li>\n<li>Are there any other possible causes?</li>\n<li>What kinds of tests do I need?</li>\n<li>When will these headaches go away?</li>\n<li>What treatments are available?</li>\n<li>Are there any alternatives to the primary approach that you're suggesting?</li>\n<li>I have these other health conditions. How can I best manage these conditions together?</li>\n<li>Should I see a specialist?</li>\n<li>Is there a generic alternative to the medicine you're prescribing me?</li>\n<li>Are there any brochures or other printed material that I can take home with me? What websites do you recommend?</li>\n</ul>\n\n\n<b>What to expect from your doctor</b>\nYour doctor is likely to ask you a number of questions. Being ready to answer them may reserve time to go over any points you want to spend more time on. Your doctor may ask:\n\n<ul>\n<li>When did you first begin experiencing cough headaches?</li>\n<li>Have your cough headaches been continuous or occasional?</li>\n<li>Have you had a similar problem in the past?</li>\n<li>Have you had other kinds of headache? If so, what were they like?</li>\n<li>Has anyone in your immediate family experienced migraines or cough headaches?</li>\n<li>What, if anything, seems to improve your headaches?</li>\n<li>What, if anything, makes your headaches worse?</li>\n</ul>", 
    "Prevention": "Preventing the actions that trigger your cough headaches \u2014 whether that's coughing, sneezing or straining on the toilet \u2014 may help reduce the number of headaches you experience. Some preventive measures may include:\n\n<ul>\n<li>Treating lung infections, such as bronchitis</li>\n<li>Avoiding medications that cause coughing as a side effect</li>\n<li>Getting an annual flu shot</li>\n<li>Using stool softeners to avoid constipation</li>\n<li>Minimizing heavy lifting or bending for long periods</li>\n</ul>", 
    "Risk factors": "<b>Primary cough headaches</b>\nRisk factors for primary cough headaches include:\n\n<ul>\n<li>Age. Primary cough headaches most often affect people older than age 40.</li>\n<li>Sex. Men are more prone to getting primary cough headaches.</li>\n</ul>\n\n\n<b>Secondary cough headaches</b>\nRisk factors for secondary cough headaches include:\n\n<ul>\n<li>Being younger than age 40</li>\n</ul>", 
    "Symptoms": "<b>Primary cough headaches</b>\n<ul>\n<li>Begin suddenly with and just after coughing or other types of straining</li>\n<li>Typically last a few seconds to a few minutes \u2014 some can last up to two hours</li>\n<li>Cause sharp, stabbing or splitting pain</li>\n<li>Usually affect both sides of your head and may be worse in the back of your head</li>\n<li>May be followed by a dull, aching pain for hours</li>\n</ul>\n\n\n<b>Secondary cough headaches</b>\nSecondary cough headaches often have symptoms similar to those of primary cough headaches, though you may experience:\n\n<ul>\n<li>Longer lasting headaches</li>\n<li>Dizziness</li>\n<li>Unsteadiness</li>\n<li>Fainting</li>\n</ul>\n\n\n<b>When to see a doctor</b>\nConsult your doctor if you experience sudden headaches after coughing \u2014 especially if the headaches are frequent or severe or you have any other troubling signs or symptoms, such as imbalance or blurred or double vision.", 
    "Title": "Cough headaches", 
    "Treatment": "Treatment differs, depending on whether you have primary or secondary cough headaches.\n\n<b>Primary cough headache</b>\nIf you have a history of primary cough headaches, your doctor may recommend that you take daily medication to help prevent or reduce the pain.\n\nThese preventive medications may include:\n\n<ul>\n<li>Indomethacin (Indocin, Tivorbex), an anti-inflammatory drug</li>\n<li>Propranolol (Inderal, Innopran XL), a medication that relaxes blood vessels and reduces blood pressure</li>\n<li>Acetazolamide (Diamox), a diuretic that reduces the amount of spinal fluid, which can reduce the pressure inside the skull</li>\n</ul>\n\n\nOther medications used to treat primary cough headache include methysergide, naproxen (Naprosyn), ergonovine, intravenous dihydroergotamine (D.H.E. 45) and phenelzine (Nardil).\n\nRarely, a spinal tap (lumbar puncture) may be recommended. With this procedure, the doctor removes some of the fluid that surrounds your brain and spinal cord. This may help reduce the pressure inside your skull that may be causing the headaches.\n\n\n<b>Secondary cough headache</b>\nIf you have secondary cough headaches, surgery is often needed to fix the underlying problem. Preventive medications usually don't help people who have secondary cough headaches. However, responding to medication doesn't necessarily mean that you have a primary cough headache."
}