{
    "Aliases": [], 
    "Causes": "It's not clear what causes the inflammation of the colon found in microscopic colitis. Researchers believe that the causes may include:\n\n<ul>\n<li>Medications that can irritate the lining of the colon.</li>\n<li>Bacteria that produce toxins that irritate the lining of the colon.</li>\n<li>Viruses that trigger inflammation.</li>\n<li>Autoimmune disease associated with microscopic colitis, such as rheumatoid arthritis, celiac disease or psoriasis. Autoimmune disease occurs when your body's immune system attacks healthy tissues.</li>\n<li>Bile acid not being properly absorbed and irritating the lining of the colon.</li>\n</ul>", 
    "Clinical trials": "Explore Mayo Clinic studies testing new treatments, interventions and tests as a means to prevent, detect, treat or manage this disease.", 
    "Complications": "Most people are successfully treated for microscopic colitis. The condition does not increase your risk of colon cancer.", 
    "Diagnosis": "A complete medical history and physical examination can help determine whether other conditions, such as celiac disease, may be contributing to your diarrhea.\n\nYour doctor will also ask about any medications you are taking particularly aspirin, ibuprofen (Advil, Motrin IB, others), naproxen sodium (Aleve), proton pump inhibitors, and selective serotonin reuptake inhibitors (SSRIs) \u2014 which may increase your risk of microscopic colitis.\n\n<b>Tests</b>\nTo help confirm a diagnosis of microscopic colitis, you may have one or more of the following tests and procedures:\n\n<ul>\n<li>Colonoscopy. This exam allows your doctor to view your entire colon using a thin, flexible, lighted tube (colonoscope) with an attached camera. The camera sends images of your rectum and entire colon to an external monitor, allowing your doctor to examine the intestinal lining. The doctor can also insert instruments through the tube to take a tissue sample (biopsy).</li>\n<li>\n    Flexible sigmoidoscopy. This procedure is similar to a colonoscopy, but rather than viewing the entire colon, a flexible sigmoidoscopy allows your doctor to view the inside of the rectum and most of the sigmoid colon \u2014 about the last 2 feet (61 centimeters) of the large intestine.\n    The doctor uses a slender, flexible, lighted tube (sigmoidoscope) to examine the intestinal lining. A tissue sample can be taken through the scope during the exam.\n    </li>\n</ul>\n\n\nBecause intestinal issues often appear normal in microscopic colitis, a definite diagnosis of microscopic colitis requires a colon tissue sample (biopsy) obtained during a colonoscopy or flexible sigmoidoscopy. In both subtypes of microscopic colitis, cells in colon tissue have a distinct appearance under the microscope, so the diagnosis is definite.\n\n<b>Additional testing</b>\nIn addition to a colonoscopy or flexible sigmoidoscopy, you may have one or more of these tests to rule out other causes for your symptoms.\n\n<ul>\n<li>Stool sample analysis to help rule out infection as the cause of persistent diarrhea.</li>\n<li>Blood test to look for signs of anemia or infection.</li>\n<li>Upper endoscopy with biopsy to rule out celiac disease. Doctors use a long, thin tube with a camera on the end to examine the upper part of your digestive tract. They may remove a tissue sample (biopsy) for analysis in the laboratory.</li>\n</ul>", 
    "Id": "syc-20351478", 
    "Lifestyle and home remedies": "Changes to your diet may help relieve diarrhea that you experience with microscopic colitis. Try to:\n\n<ul>\n<li>Drink plenty of fluids. Water is best, but fluids with added sodium and potassium (electrolytes) may help as well. Try drinking broth or watered-down fruit juice. Avoid beverages that are high in sugar or sorbitol or contain alcohol or caffeine, such as coffee, tea and colas, which may aggravate your symptoms.</li>\n<li>Choose soft, easy-to-digest foods. These include applesauce, bananas, melons and rice. Avoid high-fiber foods such as beans and nuts, and eat only well-cooked vegetables. If you feel as though your symptoms are improving, slowly add high-fiber foods back to your diet.</li>\n<li>Eat several small meals rather than a few large meals. Spacing meals throughout the day may ease diarrhea.</li>\n<li>Avoid irritating foods. Stay away from spicy, fatty or fried foods and any other foods that make your symptoms worse.</li>\n</ul>", 
    "Overview": "Microscopic colitis is an inflammation of the large intestine (colon) that causes persistent watery diarrhea. The disorder gets its name from the fact that it's necessary to examine colon tissue under a microscope to identify it, since the tissue may appear normal with a colonoscopy or flexible sigmoidoscopy.\n\nThere are different subtypes of microscopic colitis:\n\n<ul>\n<li>Collagenous colitis, in which a thick layer of protein (collagen) develops in colon tissue</li>\n<li>Lymphocytic colitis, in which white blood cells (lymphocytes) increase in colon tissue</li>\n<li>Incomplete microscopic colitis, in which there are mixed features of collagenous and lymphocytic colitis.</li>\n</ul>\n\n\nResearchers believe collagenous (kuh-LAYJ-uh-nus) colitis and lymphocytic colitis may be different phases of the same condition. Symptoms, testing and treatment are the same for all subtypes.", 
    "Preparing for your appointment": "Here's some information to help you get ready for your appointment and know what to expect from your doctor.\n\n<b>What you can do</b>\n<ul>\n<li>Be aware of any pre-appointment restrictions, such as not eating solid food on the day before your appointment.</li>\n<li>Write down your symptoms, including when they started and how they may have changed or worsened over time.</li>\n<li>Make a list of all your medications, vitamins or supplements.</li>\n<li>Write down your key medical information, including other diagnosed conditions. Also mention if you have been hospitalized in the last few months.</li>\n<li>Write down key personal information, including any recent changes or stressors in your life, as well as a detailed description of your typical daily diet, including whether you usually use caffeine and alcohol.</li>\n<li>Write down questions to ask your doctor.</li>\n</ul>\n\n\n<b>Questions to ask your doctor</b>\nSome basic questions to ask your doctor include:\n\n<ul>\n<li>What is the most likely cause of my condition?</li>\n<li>Do you think my condition is temporary or chronic?</li>\n<li>What kinds of tests do I need?</li>\n<li>What treatments can help?</li>\n<li>Are there any other medical problems I might have that are associated with microscopic colitis?</li>\n<li>If I need surgery, what will my recovery be like?</li>\n<li>Are there any dietary restrictions that I need to follow? Would changing my diet help?</li>\n</ul>\n\n\nDon't hesitate to ask questions anytime you don't understand something.\n\n<b>What to expect from your doctor</b>\nBe ready to answer questions your doctor is likely to ask you:\n\n<ul>\n<li>When did you begin experiencing symptoms?</li>\n<li>Have your symptoms been continuous or occasional?</li>\n<li>How many loose bowel movements are you having each day?</li>\n<li>How severe are your other symptoms, such as abdominal cramping and nausea?</li>\n<li>Has there been blood in your stools?</li>\n<li>Have you lost any weight?</li>\n<li>Have you traveled recently?</li>\n<li>Is anyone else sick at home with diarrhea?</li>\n<li>Have you been hospitalized or taken antibiotics in the last few months?</li>\n<li>Does anything make your diarrhea worse, such as particular foods?</li>\n<li>What medications are you currently taking, and did you start taking any in the weeks before your diarrhea began?</li>\n<li>What do you eat in a typical day?</li>\n<li>Do you use caffeine or alcohol? How much?</li>\n<li>Do you have celiac disease? If so, are you following a gluten-free diet?</li>\n<li>Do you have diabetes or thyroid disease?</li>\n<li>What, if anything, seems to improve your symptoms?</li>\n<li>What, if anything, seems to worsen your symptoms?</li>\n</ul>\n\n\n<b>What you can do in the meantime</b>\nYou may find some relief from persistent diarrhea by making changes to your diet:\n\n<ul>\n<li>Eat bland, low-fat foods.</li>\n<li>Avoid dairy products, spicy foods, caffeine and alcohol.</li>\n</ul>", 
    "Risk factors": "Risk factors for microscopic colitis include:\n\n<ul>\n<li>Age. Microscopic colitis is most common in people ages 50 to 70.</li>\n<li>Sex. Women are more likely to have microscopic colitis than are men. Some studies suggest an association between post-menopausal hormone therapy and microscopic colitis.</li>\n<li>Autoimmune disease. People with microscopic colitis sometimes also have an autoimmune disorder, such as celiac disease, thyroid disease, rheumatoid arthritis, type 1 diabetes or psoriasis.</li>\n<li>Genetic link. Research suggests that there may be a connection between microscopic colitis and a family history of irritable bowel syndrome.</li>\n<li>Smoking. Recent research studies have shown an association between tobacco smoking and microscopic colitis, especially in people ages 16 to 44.</li>\n</ul>\n\n\nSome research studies indicate that using certain medications may increase your risk of microscopic colitis. But not all studies agree.\n\nMedications that may be linked to the condition include:\n\n<ul>\n<li>Pain relievers, such as aspirin, ibuprofen (Advil, Motrin IB, others) and naproxen sodium (Aleve)</li>\n<li>Proton pump inhibitors including lansoprazole (Prevacid), esomeprazole (Nexium), pantoprazole (Protonix), rabeprazole (Aciphex), omeprazole (Prilosec) and dexlansoprazole (Dexilant)</li>\n<li>Selective serotonin reuptake inhibitors (SSRIs) such as sertraline (Zoloft)</li>\n<li>Acarbose (Precose)</li>\n<li>Flutamide</li>\n<li>Ranitidine (Zantac)</li>\n<li>Carbamazepine (Carbatrol, Tegretol)</li>\n<li>Clozapine (Clozaril, Fazaclo)</li>\n<li>Entacapone (Comtan)</li>\n<li>Paroxetine (Paxil, Pexeva)</li>\n<li>Simvastatin (Zocor)</li>\n<li>Topiramate</li>\n</ul>", 
    "Symptoms": "Signs and symptoms of microscopic colitis include:\n\n<ul>\n<li>Chronic watery diarrhea</li>\n<li>Abdominal pain, cramps or bloating</li>\n<li>Weight loss</li>\n<li>Nausea</li>\n<li>Fecal incontinence</li>\n<li>Dehydration</li>\n</ul>\n\n\nThe symptoms of microscopic colitis can come and go frequently. Sometimes the symptoms resolve on their own.\n\n<b>When to see a doctor</b>\nIf you have watery diarrhea that lasts more than a few days, contact your doctor so that your condition can be diagnosed and properly treated.", 
    "Title": "Microscopic colitis", 
    "Treatment": "Microscopic colitis may get better on its own. But when symptoms persist or are severe, you may need treatment to relieve them. Doctors usually try a stepwise approach, starting with the simplest, most easily tolerated treatments.\n\n<b>Diet and discontinuation of medication</b>\nTreatment usually begins with changes to your diet and medications that may help relieve persistent diarrhea. Your doctor may recommend that you:\n\n<ul>\n<li>Eat a low-fat, low-fiber diet. Foods that contain less fat and are low in fiber may help relieve diarrhea.</li>\n<li>Discontinue dairy products, gluten or both. These foods may make your symptoms worse.</li>\n<li>Avoid caffeine and sugar.</li>\n<li>Discontinue any medication that might be a cause of your symptoms. Your doctor may recommend a different medication to treat an underlying condition.</li>\n</ul>\n\n\n<b>Medications</b>\nIf signs and symptoms persist, your doctor may recommend:\n\n<ul>\n<li>Anti-diarrheal medications such as loperamide (Imodium) or bismuth subsalicylate (Pepto-Bismol)</li>\n<li>Steroids such as budesonide (Entocort EC)</li>\n<li>Medications that block bile acids (which can contribute to diarrhea) such as cholestyramine/aspartame or cholestyramine (Prevalite), or colestipol (Colestid)</li>\n<li>Anti-inflammatory medications such as mesalamine (Delzicol, Apriso, others) to help control colon inflammation</li>\n<li>Medications that suppress the immune system to help reduce inflammation in the colon, such as mercaptopurine (Purinethol) and azathioprine (Azasan, Imuran)</li>\n<li>TNF inhibitors, such as infliximab (Remicade) and adalimumab (Humira), which can reduce inflammation by neutralizing an immune system protein known as tumor necrosis factor (TNF)</li>\n</ul>\n\n\n<b>Surgery</b>\nWhen the symptoms of microscopic colitis are severe, and medications arent effective, your doctor may recommend surgery to remove all or part of your colon. Surgery is rarely needed to treat microscopic colitis."
}