{
    "Aliases": [], 
    "Causes": "Typically, West Nile virus spreads to humans and animals via infected mosquitoes. Mosquitoes become infected when they feed on infected birds. You can't get infected from casual contact with an infected person or animal.\n\nMost West Nile virus infections occur during warm weather, when mosquitos are active. The incubation period \u2014 the period between when you're bitten by an infected mosquito and the appearance of signs and symptoms of the illness \u2014 ranges from two to 14 days.\n\nWest Nile virus has occurred in Africa, Asia, Europe and the Middle East. It appeared in the United States in the summer of 1999, and since then has been reported in every state except Hawaii and Alaska, as well as in Canada.\n\n<b>Other possible routes of transmission</b>\nIn a few cases, West Nile virus might have spread through other routes, including organ transplantation and blood transfusion. However, blood donors are screened for the virus, substantially reducing the risk of infection from blood transfusions.\n\nThere also have been reports of possible transmission of the virus from mother to child during pregnancy or breast-feeding or exposure to the virus in a lab, but these are rare and not conclusively confirmed.", 
    "Diagnosis": "Besides conducting a physical exam, your doctor can confirm the presence of West Nile virus or a West Nile-related illness, such as meningitis or encephalitis, by performing one of the following tests:\n\n<ul>\n<li>Laboratory tests. If you're infected, a blood test may show a rising level of antibodies to the West Nile virus. Antibodies are immune system proteins that attack foreign substances, such as viruses.</li>\n<li>Lumbar puncture (spinal tap). The most common way to diagnose meningitis is to analyze the cerebrospinal fluid surrounding your brain and spinal cord. A needle inserted between the lower vertebrae of your spine is used to extract a sample of fluid for laboratory analysis. The fluid sample may show an elevated white cell count \u2014 a signal that your immune system is fighting an infection \u2014 and antibodies to the West Nile virus.</li>\n<li>Brain tests. In some cases, an electroencephalography (EEG) \u2014 a procedure that measures your brain's activity \u2014 or an MRI scan can help detect brain inflammation.</li>\n</ul>", 
    "Id": "syc-20350320", 
    "Overview": "A mosquito-transmitted virus causes most cases of West Nile infection. Most people infected with West Nile virus either don't develop signs or symptoms or have only minor ones, such as fever and mild headache. However, some people develop a life-threatening illness that includes inflammation of the spinal cord or brain.\n\nMild signs and symptoms of a West Nile virus infection generally go away on their own. But severe signs and symptoms \u2014 such as a severe headache, fever, disorientation or sudden weakness \u2014 require immediate attention.\n\nExposure to mosquitoes where West Nile virus exists increases your risk of getting infected. Protect yourself from mosquitoes by using mosquito repellent and wearing clothing that covers your skin to reduce your risk.", 
    "Preparing for your appointment": "If you have signs and symptoms of infection of the brain or spinal cord \u2014 high fever, severe headache, stiff neck, confusion or sudden muscle weakness \u2014 see your doctor right away or go to an urgent care center.\n\nHere's some information to help you get ready for your appointment.\n\n<b>What you can do</b>\nTake with you a list of the following:\n\n<ul>\n<li>Your symptoms, including any that seem unrelated to why you're seeing a doctor</li>\n<li>Key personal information, including recent activities or travel to an area where West Nile virus is prevalent</li>\n<li>All medications, vitamins or other supplements you take, including the doses</li>\n<li>Questions to ask the doctor</li>\n</ul>\n\n\nTake a family member or friend along, if possible, to help you remember the information you're given.\n\nFor West Nile virus, some basic questions to ask your doctor include:\n\n<ul>\n<li>What's likely causing my symptoms?</li>\n<li>What are other possible causes for my symptoms?</li>\n<li>What tests do I need?</li>\n<li>Is my condition likely temporary or chronic?</li>\n<li>What's the best course of action?</li>\n<li>What are the alternatives to the primary approach you're suggesting?</li>\n<li>I have other health conditions. How can I best manage them together?</li>\n<li>Are there restrictions I need to follow?</li>\n<li>Should I see a specialist?</li>\n<li>Are there brochures or other printed material I can have? What websites do you recommend?</li>\n</ul>\n\n\nDon't hesitate to ask other questions.\n\n<b>What to expect from your doctor</b>\nYour doctor is likely to ask you several questions, such as:\n\n<ul>\n<li>When did your symptoms begin?</li>\n<li>Have your symptoms been continuous or occasional?</li>\n<li>How severe are your symptoms?</li>\n<li>What, if anything, seems to improve your symptoms?</li>\n<li>What, if anything, appears to worsen your symptoms?</li>\n</ul>", 
    "Prevention": "Your best bet for preventing West Nile virus and other mosquito-borne illnesses is to avoid exposure to mosquitoes and eliminate standing water, where mosquitoes breed.\n\n<ul>\n<li>Unclog roof gutters.</li>\n<li>Empty unused swimming pools or empty standing water on pool covers.</li>\n<li>Change water in birdbaths and pet bowls regularly.</li>\n<li>Remove old tires or unused containers that might hold water and serve as a breeding place for mosquitoes.</li>\n<li>Install or repair screens on windows and doors.</li>\n</ul>\n\n\nTo reduce your exposure to mosquitoes:\n\n<ul>\n<li>Avoid unnecessary outdoor activity when mosquitoes are most prevalent, such as at dawn, dusk and early evening.</li>\n<li>Wear long-sleeved shirts and long pants when outdoors.</li>\n<li>Apply mosquito repellent containing an Environmental Protection Agency-registered insect repellent to your skin and clothing. Choose the concentration based on the hours of protection you need \u2014 the higher the percentage (concentration) of the active ingredient, the longer the repellent will work. Follow the directions on the package, paying special attention to recommendations for use on children.</li>\n<li>When outside, cover your infant's stroller or playpen with mosquito netting.</li>\n</ul>", 
    "Risk factors": "Most cases of West Nile virus in the United States occur June through September. Cases have been reported in all 48 lower states.\n\n<b>Risk of serious infection</b>\nEven if you're infected, your risk of developing a serious West Nile virus-related illness is extremely small \u2014 less than 1 percent of people who are infected become severely ill. And most people who do become sick recover fully. You're more likely to develop a severe or fatal infection based on:\n\n<ul>\n<li>Age. Being older puts you at higher risk.</li>\n<li>Certain medical conditions. Certain diseases, such as cancer, diabetes, hypertension and kidney disease, increase your risk. So does receiving an organ transplant.</li>\n</ul>", 
    "Symptoms": "Most people infected with the West Nile virus have no signs or symptoms.\n\n<b>Mild infection signs and symptoms</b>\nAbout 20 percent of people develop a mild infection called West Nile fever. Common signs and symptoms include:\n\n<ul>\n<li>Fever</li>\n<li>Headache</li>\n<li>Body aches</li>\n<li>Vomiting</li>\n<li>Diarrhea</li>\n<li>Fatigue</li>\n<li>Skin rash</li>\n</ul>\n\n\n<b>Serious infection signs and symptoms</b>\nIn less than 1 percent of infected people, the virus causes a serious neurological infection, including inflammation of the brain (encephalitis) and of the membranes surrounding the brain and spinal cord (meningitis).\n\nSigns and symptoms of neurological infections include:\n\n<ul>\n<li>High fever</li>\n<li>Severe headache</li>\n<li>Stiff neck</li>\n<li>Disorientation or confusion</li>\n<li>Stupor or coma</li>\n<li>Tremors or muscle jerking</li>\n<li>Seizures</li>\n<li>Partial paralysis or muscle weakness</li>\n</ul>\n\n\nSigns and symptoms of West Nile fever usually last a few days, but signs and symptoms of encephalitis or meningitis can linger for weeks or months. Certain neurological effects, such as muscle weakness, can be permanent.\n\n<b>When to see a doctor</b>\nMild symptoms of West Nile fever usually resolve on their own. For signs or symptoms of serious infection, such as severe headaches, a stiff neck, disorientation or confusion, seek medical attention right away. A serious infection generally requires hospitalization.", 
    "The Mayo Clinic experience and patient stories": "Our patients tell us that the quality of their interactions, our attention to detail and the efficiency of their visits mean health care like they've never experienced. See the stories of satisfied Mayo Clinic patients.", 
    "Title": "West Nile virus", 
    "Treatment": "Most people recover from West Nile virus without treatment. Most severe cases require supportive therapy in a hospital with intravenous fluids and pain medication.\n\nFor mild cases, over-the-counter pain relievers can help ease mild headaches and muscle aches. Use caution when giving aspirin to children or teenagers. Children and teenagers recovering from chickenpox or flu-like symptoms should never take aspirin. This is because aspirin has been linked to Reye's syndrome, a rare but potentially life-threatening condition, in such children.\n\n<b>Interferon therapy</b>\nScientists are investigating interferon therapy \u2014 a type of immune cell therapy \u2014 as a treatment for encephalitis caused by West Nile virus. Some research shows that people who receive interferon recover better than those who don't receive the drug, but more study is needed."
}