{
    "Aliases": [], 
    "Causes": "No one knows the exact cause of wet macular degeneration, but it develops in people who have had dry macular degeneration. Of all people with age-related macular degeneration, about 10 percent have the wet form.\n\nWet macular degeneration can develop in different ways:\n\n<ul>\n<li>Vision loss caused by abnormal blood vessel growth. Sometimes abnormal new blood vessels grow from the choroid under and into the macula (choroidal neovascularization). The choroid is the layer of blood vessels between the retina and the outer, firm coat of the eye (sclera). These abnormal blood vessels may leak fluid or blood, interfering with the retina's function.</li>\n<li>Vision loss caused by fluid buildup in the back of the eye. When fluid leaks from the choroid, it can collect between the thin cell layer called the retinal pigment epithelium and the retina. This may cause a bump in the macula, resulting in vision loss or distortion.</li>\n</ul>", 
    "Clinical trials": "Explore Mayo Clinic studies testing new treatments, interventions and tests as a means to prevent, detect, treat or manage this disease.", 
    "Complications": "People whose wet macular degeneration has progressed to central vision loss have a higher risk of depression and social isolation. With profound loss of vision, people may see visual hallucinations (Charles Bonnet syndrome).", 
    "Coping and support": "Vision loss from macular degeneration can affect your ability to do things such as read, recognize faces and drive. These tips may help you cope with your changing vision:\n\n<ul>\n<li>Ask your eye doctor to check your eyeglass prescription. If you wear contacts or glasses, be sure your prescription is up to date. If new glasses don't help, ask for a referral to a low vision specialist.</li>\n<li>\n    Use magnifiers. A variety of magnifying devices can help you with reading and other close-up work, such as sewing. Such devices include hand-held magnifying lenses or magnifying lenses you wear like glasses.\n    You may also use a closed-circuit television system that uses a video camera to magnify reading material and project it on a video screen.\n    </li>\n<li>Change your computer display and add audio systems. Adjust the font size in your computer's settings. And adjust your monitor to show more contrast. You may also add speech-output systems or other technologies to your computer.</li>\n<li>Use electronic reading aids and voice interface. Try large-print books, tablet computers and audio books. Some tablet and smartphone apps are designed to help people with low vision. And many of these devices now come with a voice recognition feature.</li>\n<li>Select special appliances made for low vision. Some clocks, radios, telephones and other appliances have extra-large numbers. You may find it easier to watch a television with a larger high-definition screen, or you may want to sit closer to the screen.</li>\n<li>Use brighter lights in your home. Better lighting helps with reading and other daily activities, and it may also reduce the risk of falling.</li>\n<li>Consider your transportation options. If you drive, check with your doctor to see if it's safe to continue doing so. Be extra cautious in certain situations, such as driving at night, in heavy traffic or in bad weather. Use public transportation or ask a friend or family member to help, especially with night driving. Make arrangements to use local van or shuttle services, volunteer driving networks, or rideshares.</li>\n<li>Get support. Having macular degeneration can be difficult, and you may need to make changes in your life. You may go through many emotions as you adjust. Consider talking to a counselor or joining a support group. Spend time with supportive family members and friends.</li>\n</ul>", 
    "Diagnosis": "Your doctor will review your medical and family history and conduct a complete eye exam. To confirm a diagnosis of macular degeneration, he or she may do several other tests, including:\n\n<ul>\n<li>Examination of the back of your eye. Your eye doctor will put drops in your eyes to dilate them and use a special instrument to examine the back of your eye. He or she will look for fluid or blood or a mottled appearance that's caused by drusen. People with macular degeneration often have many drusen \u2014 yellow deposits that form under the retina.</li>\n<li>Test for defects in the center of your vision. During an eye exam, your eye doctor may use an Amsler grid to test for defects in your central vision. If you have macular degeneration, some of the straight lines in the grid will look faded, broken or distorted.</li>\n<li>Fluorescein angiography. During this test, your doctor injects a colored dye into a vein in your arm. The dye travels to and highlights the blood vessels in your eye. A special camera takes pictures as the dye travels through the blood vessels. The images will show if you have leaking abnormal blood vessels or retinal changes.</li>\n<li>Indocyanine green angiography. Like fluorescein angiography, this test uses an injected dye. It may be used to confirm the findings of a fluorescein angiography or to identify abnormal blood vessels deeper in the retina.</li>\n<li>Optical coherence tomography. This noninvasive imaging test displays detailed cross sections of the retina. It identifies areas of thinning, thickening or swelling. This test is also used to help monitor how the retina responds to macular degeneration treatments.</li>\n</ul>", 
    "Id": "syc-20351107", 
    "Lifestyle and home remedies": "Even after receiving a diagnosis of wet macular degeneration, you can take steps that may help slow vision loss.\n\n<ul>\n<li>Don't smoke. If you smoke, ask your doctor for help to quit.</li>\n<li>\n    Choose a healthy diet. The antioxidant vitamins in fruits and vegetables contribute to eye health. Kale, spinach, broccoli, squash and other vegetables have high levels of antioxidants, including lutein and zeaxanthin, which may benefit people with macular degeneration. Foods containing high levels of zinc also may be of particular value in patients with macular degeneration. These include high-protein foods, such as beef, pork and lamb. Nonmeat sources include milk, cheese, yogurt, whole-grain cereals and whole-wheat bread.\n    Another good choice is healthy unsaturated fats, such as olive oil. And research studies have shown that a diet high in omega-3 fatty acids, such as those found in salmon, tuna and walnuts, may lower the risk of advanced macular degeneration. But the same benefit is not shown from taking omega-3 supplements, such as fish oil pills.\n    </li>\n<li>Manage your other medical conditions. If you have cardiovascular disease or high blood pressure, for example, take your medication and follow your doctor's instructions for controlling the condition.</li>\n<li>Maintain a healthy weight and exercise regularly. If you need to lose weight, reduce the number of calories you eat and increase the amount of exercise you get each day.</li>\n<li>Have routine eye exams. Ask your eye doctor about the recommended schedule for follow-up exams. In between checkups, you can do a self-assessment of your vision using an Amsler grid.</li>\n</ul>\n\n\n<b>Vitamin supplements</b>\nFor people with intermediate or advanced disease, taking a high-dose formulation of antioxidant vitamins and minerals may help reduce the risk of vision loss, the American Academy of Ophthalmology says. Research shows benefit in a formulation that includes:\n\n<ul>\n<li>500 milligrams (mg) of vitamin C</li>\n<li>400 international units (IU) of vitamin E</li>\n<li>10 mg of lutein</li>\n<li>2 mg of zeaxanthin</li>\n<li>80 mg of zinc (as zinc oxide)</li>\n<li>2 mg of copper (as cupric oxide)</li>\n</ul>\n\n\nHigh doses of vitamin E may increase the risk of heart failure and other complications. Ask your doctor if taking supplements is right for you.", 
    "Overview": "Wet macular degeneration is a chronic eye disorder that causes blurred vision or a blind spot in your visual field. It's generally caused by abnormal blood vessels that leak fluid or blood into the macula (MAK-u-luh). The macula is in the part of the retina responsible for central vision.\n\nWet macular degeneration is one of two types of age-related macular degeneration. The other type \u2014 dry macular degeneration \u2014 is more common and less severe. The wet type always begins as the dry type.\n\nEarly detection and treatment of wet macular degeneration may help reduce vision loss and, in some instances, recover vision.", 
    "Preparing for your appointment": "To check for macular degeneration, a dilated eye exam is usually necessary. Make an appointment with a doctor who specializes in eye care \u2014 an optometrist or an ophthalmologist. He or she can perform a complete eye exam.\n\n<b>What you can do</b>\nBefore your appointment:\n\n<ul>\n<li>When you make the appointment, ask if you need to do anything to prepare.</li>\n<li>List any symptoms you're experiencing, including those that seem unrelated to your vision problem.</li>\n<li>List all medications, vitamins and supplements you take, including doses.</li>\n<li>Ask a family member or friend to accompany you. Having your pupils dilated for the eye exam will affect your vision for a time afterward, so you may need someone to drive or accompany you after your appointment.</li>\n<li>List questions to ask your doctor.</li>\n</ul>\n\n\nFor macular degeneration, questions to ask your doctor include:\n\n<ul>\n<li>Do I have dry or wet macular degeneration?</li>\n<li>How advanced is my macular degeneration?</li>\n<li>Is it safe for me to drive?</li>\n<li>Will I experience further vision loss?</li>\n<li>Can my condition be treated?</li>\n<li>Will taking a vitamin or mineral supplement help prevent further vision loss?</li>\n<li>What's the best way to monitor my vision for any changes?</li>\n<li>What changes in my symptoms warrant calling you?</li>\n<li>What low vision aids might be helpful to me?</li>\n<li>What lifestyle changes can I make to protect my vision?</li>\n</ul>\n\n\n<b>What to expect from your doctor</b>\nYour doctor is likely to ask you a number of questions, such as:\n\n<ul>\n<li>When did you first notice your vision problem?</li>\n<li>Does the condition affect one or both eyes?</li>\n<li>Do you have trouble seeing things near you, at a distance or both?</li>\n<li>Do you smoke or did you used to smoke? If so, how much?</li>\n<li>What types of foods do you eat?</li>\n<li>Do you have other medical problems, such as high cholesterol, high blood pressure or diabetes?</li>\n<li>Do you have a family history of macular degeneration?</li>\n</ul>", 
    "Prevention": "It's important to have routine eye exams to identify early signs of macular degeneration. The following measures may help reduce your risk of developing wet macular degeneration:\n\n<ul>\n<li>Manage your other medical conditions. For example, if you have cardiovascular disease or high blood pressure, take your medication and follow your doctor's instructions for controlling the condition.</li>\n<li>Don't smoke. Smokers are more likely to develop macular degeneration than are nonsmokers. Ask your doctor for help to stop smoking.</li>\n<li>Maintain a healthy weight and exercise regularly. If you need to lose weight, reduce the number of calories you eat and increase the amount of exercise you get each day.</li>\n<li>Choose a healthy diet. Include fruits, leafy greens, nuts and fish high in omega-3 fatty acids, such as salmon.</li>\n</ul>", 
    "Risk factors": "Factors that may increase your risk of macular degeneration include:\n\n<ul>\n<li>Age. This disease is most common in people over 50.</li>\n<li>Family history. This disease has a hereditary component. Researchers have identified several genes related to developing the condition.</li>\n<li>Race. Macular degeneration is more common in white people.</li>\n<li>Smoking. Smoking cigarettes or being regularly exposed to smoke significantly increases your risk of macular degeneration.</li>\n<li>Obesity. Research indicates that being obese increases the chance that early or intermediate macular degeneration will progress to a more severe form of the disease.</li>\n<li>Cardiovascular disease. If you have diseases that affect your heart and blood vessels, you may be at higher risk of macular degeneration.</li>\n</ul>", 
    "Symptoms": "Wet macular degeneration symptoms usually appear suddenly and worsen rapidly. They may include:\n\n<ul>\n<li>Visual distortions, such as straight lines seeming bent</li>\n<li>Reduced central vision in one or both eyes</li>\n<li>Decreased intensity or brightness of colors</li>\n<li>A well-defined blurry spot or blind spot in your field of vision</li>\n<li>A general haziness in your overall vision</li>\n<li>Abrupt onset and rapid worsening of symptoms</li>\n</ul>\n\n\nMacular degeneration doesn't affect side (peripheral) vision, so it rarely causes total blindness.\n\n<b>When to see a doctor</b>\nSee your eye doctor if:\n\n<ul>\n<li>You notice changes in your central vision</li>\n<li>Your ability to see colors and fine detail becomes impaired</li>\n</ul>\n\n\nThese changes may be the first indication of macular degeneration, particularly if you're older than age 50.", 
    "Title": "Wet macular degeneration", 
    "Treatment": "Treatments are available that may help slow disease progression, preserve existing vision and, if started early enough, recover some lost vision.\n\n<b>Medications</b>\nMedications may help stop the growth of new blood vessels by blocking the effects of growth signals the body sends to generate new blood vessels. These drugs are considered the first line treatment for all stages of wet macular degeneration.\n\nMedications used to treat wet macular degeneration include:\n\n<ul>\n<li>Bevacizumab (Avastin)</li>\n<li>Ranibizumab (Lucentis)</li>\n<li>Aflibercept (Eylea)</li>\n</ul>\n\n\nYour doctor injects these medications into the affected eye. You may need injections every four weeks to maintain the beneficial effect of the medication. In some instances, you may partially recover vision as the blood vessels shrink and the fluid under the retina absorbs, allowing retinal cells to regain some function.\n\nPossible risks of eye injections include conjunctival hemorrhage, eye pain, floaters, increased eye pressure, infection and eye inflammation. Some of these medications may increase the risk of stroke.\n\n<b>Therapies</b>\n<ul>\n<li>\n    Photodynamic therapy. This procedure is sometimes used to treat abnormal blood vessels at the center of your macula. During photodynamic therapy, your doctor injects a drug called verteporfin (Visudyne) into a vein in your arm, which travels to blood vessels in your eye. Your doctor shines a focused light from a special laser to the abnormal blood vessels in your eye. This activates the drug, causing the abnormal blood vessels to close, which stops the leakage.\n    Photodynamic therapy may improve your vision and reduce the rate of vision loss. You may need repeated treatments over time, as the treated blood vessels may reopen.\n    After photodynamic therapy, you'll need to avoid direct sunlight and bright lights until the drug has cleared your body, which may take a few days.\n    </li>\n<li>\n    Photocoagulation. During photocoagulation therapy, your doctor uses a high-energy laser beam to seal abnormal blood vessels under the macula. The laser causes scarring that can create a blind spot, but the procedure is used to stop the vessels from bleeding with the aim of minimizing further damage to the macula. Even with this treatment, blood vessels may regrow, requiring further treatment.\n    Few people who have wet macular degeneration are candidates for this treatment. It generally isn't an option if you have abnormal blood vessels directly under the center of the macula. Also, the more damaged your macula is, the lower the likelihood of success.\n    </li>\n<li>Low vision rehabilitation. Age-related macular degeneration doesn't affect your side (peripheral) vision and usually doesn't cause total blindness. But it can reduce or eliminate your central vision \u2014 which is necessary for driving, reading and recognizing people's faces. It may be beneficial for you to work with a low vision rehabilitation specialist, an occupational therapist, your eye doctor and others trained in low vision rehabilitation. They can help you find ways to adapt to your changing vision.</li>\n</ul>"
}