{
    "Aliases": [], 
    "Causes": "Alcohol intolerance occurs when your body doesn't have the proper enzymes to break down (metabolize) the toxins in alcohol. This is caused by inherited (genetic) traits most often found in Asians.\n\nOther ingredients commonly found in alcoholic beverages, especially in beer or wine, can cause intolerance reactions. These include:\n\n<ul>\n<li>Sulfites or other preservatives</li>\n<li>Chemicals, grains or other ingredients</li>\n<li>Histamine, a byproduct of fermentation or brewing</li>\n</ul>\n\n\nIn some cases, reactions can be triggered by a true allergy to a grain such as corn, wheat or rye or to another substance in alcoholic beverages.\n\nRarely, severe pain after drinking alcohol is a sign of a more serious disorder, such as Hodgkin's lymphoma.", 
    "Complications": "Depending on the cause, complications of alcohol intolerance or other reactions to alcoholic beverages can include:\n\n<ul>\n<li>Migraines. Drinking alcohol can trigger migraines in some people, possibly as a result of histamines contained in some alcoholic beverages. Your immune system also releases histamines during an allergic reaction.</li>\n<li>A severe allergic reaction. In rare instances, an allergic reaction can be life-threatening (anaphylactic reaction) and require emergency treatment.</li>\n</ul>", 
    "Diagnosis": "Besides conducting a physical exam, your doctor might request these tests:\n\n<ul>\n<li>Skin test. A skin test can determine whether you might have an allergy to something in alcoholic beverages \u2014 for example, the grains in beer. Your skin is pricked with a tiny amount of a substance that could be causing your reaction. If you're allergic to the substance being tested, you'll develop a raised bump or other skin reaction.</li>\n<li>Blood test. A blood test can measure your immune system's response to a particular substance by checking the amount of allergy-type antibodies in your bloodstream known as immunoglobulin E antibodies. A blood sample is sent to a laboratory to check reactions to certain foods. However, these tests aren't always accurate.</li>\n</ul>", 
    "Id": "syc-20369211", 
    "Overview": "Alcohol intolerance can cause immediate, uncomfortable reactions after you drink alcohol. The most common signs and symptoms are stuffy nose and skin flushing.\n\nAlcohol intolerance is caused by a genetic condition in which the body can't break down alcohol efficiently. The only way to prevent these uncomfortable reactions is to avoid alcohol.\n\nAlthough not a true allergy, in some cases, what seems to be alcohol intolerance might be your reaction to something in an alcoholic beverage \u2014 such as chemicals, grains or preservatives. Combining alcohol with certain medications also can cause reactions.", 
    "Preparing for your appointment": "Although alcohol intolerance usually isn't a serious issue as long as you don't drink alcohol, you might want to discuss it with your doctor at your next appointment. Here's some information to help you get ready for your appointment.\n\nMake a list of:\n\n<ul>\n<li>Your symptoms, including any that seem unrelated to the reason for which you scheduled the appointment, and when they occur.</li>\n<li>Key personal information, including major stresses or recent life changes. Stress can sometimes worsen allergic reactions or sensitivities.</li>\n<li>All medications, vitamins or supplements you take and the dosage.</li>\n<li>Questions to ask your doctor.</li>\n</ul>\n\n\nFor alcohol intolerance, some questions to ask your doctor include:\n\n<ul>\n<li>What do you think is causing my reaction to alcoholic beverages?</li>\n<li>Are any of my medications likely causing or worsening my reaction to alcohol?</li>\n<li>Other than the most likely cause, what are other possible causes of my symptoms?</li>\n<li>What tests do I need?</li>\n<li>What treatments are available?</li>\n<li>Do I need to give up alcohol?</li>\n</ul>\n\n\nDon't hesitate to ask other questions you have.\n\n<b>What to expect from your doctor</b>\nYour doctor might ask:\n\n<ul>\n<li>When did you notice a reaction to alcoholic beverages?</li>\n<li>What beverages \u2014 beer, wine, mixed drink or a particular type of liquor \u2014 trigger your symptoms?</li>\n<li>How severe are your symptoms?</li>\n<li>How long does it take for symptoms to appear after drinking the beverage?</li>\n<li>How much of the beverage do you drink before you notice a reaction?</li>\n<li>Have you tried over-the-counter allergy medications, such as antihistamines, for your reaction, and if so, did they help?</li>\n<li>Do you have allergies, such as to particular foods or to pollens, dust or other airborne substances?</li>\n</ul>\n\n\n<b>What you can do in the meantime</b>\nAvoid the beverage or beverages that seem to cause your reaction until your doctor's appointment.\n\nIf you drink a beverage that causes a mild reaction, over-the-counter antihistamines might help relieve symptoms. However, for a severe skin reaction, weak pulse, vomiting or trouble breathing, seek emergency help right away, as you could be having an anaphylactic reaction.", 
    "Prevention": "Unfortunately, nothing can prevent reactions to alcohol or ingredients in alcoholic beverages. To avoid a reaction, avoid alcohol or the particular substance that causes your reaction.\n\nRead beverage labels to see whether they contain ingredients or additives you know cause a reaction, such as sulfites or certain grains. Be aware, however, that labels might not list all ingredients.", 
    "Risk factors": "Risk factors for alcohol intolerance or other reactions to alcoholic beverages include:\n\n<ul>\n<li>Being of Asian descent</li>\n<li>Having asthma or hay fever (allergic rhinitis)</li>\n<li>Having an allergy to grains or to another food</li>\n<li>Having Hodgkin's lymphoma</li>\n</ul>", 
    "Symptoms": "Signs and symptoms of alcohol intolerance \u2014 or of a reaction to ingredients in an alcoholic beverage \u2014 can include:\n\n<ul>\n<li>Facial redness (flushing)</li>\n<li>Red, itchy skin bumps (hives)</li>\n<li>Worsening of pre-existing asthma</li>\n<li>Runny or stuffy nose</li>\n<li>Low blood pressure</li>\n<li>Nausea and vomiting</li>\n<li>Diarrhea</li>\n</ul>\n\n\n<b>When to see a doctor</b>\nHaving a mild intolerance to alcohol or something else in alcoholic beverages might not require a trip to a doctor. Simply avoid alcohol, limit how much you drink or avoid certain types of alcoholic beverages.\n\nHowever, if you have a serious reaction or severe pain, see your doctor. Also, if your symptoms seem to be linked to an allergy or a medication you're taking, see your doctor.", 
    "Title": "Alcohol intolerance", 
    "Treatment": "The only way to avoid alcohol intolerance symptoms or an allergic reaction is to avoid alcohol or the particular beverage or ingredients that cause the problem. For a minor reaction, over-the-counter or prescription antihistamines might help reduce symptoms, such as itching or hives."
}