{
    "Aliases": [], 
    "Causes": "It's not clear what causes Hurthle cell cancer.\n\nDoctors know that cancer begins when a cell develops errors in its DNA \u2014 the genetic material that contains instructions for biochemical processes in your body. When DNA is altered or damaged, these genes may not function properly, causing cells to grow out of control and eventually form a mass (tumor) of cancerous (malignant) cells.", 
    "Clinical trials": "Explore Mayo Clinic studies testing new treatments, interventions and tests as a means to prevent, detect, treat or manage this disease.", 
    "Complications": "Possible complications of Hurthle cell cancer include:\n\n<ul>\n<li>Problems with swallowing and breathing. They can occur if the tumor grows and presses on the food tube (esophagus) and windpipe (trachea).</li>\n<li>Spread of the cancer. Hurthle cell cancer can spread (metastasize) to other tissues and organs, making treatment and recovery more difficult.</li>\n</ul>", 
    "Coping and support": "A diagnosis of Hurthle cell cancer can be challenging and frightening. With time you'll find strategies to help you manage the stress and anxiety of a cancer diagnosis. Until then, here are some ideas to help you cope:\n\n<ul>\n<li>Find someone to talk with. You may feel comfortable discussing your feelings with a friend or family member, or you might prefer meeting with a formal support group. Support groups for the families of cancer survivors also are available.</li>\n<li>Let people help. Cancer treatments can be exhausting. Let friends and family know what would be most useful for you.</li>\n<li>Set reasonable goals. Having goals helps you feel in control and can give you a sense of purpose. But choose goals that you can reach.</li>\n<li>Take time for yourself. Eating well, relaxing and getting enough rest may help combat the stress and fatigue of cancer.</li>\n</ul>", 
    "Diagnosis": "Tests and procedures used to diagnose Hurthle cell cancer include:\n\n<ul>\n<li>Physical exam. Your doctor will examine your neck, checking the size of your thyroid and seeing whether your lymph nodes are swollen.</li>\n<li>Blood tests. Blood tests may reveal abnormalities in your thyroid function that give your doctor more information about your condition.</li>\n<li>Imaging tests. Imaging tests, including ultrasound and CT, can help your doctor determine whether an abnormal growth is present in the thyroid.</li>\n<li>Removing a sample of thyroid tissue for testing (biopsy). During a thyroid biopsy, a fine needle is passed through the skin of your neck guided by ultrasound images. The needle is attached to a syringe, which withdraws a sample of thyroid tissue. The sample is analyzed in a laboratory for signs of cancer.</li>\n</ul>", 
    "Id": "syc-20373572", 
    "Overview": "Hurthle (HEERT-luh) cell cancer is a rare cancer that affects the thyroid gland.\n\nThe thyroid is a butterfly-shaped gland in the base of your neck. It secretes hormones that are essential for regulating your body's metabolism.\n\nHurthle cell cancer is also called Hurthle cell carcinoma or oxyphilic cell carcinoma. Hurthle cell cancer is one of several types of cancers that affect the thyroid.\n\nHurthle cell cancer can be more aggressive than other types of thyroid cancer. Surgery to remove the thyroid gland is the most common treatment.", 
    "Preparing for your appointment": "Start by making an appointment with your family doctor if you have signs and symptoms that worry you.\n\nIf Hurthle cell cancer is suspected, you may be referred to a doctor who specializes in treating thyroid disorders (endocrinologist) or a doctor who specializes in treating cancer (oncologist).\n\nBecause appointments can be brief, it's often helpful to arrive well-prepared. Here's some information to help you get ready and what to expect from your doctor.\n\n<b>What you can do</b>\n<ul>\n<li>Write down your symptoms, including any that may seem unrelated to the reason why you scheduled the appointment.</li>\n<li>Write down your key medical information, including other conditions.</li>\n<li>Make a list of all your medications, vitamins or supplements.</li>\n<li>Gather information about your family health history, including thyroid diseases and other diseases that run in your family.</li>\n<li>Ask a relative or friend to accompany you to help you remember what the doctor says.</li>\n<li>Write down questions to ask your doctor.</li>\n</ul>\n\n\n<b>Questions to ask your doctor</b>\n<ul>\n<li>What's the most likely cause of my symptoms? Are there other possible causes?</li>\n<li>What kinds of tests do I need? Do they require any special preparation?</li>\n<li>What treatments are available, and what side effects can I expect?</li>\n<li>What's my prognosis?</li>\n<li>How often will I need follow-up visits after I finish treatment?</li>\n<li>I have other health conditions. How can I best manage them together?</li>\n</ul>\n\n\n<b>What to expect from your doctor</b>\nYour doctor is likely to ask you a number of questions. Being ready to answer them may make time to go over points you want to spend more time on. You may be asked:\n\n<ul>\n<li>When did you first begin experiencing symptoms? Have they been continuous or occasional?</li>\n<li>Have your symptoms gotten worse?</li>\n<li>Do you have a personal or family history of cancer? What type?</li>\n<li>Have you ever received radiation treatments to the head or neck area?</li>\n</ul>", 
    "Risk factors": "Factors that increase the risk of developing thyroid cancer include:\n\n<ul>\n<li>Being female</li>\n<li>Being older</li>\n<li>Having a history of radiation treatments to the head and neck</li>\n</ul>", 
    "Symptoms": "Hurthle cell cancer doesn't always cause symptoms, and it's sometimes detected during a physical examination or an imaging test done for some other reason.\n\nSigns and symptoms of Hurthle cell cancer may include:\n\n<ul>\n<li>A lump in your neck, just below your Adam's apple</li>\n<li>Pain in your neck or throat</li>\n<li>Hoarseness or other changes in your voice</li>\n<li>Shortness of breath</li>\n<li>Swallowing difficulty</li>\n</ul>\n\n\nThese signs and symptoms don't necessarily mean you have Hurthle cell cancer. They may be indications of other medical conditions \u2014 such as inflammation of the thyroid gland or a noncancerous enlargement of the thyroid (goiter).\n\n<b>When to see a doctor</b>\nMake an appointment with your doctor if you have any signs or symptoms that worry you.", 
    "Title": "Hurthle cell cancer", 
    "Treatment": "Treatment for Hurthle cell cancer usually requires surgery to remove the thyroid. Radiation therapy and chemotherapy may be options.\n\n<b>Surgery</b>\nTotal or near-total removal of the thyroid (thyroidectomy) is the most common treatment for Hurthle cell cancer.\n\nDuring thyroidectomy, the surgeon removes all or nearly all of the thyroid gland and leaves tiny edges of thyroid tissue near small adjacent glands (parathyroid glands) to lessen the chance of injuring them. The parathyroid glands regulate your body's calcium level.\n\nSurrounding lymph nodes may be removed if there's suspicion that the cancer has spread to them.\n\nRisks associated with thyroidectomy include:\n\n<ul>\n<li>Injury to the nerve that controls the voice box (recurrent laryngeal nerve), which could cause temporary or permanent hoarseness or a loss of your voice</li>\n<li>Damage to the parathyroid glands</li>\n<li>Excessive bleeding</li>\n</ul>\n\n\nAfter surgery, your doctor will prescribe the hormone levothyroxine (Synthroid, Unithroid, others) to replace the hormone produced by your thyroid. You'll need to take this hormone for the rest of your life.\n\n<b>Radioactive iodine therapy</b>\nRadioactive iodine therapy involves swallowing a capsule that contains a radioactive liquid.\n\nRadioactive iodine therapy may be recommended after surgery because it can help destroy any remaining thyroid tissue, which can contain traces of cancer. Radioactive iodine therapy may also be used if Hurthle cell cancer has spread to other parts of the body.\n\nTemporary side effects of radioiodine therapy can include:\n\n<ul>\n<li>Dry mouth</li>\n<li>Decrease in taste sensations</li>\n<li>Neck tenderness</li>\n<li>Nausea</li>\n</ul>\n\n\n<b>Radiation therapy</b>\nRadiation therapy uses high-powered energy beams, such as X-rays or protons, to kill cancer cells. During radiation therapy, you're positioned on a table and a machine moves around you, delivering the radiation to specific points on your body.\n\nRadiation therapy may be an option if cancer cells remain after surgery and radioactive iodine treatment or if Hurthle cell cancer spreads.\n\nSide effects may include:\n\n<ul>\n<li>Sore throat</li>\n<li>Sunburn-like skin rash</li>\n<li>Fatigue</li>\n</ul>\n\n\n<b>Targeted drug therapy</b>\nTargeted drug treatments use medications that attack specific abnormalities within cancer cells. Targeted therapy may be an option if your Hurthle cell cancer returns after other treatments or if it spreads to distant parts of your body.\n\nSide effects depend on the particular drug, but may include:\n\n<ul>\n<li>Diarrhea</li>\n<li>Fatigue</li>\n<li>High blood pressure</li>\n<li>Liver problems</li>\n</ul>\n\n\nTargeted drug therapy is an active area of cancer research. Doctors are studying many new targeted therapy drugs for use in people with thyroid cancer."
}