{
    "Aliases": [], 
    "Causes": "Delirium occurs when the normal sending and receiving of signals in the brain become impaired. This impairment is most likely caused by a combination of factors that make the brain vulnerable and trigger a malfunction in brain activity.\n\nDelirium may have a single cause or more than one cause, such as a combination of a medical condition and drug toxicity. Sometimes no cause can be identified. Possible causes include:\n\n<ul>\n<li>Certain medications or drug toxicity</li>\n<li>Alcohol or drug intoxication or withdrawal</li>\n<li>A medical condition, such as a stroke, heart attack, worsening lung or liver disease, or an injury from a fall</li>\n<li>Metabolic imbalances, such as low sodium or low calcium</li>\n<li>Severe, chronic or terminal illness</li>\n<li>Fever and acute infection, particularly in children</li>\n<li>Urinary tract infection, pneumonia or the flu, especially in older adults</li>\n<li>Exposure to a toxin, such as carbon monoxide, cyanide or other poisons</li>\n<li>Malnutrition or dehydration</li>\n<li>Sleep deprivation or severe emotional distress</li>\n<li>Pain</li>\n<li>Surgery or other medical procedures that include anesthesia</li>\n</ul>\n\n\nSeveral medications or combinations of drugs can trigger delirium, including some types of:\n\n<ul>\n<li>Pain drugs</li>\n<li>Sleep medications</li>\n<li>Medications for mood disorders, such as anxiety and depression</li>\n<li>Allergy medications (antihistamines)</li>\n<li>Asthma medications</li>\n<li>Steroid medicines called corticosteroids</li>\n<li>Parkinson's disease drugs</li>\n<li>Drugs for treating spasms or convulsions</li>\n</ul>", 
    "Clinical trials": "Explore Mayo Clinic studies testing new treatments, interventions and tests as a means to prevent, detect, treat or manage this disease.", 
    "Complications": "Delirium may last only a few hours or as long as several weeks or months. If issues contributing to delirium are addressed, the recovery time is often shorter.\n\nThe degree of recovery depends to some extent on the health and mental status before the onset of delirium. People with dementia, for example, may experience a significant overall decline in memory and thinking skills. People in better health are more likely to fully recover.\n\nPeople with other serious, chronic or terminal illnesses may not regain the levels of thinking skills or functioning that they had before the onset of delirium. Delirium in seriously ill people is also more likely to lead to:\n\n<ul>\n<li>General decline in health</li>\n<li>Poor recovery from surgery</li>\n<li>Need for institutional care</li>\n<li>Increased risk of death</li>\n</ul>", 
    "Coping and support": "If you're a relative or caregiver of someone at risk of or recovering from delirium, you can take steps to help improve the person's health, prevent a recurrence and manage responsibilities.\n\n<b>Promote good sleep habits</b>\nTo promote good sleep habits:\n\n<ul>\n<li>Provide a calm, quiet environment</li>\n<li>Keep inside lighting appropriate for the time of day</li>\n<li>Plan for uninterrupted periods of sleep at night</li>\n<li>Help the person keep a regular daytime schedule</li>\n<li>Encourage self-care and activity during the day</li>\n</ul>\n\n\n<b>Promote calmness and orientation</b>\nTo help the person remain calm and well-oriented:\n\n<ul>\n<li>Provide a clock and calendar and refer to them regularly throughout the day</li>\n<li>Communicate simply about any change in activity, such as time for lunch or time for bed</li>\n<li>Keep familiar and favorite objects and pictures around, but avoid a cluttered environment</li>\n<li>Approach the person calmly</li>\n<li>Identify yourself or other people regularly</li>\n<li>Avoid arguments</li>\n<li>Use comfort measures, such as reassuring touch, when appropriate</li>\n<li>Minimize noise levels and other distractions</li>\n<li>Provide and maintain eyeglasses and hearing aids</li>\n</ul>\n\n\n<b>Prevent complicating problems</b>\nHelp prevent medical problems by:\n\n<ul>\n<li>Giving the person the proper medication on a regular schedule</li>\n<li>Providing plenty of fluids and a healthy diet</li>\n<li>Encouraging regular physical activity</li>\n<li>Getting prompt treatment for potential problems, such as infections or metabolic imbalances</li>\n</ul>\n\n\n<b>Caring for the caregiver</b>\nProviding regular care for a person with delirium can be scary and exhausting. Take care of yourself, too.\n\n<ul>\n<li>Consider joining a support group for caregivers.</li>\n<li>Learn more about the condition.</li>\n<li>Ask for educational materials or other resources from a health care provider, nonprofit organizations, community health services or government agencies.</li>\n<li>Share caregiving with family and friends who are familiar to the person so you get a break.</li>\n</ul>\n\n\nExamples of organizations that may provide helpful information include the Caregiver Action Network and the National Institute on Aging.", 
    "Diagnosis": "A doctor can diagnose delirium on the basis of medical history, tests to assess mental status and the identification of possible contributing factors. An examination may include:\n\n<ul>\n<li>Mental status assessment. A doctor starts by assessing awareness, attention and thinking. This may be done informally through conversation, or with tests or screenings that assess mental state, confusion, perception and memory. Additional information from family members or caregivers can be helpful.</li>\n<li>Physical and neurological exams. The doctor performs a physical exam, checking for signs of health problems or underlying disease. A neurological exam \u2014 checking vision, balance, coordination and reflexes \u2014 can help determine if a stroke or another neurological disease is causing the delirium.</li>\n<li>Other tests. The doctor may order blood, urine and other diagnostic tests. Brain-imaging tests may be used when a diagnosis can't be made with other available information.</li>\n</ul>", 
    "Id": "syc-20371386", 
    "Overview": "Delirium is a serious disturbance in mental abilities that results in confused thinking and reduced awareness of the environment. The start of delirium is usually rapid \u2014 within hours or a few days.\n\nDelirium can often be traced to one or more contributing factors, such as a severe or chronic illness, changes in metabolic balance (such as low sodium), medication, infection, surgery, or alcohol or drug intoxication or withdrawal.\n\nBecause symptoms of delirium and dementia can be similar, input from a family member or caregiver may be important for a doctor to make an accurate diagnosis.", 
    "Preparing for your appointment": "If you're the relative or primary caregiver of a person with delirium, you'll likely play a role in making an appointment or providing information to the doctor. Here's some information to help you get ready for the appointment and know what to expect from the doctor.\n\n<b>What you can do</b>\nBefore the appointment, make a list of:\n\n<ul>\n<li>All medications, including all prescriptions, over-the-counter medications and supplements the person takes, and the dosages \u2014 noting any recent medication changes</li>\n<li>Names and contact information of any health care providers, therapists or other clinicians who provide care for the person</li>\n<li>The symptoms and when they started, describing all signs and symptoms and minor changes in behaviors that preceded the delirium symptoms, such as pain, fever or coughing</li>\n<li>Questions you want to ask the doctor</li>\n</ul>\n\n\n<b>What to expect from the doctor</b>\nThe doctor is likely to ask a number of questions about the person with delirium. These may include:\n\n<ul>\n<li>What are the symptoms and when did they begin?</li>\n<li>Is there or was there a recent fever, cough, urinary tract infection or sign of pain?</li>\n<li>Is there or was there a recent fever, cough or urinary tract infection?</li>\n<li>Was there a recent head injury or other trauma?</li>\n<li>What were the person's memory and other thinking skills like before the symptoms started?</li>\n<li>How well did the person perform everyday activities before the onset of symptoms?</li>\n<li>Can he or she usually function independently?</li>\n<li>What other medical conditions have been diagnosed?</li>\n<li>Are prescription medications taken as directed? When did the person take the most recent dose of each?</li>\n<li>Are there any new medications?</li>\n<li>Do you know if the person recently used drugs or alcohol? Does the person have a history of alcohol or drug misuse? Is there any change in the pattern of use, such as increasing or stopping use?</li>\n<li>Has the person recently appeared depressed, extremely sad or withdrawn?</li>\n<li>Has the person indicated that he or she does not feel safe?</li>\n<li>Are there any signs of paranoia?</li>\n<li>Has the person seen or heard things that no one else does?</li>\n<li>Are there any new physical symptoms \u2014 for example, chest or abdominal pain?</li>\n</ul>\n\n\nThe doctor will ask additional questions based on your responses and the person's symptoms and needs. Preparing and anticipating questions will help you make the most of your appointment time.", 
    "Prevention": "The most successful approach to preventing delirium is to target risk factors that might trigger an episode. Hospital environments present a special challenge \u2014 frequent room changes, invasive procedures, loud noises, poor lighting, and lack of natural light and sleep can worsen confusion.\n\nEvidence indicates that certain strategies \u2014 promoting good sleep habits, helping the person remain calm and well-oriented, and helping prevent medical problems or other complications \u2014 can help prevent or reduce the severity of delirium.", 
    "Risk factors": "Any condition that results in a hospital stay, especially in intensive care or after surgery, increases the risk of delirium, as does being a resident in a nursing home. Delirium is more common in older adults.\n\nExamples of other conditions that increase the risk of delirium include:\n\n<ul>\n<li>Brain disorders such as dementia, stroke or Parkinson's disease</li>\n<li>Previous delirium episodes</li>\n<li>Visual or hearing impairment</li>\n<li>The presence of multiple medical problems</li>\n</ul>", 
    "Symptoms": "Signs and symptoms of delirium usually begin over a few hours or a few days. They often fluctuate throughout the day, and there may be periods of no symptoms. Symptoms tend to be worse during the night when it's dark and things look less familiar. Primary signs and symptoms include those below.\n\n<b>Reduced awareness of the environment</b>\nThis may result in:\n\n<ul>\n<li>An inability to stay focused on a topic or to switch topics</li>\n<li>Getting stuck on an idea rather than responding to questions or conversation</li>\n<li>Being easily distracted by unimportant things</li>\n<li>Being withdrawn, with little or no activity or little response to the environment</li>\n</ul>\n\n\n<b>Poor thinking skills (cognitive impairment)</b>\nThis may appear as:\n\n<ul>\n<li>Poor memory, particularly of recent events</li>\n<li>Disorientation \u2014 for example, not knowing where you are or who you are</li>\n<li>Difficulty speaking or recalling words</li>\n<li>Rambling or nonsense speech</li>\n<li>Trouble understanding speech</li>\n<li>Difficulty reading or writing</li>\n</ul>\n\n\n<b>Behavior changes</b>\nThese may include:\n\n<ul>\n<li>Seeing things that don't exist (hallucinations)</li>\n<li>Restlessness, agitation or combative behavior</li>\n<li>Calling out, moaning or making other sounds</li>\n<li>Being quiet and withdrawn \u2014 especially in older adults</li>\n<li>Slowed movement or lethargy</li>\n<li>Disturbed sleep habits</li>\n<li>Reversal of night-day sleep-wake cycle</li>\n</ul>\n\n\n<b>Emotional disturbances</b>\nThese may appear as:\n\n<ul>\n<li>Anxiety, fear or paranoia</li>\n<li>Depression</li>\n<li>Irritability or anger</li>\n<li>A sense of feeling elated (euphoria)</li>\n<li>Apathy</li>\n<li>Rapid and unpredictable mood shifts</li>\n<li>Personality changes</li>\n</ul>\n\n\n<b>Types of delirium</b>\nExperts have identified three types of delirium:\n\n<ul>\n<li>Hyperactive delirium. Probably the most easily recognized type, this may include restlessness (for example, pacing), agitation, rapid mood changes or hallucinations, and refusal to cooperate with care.</li>\n<li>Hypoactive delirium. This may include inactivity or reduced motor activity, sluggishness, abnormal drowsiness, or seeming to be in a daze.</li>\n<li>Mixed delirium. This includes both hyperactive and hypoactive signs and symptoms. The person may quickly switch back and forth from hyperactive to hypoactive states.</li>\n</ul>\n\n\n<b>Delirium and dementia</b>\nDementia and delirium may be particularly difficult to distinguish, and a person may have both. In fact, delirium frequently occurs in people with dementia. But having episodes of delirium does not always mean a person has dementia. So a dementia assessment should not be done during a delirium episode because the results could be misleading.\n\nDementia is the progressive decline of memory and other thinking skills due to the gradual dysfunction and loss of brain cells. The most common cause of dementia is Alzheimer's disease.\n\nSome differences between the symptoms of delirium and dementia include:\n\n<ul>\n<li>Onset. The onset of delirium occurs within a short time, while dementia usually begins with relatively minor symptoms that gradually worsen over time.</li>\n<li>Attention. The ability to stay focused or maintain attention is significantly impaired with delirium. A person in the early stages of dementia remains generally alert.</li>\n<li>Fluctuation. The appearance of delirium symptoms can fluctuate significantly and frequently throughout the day. While people with dementia have better and worse times of day, their memory and thinking skills stay at a fairly constant level during the course of a day.</li>\n</ul>\n\n\n<b>When to see a doctor</b>\nIf a relative, friend or someone in your care shows any signs or symptoms of delirium, see a doctor. Your input about the person's symptoms, typical thinking and everyday abilities will be important for a proper diagnosis and for finding the underlying cause.\n\nIf you notice signs and symptoms of delirium in a person in a hospital or nursing home, report your concerns to the nursing staff or doctor rather than assuming that those problems have been observed. Older people recovering in the hospital or living in a long-term care facility are particularly at risk of delirium.", 
    "Title": "Delirium", 
    "Treatment": "The first goal of treatment for delirium is to address any underlying causes or triggers \u2014 for example, by stopping use of a particular medication, addressing metabolic imbalances or treating an infection. Treatment then focuses on creating the best environment for healing the body and calming the brain.\n\n<b>Supportive care</b>\nSupportive care aims to prevent complications by:\n\n<ul>\n<li>Protecting the airway</li>\n<li>Providing fluids and nutrition</li>\n<li>Assisting with movement</li>\n<li>Treating pain</li>\n<li>Addressing incontinence</li>\n<li>Avoiding use of physical restraints and bladder tubes</li>\n<li>Avoiding changes in surroundings and caregivers when possible</li>\n<li>Encouraging the involvement of family members or familiar people</li>\n</ul>\n\n\n<b>Medications</b>\nIf you're a family member or caregiver of someone who experiences delirium, talk with the doctor about avoiding or minimizing the use of drugs that may trigger delirium. Certain medications may be needed to control pain that's causing delirium.\n\nOther types of medications may help calm a person who has severe agitation or confusion or who misinterprets the environment in a way that leads to severe paranoia, fear or hallucinations. These medications may be needed when certain behaviors:\n\n<ul>\n<li>Prevent the performance of a medical exam or treatment</li>\n<li>Endanger the person or threaten the safety of others</li>\n<li>Don't lessen with nondrug treatments</li>\n</ul>\n\n\nThese medications are usually reduced in dose or discontinued when the delirium resolves."
}