{
    "Aliases": [], 
    "Alternative medicine": "Some experts suspect that people who develop diverticulitis may not have enough good bacteria in their colons. Probiotics \u2014 foods or supplements that contain beneficial bacteria \u2014 are sometimes suggested as a way to prevent diverticulitis. But that advice hasn't been scientifically validated.", 
    "Causes": "Diverticula usually develop when naturally weak places in your colon give way under pressure. This causes marble-sized pouches to protrude through the colon wall.\n\nDiverticulitis occurs when diverticula tear, resulting in inflammation or infection or both.", 
    "Clinical trials": "Explore Mayo Clinic studies testing new treatments, interventions and tests as a means to prevent, detect, treat or manage this disease.", 
    "Complications": "About 25 percent of people with acute diverticulitis develop complications, which may include:\n\n<ul>\n<li>An abscess, which occurs when pus collects in the pouch.</li>\n<li>A blockage in your colon or small intestine caused by scarring.</li>\n<li>An abnormal passageway (fistula) between sections of bowel or the bowel and bladder.</li>\n<li>Peritonitis, which can occur if the infected or inflamed pouch ruptures, spilling intestinal contents into your abdominal cavity. Peritonitis is a medical emergency and requires immediate care.</li>\n</ul>", 
    "Diagnosis": "Diverticulitis is usually diagnosed during an acute attack. Because abdominal pain can indicate a number of problems, your doctor will need to rule out other causes for your symptoms.\n\nYour doctor will likely start with a physical examination, which will include checking your abdomen for tenderness. Women generally have a pelvic examination as well to rule out pelvic disease.\n\nAfter that, the following tests are likely:\n\n<ul>\n<li>Blood and urine tests, to check for signs of infection.</li>\n<li>A pregnancy test for women of childbearing age, to rule out pregnancy as a cause of abdominal pain.</li>\n<li>A liver enzyme test, to rule out liver-related causes of abdominal pain.</li>\n<li>A stool test, to rule out infection in people who have diarrhea.</li>\n<li>A CT scan, which can identify inflamed or infected pouches and confirm a diagnosis of diverticulitis. CT can also indicate the severity of diverticulitis and guide treatment.</li>\n</ul>", 
    "Id": "syc-20371758", 
    "Overview": "Diverticula are small, bulging pouches that can form in the lining of your digestive system. They are found most often in the lower part of the large intestine (colon). Diverticula are common, especially after age 40, and seldom cause problems.\n\nSometimes, however, one or more of the pouches become inflamed or infected. That condition is known as diverticulitis (die-vur-tik-yoo-LIE-tis). Diverticulitis can cause severe abdominal pain, fever, nausea and a marked change in your bowel habits.\n\nMild diverticulitis can be treated with rest, changes in your diet and antibiotics. Severe or recurring diverticulitis may require surgery.", 
    "Preparing for your appointment": "You may be referred to a doctor who specializes in disorders of the digestive system (gastroenterologist).\n\n<b>What you can do</b>\n<ul>\n<li>Be aware of any pre-appointment restrictions, such as not eating solid food on the day before your appointment.</li>\n<li>Write down your symptoms, including any that may seem unrelated to the reason why you scheduled the appointment.</li>\n<li>Make a list of all your medications, vitamins and supplements.</li>\n<li>Write down your key medical information, including other conditions.</li>\n<li>Write down key personal information, including any recent changes or stressors in your life.</li>\n<li>Ask a relative or friend to accompany you, to help you remember what the doctor says.</li>\n<li>Write down questions to ask your doctor.</li>\n</ul>\n\n\n<b>Questions to ask your doctor</b>\n<ul>\n<li>What's the most likely cause of my symptoms?</li>\n<li>What kinds of tests do I need? Do these tests require any special preparation?</li>\n<li>What treatments are available?</li>\n<li>Will the diverticulitis come back?</li>\n<li>Should I remove or add any foods in my diet?</li>\n<li>I have other health conditions. How can I best manage these conditions together?</li>\n</ul>\n\n\nIn addition to the questions that you've prepared to ask your doctor, don't hesitate to ask other questions during your appointment.\n\n<b>What to expect from your doctor</b>\nYour doctor is likely to ask you a number of questions. Being ready to answer them may make time to go over points you want to spend more time on. You may be asked:\n\n<ul>\n<li>When did you first begin experiencing symptoms, and how severe are they?</li>\n<li>Have your symptoms been continuous or occasional?</li>\n<li>What, if anything, seems to improve or worsen your symptoms?</li>\n<li>Have you had a fever?</li>\n<li>What medications and pain relievers do you take?</li>\n<li>Have you had any pain with urination with urination?</li>\n<li>Have you ever had a screening test for colon cancer (colonoscopy)?</li>\n</ul>", 
    "Prevention": "To help prevent diverticulitis:\n\n<ul>\n<li>Exercise regularly. Exercise promotes normal bowel function and reduces pressure inside your colon. Try to exercise at least 30 minutes on most days.</li>\n<li>Eat more fiber. A high-fiber diet decreases the risk of diverticulitis. Fiber-rich foods, such as fresh fruits and vegetables and whole grains, soften waste material and help it pass more quickly through your colon. Eating seeds and nuts isn't associated with developing diverticulitis.</li>\n<li>Drink plenty of fluids. Fiber works by absorbing water and increasing the soft, bulky waste in your colon. But if you don't drink enough liquid to replace what's absorbed, fiber can be constipating.</li>\n</ul>", 
    "Risk factors": "Several factors may increase your risk of developing diverticulitis:\n\n<ul>\n<li>Aging. The incidence of diverticulitis increases with age.</li>\n<li>Obesity. Being seriously overweight increases your odds of developing diverticulitis.</li>\n<li>Smoking. People who smoke cigarettes are more likely than nonsmokers to experience diverticulitis.</li>\n<li>Lack of exercise. Vigorous exercise appears to lower your risk of diverticulitis.</li>\n<li>Diet high in animal fat and low in fiber. A low-fiber diet in combination with a high intake of animal fat seems to increase risk, although the role of low fiber alone isn't clear.</li>\n<li>Certain medications Several drugs are associated with an increased risk of diverticulitis, including steroids, opioids and nonsteroidal anti-inflammatory drugs, such as ibuprofen (Advil, Motrin IB, others) and naproxen sodium (Aleve).</li>\n</ul>", 
    "Symptoms": "The signs and symptoms of diverticulitis include:\n\n<ul>\n<li>Pain, which may be constant and persist for several days. The lower left side of the abdomen is the usual site of the pain. Sometimes, however, the right side of the abdomen is more painful, especially in people of Asian descent.</li>\n<li>Nausea and vomiting.</li>\n<li>Fever.</li>\n<li>Abdominal tenderness.</li>\n<li>Constipation or, less commonly, diarrhea.</li>\n</ul>\n\n\n<b>When to see a doctor</b>\nGet medical attention anytime you have constant, unexplained abdominal pain, particularly if you also have fever and constipation or diarrhea.", 
    "Title": "Diverticulitis", 
    "Treatment": "Treatment depends on the severity of your signs and symptoms.\n\n<b>Uncomplicated diverticulitis</b>\nIf your symptoms are mild, you may be treated at home. Your doctor is likely to recommend:\n\n<ul>\n<li>Antibiotics to treat infection, although new guidelines state that in very mild cases, they may not be needed.</li>\n<li>A liquid diet for a few days while your bowel heals. Once your symptoms improve, you can gradually add solid food to your diet.</li>\n<li>An over-the-counter pain reliever, such as acetaminophen (Tylenol, others).</li>\n</ul>\n\n\nThis treatment is successful in most people with uncomplicated diverticulitis.\n\n<b>Complicated diverticulitis</b>\nIf you have a severe attack or have other health problems, you'll likely need to be hospitalized. Treatment generally involves:\n\n<ul>\n<li>Intravenous antibiotics</li>\n<li>Insertion of a tube to drain an abdominal abscess, if one has formed</li>\n</ul>\n\n\n<b>Surgery</b>\nYou'll likely need surgery to treat diverticulitis if:\n\n<ul>\n<li>You have a complication, such as a bowel abscess, fistula or obstruction, or a puncture (perforation) in the bowel wall</li>\n<li>You have had multiple episodes of uncomplicated diverticulitis</li>\n<li>You have a weakened immune system</li>\n</ul>\n\n\nThere are two main types of surgery:\n\n<ul>\n<li>Primary bowel resection. The surgeon removes diseased segments of your intestine and then reconnects the healthy segments (anastomosis). This allows you to have normal bowel movements. Depending on the amount of inflammation, you may have open surgery or a minimally invasive (laparoscopic) procedure.</li>\n<li>Bowel resection with colostomy. If you have so much inflammation that it's not possible to rejoin your colon and rectum, the surgeon will perform a colostomy. An opening (stoma) in your abdominal wall is connected to the healthy part of your colon. Waste passes through the opening into a bag. Once the inflammation has eased, the colostomy may be reversed and the bowel reconnected.</li>\n</ul>\n\n\n<b>Follow-up care</b>\nYour doctor may recommend colonoscopy six weeks after you recover from diverticulitis, especially if you haven't had the test in the previous year. There doesn't appear to be a direct link between diverticular disease and colon or rectal cancer. But colonoscopy \u2014 which isn't possible during a diverticulitis attack \u2014 can exclude colon cancer as a cause of your symptoms.\n\nAfter successful treatment, your doctor may recommend surgery to prevent future episodes of diverticulitis. The decision on surgery is an individual one and is often based on the frequency of attacks and whether complications have occurred."
}