{
    "Aliases": [], 
    "Alternative medicine": "Some children and adolescents with cerebral palsy use some form of complementary or alternative medicine.\n\nFor example, hyperbaric oxygen therapy is widely promoted for cerebral palsy treatment despite limited evidence of efficacy. This and other unproven therapies for cerebral palsy should be viewed with skepticism. Controlled clinical trials involving therapies such as hyperbaric oxygen therapy, resistance exercise training using special clothing, assisted motion completion for children and certain forms of electrical stimulation have been inconclusive or showed no benefit to date, and the therapies are not accepted mainstream clinical practice.\n\nStem cell therapy is being explored as a treatment approach for cerebral palsy, but research is still assessing whether such approaches are safe and effective. Studies in the U.S. and elsewhere are examining the safety and tolerability of umbilical cord blood stem cell infusion in children with cerebral palsy.", 
    "Causes": "Cerebral palsy is caused by an abnormality or disruption in brain development, usually before a child is born. In many cases, the exact trigger isn't known. Factors that may lead to problems with brain development include:\n\n<ul>\n<li>Mutations in genes that lead to abnormal brain development</li>\n<li>Maternal infections that affect the developing fetus</li>\n<li>Fetal stroke, a disruption of blood supply to the developing brain</li>\n<li>Infant infections that cause inflammation in or around the brain</li>\n<li>Traumatic head injury to an infant from a motor vehicle accident or fall</li>\n<li>Lack of oxygen to the brain (asphyxia) related to difficult labor or delivery, although birth-related asphyxia is much less commonly a cause than historically thought</li>\n</ul>", 
    "Clinical trials": "Explore Mayo Clinic studies testing new treatments, interventions and tests as a means to prevent, detect, treat or manage this disease.", 
    "Complications": "Muscle weakness, muscle spasticity and coordination problems can contribute to a number of complications either during childhood or later during adulthood, including:\n\n<ul>\n<li>Contracture. Contracture is muscle tissue shortening due to severe muscle tightening (spasticity). Contracture can inhibit bone growth, cause bones to bend, and result in joint deformities, dislocation or partial dislocation.</li>\n<li>Malnutrition. Swallowing or feeding problems can make it difficult for someone who has cerebral palsy, particularly an infant, to get enough nutrition. This may cause impaired growth and weaker bones. Some children may need a feeding tube for adequate nutrition.</li>\n<li>Mental health conditions. People with cerebral palsy may have mental health (psychiatric) conditions, such as depression. Social isolation and the challenges of coping with disabilities can contribute to depression.</li>\n<li>Lung disease. People with cerebral palsy may develop lung disease and breathing disorders.</li>\n<li>Neurological conditions. People with cerebral palsy may be more likely to develop movement disorders or worsened neurological symptoms over time.</li>\n<li>Osteoarthritis. Pressure on joints or abnormal alignment of joints from muscle spasticity may lead to the early onset of painful degenerative bone disease (osteoarthritis).</li>\n<li>Osteopenia. Fractures due to low bone density (osteopenia) can stem from several common factors such as lack of mobility, nutritional shortcomings and antiepileptic drug use.</li>\n<li>Eye muscle imbalance. This can affect visual fixation and tracking; an eye specialist should evaluate suspected imbalances.</li>\n</ul>", 
    "Coping and support": "When a child is diagnosed with a disabling condition, the whole family faces new challenges. Here are a few tips for caring for your child and yourself:\n\n<ul>\n<li>Foster your child's independence. Encourage any effort at independence, no matter how small. Just because you can do something faster or more easily than your child doesn't mean you should.</li>\n<li>Be an advocate for your child. You are an important part of your child's health care team. Don't be afraid to speak out on your child's behalf or to ask tough questions of your physicians, therapists and teachers.</li>\n<li>\n    Find support. A circle of support can make a big difference in helping you cope with cerebral palsy and its effects. As a parent, you may feel grief and guilt over your child's disability.\n    Your doctor can help you locate support groups, organizations and counseling services in your community. Your child may also benefit from family support programs, school programs and counseling.\n    </li>\n</ul>", 
    "Diagnosis": "If your family doctor or pediatrician suspects your child has cerebral palsy, he or she will evaluate your child's signs and symptoms, review your child's medical history, and conduct a physical evaluation. Your doctor may refer you to a specialist trained in treating children with brain and nervous system conditions (pediatric neurologist).\n\nYour doctor will also order a series of tests to make a diagnosis and rule out other possible causes.\n\n<b>Brain scans</b>\nBrain-imaging technologies can reveal areas of damage or abnormal development in the brain. These tests may include the following:\n\n<ul>\n<li>\n    Magnetic resonance imaging (MRI). An MRI uses radio waves and a magnetic field to produce detailed 3-D or cross-sectional images of your child's brain. An MRI can often identify any lesions or abnormalities in your child's brain.\n    This test is painless, but it's noisy and can take up to an hour to complete. Your child will likely receive a mild sedative beforehand. An MRI is usually the preferred imaging test.\n    </li>\n<li>Cranial ultrasound. This can be performed during infancy. A cranial ultrasound uses high-frequency sound waves to obtain images of the brain. An ultrasound doesn't produce a detailed image, but it may be used because it's quick and inexpensive, and it can provide a valuable preliminary assessment of the brain.</li>\n</ul>\n\n\nIf your child has had seizures, your doctor may order an electroencephalogram (EEG) to determine if he or she has epilepsy, which often occurs in people with cerebral palsy. In an EEG test, a series of electrodes are affixed to your child's scalp.\n\nThe EEG records the electrical activity of your child's brain. If he or she has epilepsy, it's common for there to be changes in normal brain wave patterns.\n\n<b>Laboratory tests</b>\nLaboratory tests may also screen for genetic or metabolic problems.\n\n<b>Additional tests</b>\nIf your child is diagnosed with cerebral palsy, you'll likely be referred to specialists for assessments of other conditions often associated with the disorder. These tests may identify:\n\n<ul>\n<li>Vision impairment</li>\n<li>Hearing impairment</li>\n<li>Speech delays or impairments</li>\n<li>Intellectual disabilities</li>\n<li>Other developmental delays</li>\n<li>Movement disorders</li>\n</ul>", 
    "Id": "syc-20353999", 
    "Overview": "Cerebral palsy is a disorder of movement, muscle tone or posture that is caused by damage that occurs to the immature, developing brain, most often before birth.\n\nSigns and symptoms appear during infancy or preschool years. In general, cerebral palsy causes impaired movement associated with abnormal reflexes, floppiness or rigidity of the limbs and trunk, abnormal posture, involuntary movements, unsteady walking, or some combination of these.\n\nPeople with cerebral palsy may have problems swallowing and commonly have eye muscle imbalance, in which the eyes don't focus on the same object. People with cerebral palsy also may suffer reduced range of motion at various joints of their bodies due to muscle stiffness.\n\nCerebral palsy's effect on functional abilities varies greatly. Some affected people can walk while others can't. Some people show normal or near-normal intellectual capacity, but others may have intellectual disabilities. Epilepsy, blindness or deafness also may be present.", 
    "Preparing for your appointment": "If your child has cerebral palsy, how you learn about your child's condition may depend on the severity of the disabilities, when problems first appeared, and whether there were any risk factors during pregnancy or delivery.\n\n<b>What you can do</b>\n<ul>\n<li>Write down current symptoms, even if some may seem unrelated to your child's cerebral palsy concerns.</li>\n<li>Make a list of all your or your child's medications, vitamins and supplements.</li>\n<li>Bring any clinical notes, scans, laboratory test results or other information from your primary care provider to your Mayo Clinic caregivers.</li>\n<li>Write down your or your child's key medical information, including other conditions.</li>\n<li>Write down key personal information, including any recent changes or stressors in your child's life.</li>\n<li>Write down questions to ask your doctor.</li>\n<li>Ask a relative or friend to accompany you, to help you remember what your doctor says.</li>\n</ul>\n\n\n<b>What to expect from your doctor</b>\nYour doctor may ask you several questions during appointments, including:\n\n<ul>\n<li>What concerns do you have about your child's growth or development?</li>\n<li>How well does he or she eat?</li>\n<li>How does your child respond to touch?</li>\n<li>Do you observe any favoring of one side of the body?</li>\n<li>Is your child reaching certain milestones in development, such as rolling over, pushing up, sitting up, crawling, walking or speaking?</li>\n</ul>\n\n\n<b>Questions to ask your doctor</b>\nIf your family doctor or pediatrician believes that your child exhibits signs of cerebral palsy, you may want to discuss the following questions:\n\n<ul>\n<li>What diagnostic tests will we need?</li>\n<li>When will we know the results of the tests?</li>\n<li>What specialists will we need to see?</li>\n<li>How will we screen for disorders commonly associated with cerebral palsy?</li>\n<li>How will you monitor my child's health and development?</li>\n<li>Can you suggest educational materials and local support services regarding cerebral palsy?</li>\n<li>Can my child be followed through a multidisciplinary program that addresses all of his or her needs on the same visit, such as a cerebral palsy clinic?</li>\n</ul>\n\n\n<b>What you can do in the meantime</b>\nIt's important to take your child to all regularly scheduled well-baby visits and annual appointments during childhood. These visits are an opportunity for your child's doctor to monitor your child's development in key areas, including:\n\n<ul>\n<li>Growth</li>\n<li>Muscle tone</li>\n<li>Muscle strength</li>\n<li>Coordination</li>\n<li>Posture</li>\n<li>Age-appropriate motor skills</li>\n<li>Sensory abilities, such as vision, hearing and touch</li>\n</ul>", 
    "Prevention": "Most cases of cerebral palsy can't be prevented, but you can lessen risks. If you're pregnant or planning to become pregnant, you can take these steps to keep healthy and minimize pregnancy complications:\n\n<ul>\n<li>Make sure you're vaccinated. Vaccination against diseases such as rubella may prevent an infection that could cause fetal brain damage.</li>\n<li>Take care of yourself. The healthier you are heading into a pregnancy, the less likely you'll be to develop an infection that may result in cerebral palsy.</li>\n<li>Seek early and continuous prenatal care. Regular visits to your doctor during your pregnancy are a good way to reduce health risks to you and your unborn baby. Seeing your doctor regularly can help prevent premature birth, low birth weight and infections.</li>\n<li>Practice good child safety. Prevent head injuries by providing your child with a car seat, bicycle helmet, safety rails on beds and appropriate supervision.</li>\n</ul>", 
    "Risk factors": "A number of factors are associated with an increased risk of cerebral palsy.\n\nCertain infections or health problems during pregnancy can significantly increase cerebral palsy risk to the baby. Infections of particular concern include:\n\n<ul>\n<li>German measles (rubella). Rubella is a viral infection that can cause serious birth defects. It can be prevented with a vaccine.</li>\n<li>Chickenpox (varicella). Chickenpox is a contagious viral infection that causes itching and rashes, and it can cause pregnancy complications. It too can be prevented with a vaccine.</li>\n<li>Cytomegalovirus. Cytomegalovirus is a common virus that causes flu-like symptoms and may lead to birth defects if a mother experiences her first active infection during pregnancy.</li>\n<li>Herpes. Herpes infection can be passed from mother to child during pregnancy, affecting the womb and placenta. Inflammation triggered by infection may then damage the unborn baby's developing nervous system.</li>\n<li>Toxoplasmosis. Toxoplasmosis is an infection caused by a parasite found in contaminated food, soil and the feces of infected cats.</li>\n<li>Syphilis. Syphilis is a sexually transmitted bacterial infection.</li>\n<li>Exposure to toxins. Exposure to toxins, such as methyl mercury, can increase the risk of birth defects.</li>\n<li>Zika virus infection. Infants for whom maternal Zika infection causes microcephaly can develop cerebral palsy.</li>\n<li>Other conditions. Other conditions may increase the risk of cerebral palsy, such as thyroid problems, intellectual disabilities or seizures.</li>\n</ul>\n\n\nIllnesses in a newborn baby that can greatly increase the risk of cerebral palsy include:\n\n<ul>\n<li>Bacterial meningitis. This bacterial infection causes inflammation in the membranes surrounding the brain and spinal cord.</li>\n<li>Viral encephalitis. This viral infection similarly causes inflammation in the membranes surrounding the brain and spinal cord.</li>\n<li>Severe or untreated jaundice. Jaundice appears as a yellowing of the skin. The condition occurs when certain byproducts of \"used\" blood cells aren't filtered from the bloodstream.</li>\n</ul>\n\n\nWhile the potential contribution from each is limited, additional pregnancy or birth factors associated with increased cerebral palsy risk include:\n\n<ul>\n<li>Breech births. Babies with cerebral palsy are more likely to be in a feet-first position (breech presentation) at the beginning of labor rather than headfirst.</li>\n<li>Complicated labor and delivery. Babies who exhibit vascular or respiratory problems during labor and delivery may have existing brain damage or abnormalities.</li>\n<li>Low birth weight. Babies who weigh less than 5.5 pounds (2.5 kilograms) are at higher risk of developing cerebral palsy. This risk increases as birth weight drops.</li>\n<li>Multiple babies. Cerebral palsy risk increases with the number of babies sharing the uterus. If one or more of the babies die, the chance that the survivors may have cerebral palsy increases.</li>\n<li>Premature birth. A normal pregnancy lasts 40 weeks. Babies born fewer than 37 weeks into the pregnancy are at higher risk of cerebral palsy. The earlier a baby is born, the greater the cerebral palsy risk.</li>\n<li>Rh blood type incompatibility between mother and child. If a mother's Rh blood type doesn't match her baby's, her immune system may not tolerate the developing baby's blood type and her body may begin to produce antibodies to attack and kill her baby's blood cells, which can cause brain damage.</li>\n</ul>", 
    "Symptoms": "Signs and symptoms can vary greatly. Movement and coordination problems associated with cerebral palsy may include:\n\n<ul>\n<li>Variations in muscle tone, such as being either too stiff or too floppy</li>\n<li>Stiff muscles and exaggerated reflexes (spasticity)</li>\n<li>Stiff muscles with normal reflexes (rigidity)</li>\n<li>Lack of muscle coordination (ataxia)</li>\n<li>Tremors or involuntary movements</li>\n<li>Slow, writhing movements (athetosis)</li>\n<li>Delays in reaching motor skills milestones, such as pushing up on arms, sitting up alone or crawling</li>\n<li>Favoring one side of the body, such as reaching with only one hand or dragging a leg while crawling</li>\n<li>Difficulty walking, such as walking on toes, a crouched gait, a scissors-like gait with knees crossing, a wide gait or an asymmetrical gait</li>\n<li>Excessive drooling or problems with swallowing</li>\n<li>Difficulty with sucking or eating</li>\n<li>Delays in speech development or difficulty speaking</li>\n<li>Difficulty with precise motions, such as picking up a crayon or spoon</li>\n<li>Seizures</li>\n</ul>\n\n\nThe disability associated with cerebral palsy may be limited primarily to one limb or one side of the body, or it may affect the whole body. The brain disorder causing cerebral palsy doesn't change with time, so the symptoms usually don't worsen with age. However, muscle shortening and muscle rigidity may worsen if not treated aggressively.\n\nBrain abnormalities associated with cerebral palsy also may contribute to other neurological problems. People with cerebral palsy may also have:\n\n<ul>\n<li>Difficulty with vision and hearing</li>\n<li>Intellectual disabilities</li>\n<li>Seizures</li>\n<li>Abnormal touch or pain perceptions</li>\n<li>Oral diseases</li>\n<li>Mental health (psychiatric) conditions</li>\n<li>Urinary incontinence</li>\n</ul>\n\n\nIt's important to get a prompt diagnosis for any movement disorder or possible delays in your child's development. See your child's doctor if you have any questions or concerns about episodes of loss of awareness of surroundings or of abnormal bodily movements (also known as seizures), abnormal muscle tone, impaired coordination, swallowing difficulties, eye muscle imbalance, or other developmental issues.", 
    "Title": "Cerebral palsy", 
    "Treatment": "Children and adults with cerebral palsy require long-term care with a medical care team. This team may include:\n\n<ul>\n<li>Pediatrician or physiatrist. A pediatrician oversees the treatment plan and medical care.</li>\n<li>Pediatric neurologist. A doctor trained to diagnose and treat children with brain and nervous system (neurological) disorders may be involved in your child's care.</li>\n<li>Orthopedic surgeon. A doctor trained to treat muscle and bone disorders may be involved to diagnose and treat muscle conditions.</li>\n<li>Physical therapist. A physical therapist may help your child improve strength and walking skills, and stretch muscles.</li>\n<li>Occupational therapist. An occupational therapist can provide therapy to your child to develop daily skills and to learn to use adaptive products that help with daily activities.</li>\n<li>Speech-language pathologist. A doctor trained to diagnose and treat speech and language disorders may work with your child if your child suffers from speech, swallowing or language difficulties.</li>\n<li>Developmental therapist. A developmental therapist may provide therapy to help your child develop age-appropriate behaviors, social skills and interpersonal skills.</li>\n<li>Mental health specialist. A mental health specialist, such as a psychologist or psychiatrist, may be involved in your child's care. He or she may help you and your child learn to cope with your child's disability.</li>\n<li>Recreation therapist. Participation in art and cultural programs, sports, and other events that help children expand physical and cognitive skills and abilities. Parents of children often note improvements in a child's speech, self-esteem and emotional well-being.</li>\n<li>Social worker. A social worker may assist your family to find services and plan for care transitions.</li>\n<li>Special education teacher. A special education teacher addresses learning disabilities, determines educational needs and identifies appropriate educational resources.</li>\n</ul>\n\n\n<b>Medications</b>\nMedications that can lessen the tightness of muscles may be used to improve functional abilities, treat pain and manage complications related to spasticity or other cerebral palsy symptoms.\n\nIt's important to talk about drug treatment risks with your doctor and discuss whether medical treatment is appropriate for your child's needs. Medication selection depends on whether the problem affects only certain muscles (isolated) or the whole body (generalized). Drug treatments may include the following:\n\n<ul>\n<li>\n    Isolated spasticity. When spasticity is isolated to one muscle group, your doctor may recommend onabotulinumtoxinA (Botox) injections directly into the muscle, nerve or both. Botox injections may help to improve drooling. Your child will need injections about every three months.\n    Side effects may include pain, mild flu-like symptoms, bruising or severe weakness. Other more-serious side effects include difficulty breathing and swallowing.\n    </li>\n<li>\n    Generalized spasticity. If the whole body is affected, oral muscle relaxants may relax stiff, contracted muscles. These drugs include diazepam (Valium), dantrolene (Dantrium) and baclofen (Gablofen).\n    Diazepam carries some dependency risk, so it's not recommended for long-term use. Its side effects include drowsiness, weakness and drooling.\n    Dantrolene side effects include sleepiness, weakness, nausea and diarrhea.\n    Baclofen side effects include sleepiness, confusion and nausea. Note that baclofen may also be pumped directly into the spinal cord with a tube. The pump is surgically implanted under the skin of the abdomen.\n    </li>\n</ul>\n\n\nYour child also may be prescribed medications to reduce drooling. Medications such as trihexyphenidyl, scopolamine or glycopyrrolate (Robinul, Robinul Forte) may be helpful, as can Botox injection into the salivary glands.\n\n<b>Therapies</b>\nA variety of nondrug therapies can help a person with cerebral palsy enhance functional abilities:\n\n<ul>\n<li>\n    Physical therapy. Muscle training and exercises may help your child's strength, flexibility, balance, motor development and mobility. You'll also learn how to safely care for your child's everyday needs at home, such as bathing and feeding your child.\n    For the first 1 to 2 years after birth, both physical and occupational therapists provide support with issues such as head and trunk control, rolling, and grasping. Later, both types of therapists are involved in wheelchair assessments.\n    Braces or splints may be recommended for your child. Some of these supports help with function, such as improved walking. Others may stretch stiff muscles to help prevent rigid muscles (contractures).\n    </li>\n<li>\n    Occupational therapy. Using alternative strategies and adaptive equipment, occupational therapists work to promote your child's independent participation in daily activities and routines in the home, the school and the community.\n    Adaptive equipment may include walkers, quadrupedal canes, seating systems or electric wheelchairs.\n    </li>\n<li>\n    Speech and language therapy. Speech-language pathologists can help improve your child's ability to speak clearly or to communicate using sign language.\n    Speech-language pathologists can also teach your child to use communication devices, such as a computer and voice synthesizer, if communication is difficult.\n    Another communication device may be a board covered with pictures of items and activities your child may see in daily life. Sentences can be constructed by pointing to the pictures.\n    Speech therapists may also address difficulties with muscles used in eating and swallowing.\n    </li>\n<li>Recreational therapy. Some children may benefit from recreational therapies, such as therapeutic horseback riding. This type of therapy can help improve your child's motor skills, speech and emotional well-being.</li>\n</ul>\n\n\n<b>Surgical or other procedures</b>\nSurgery may be needed to lessen muscle tightness or correct bone abnormalities caused by spasticity. These treatments include:\n\n<ul>\n<li>\n    Orthopedic surgery. Children with severe contractures or deformities may need surgery on bones or joints to place their arms, hips or legs in their correct positions.\n    Surgical procedures can also lengthen muscles and tendons that are proportionally too short because of severe contractures. These corrections can lessen pain and improve mobility. The procedures may also make it easier to use a walker, braces or crutches.\n    </li>\n<li>Severing nerves. In some severe cases, when other treatments haven't helped, surgeons may cut the nerves serving the spastic muscles in a procedure called selective dorsal rhizotomy. This relaxes the muscle and reduces pain, but can also cause numbness.</li>\n</ul>"
}