{
    "Aliases": [], 
    "Alternative medicine": "No alternative treatments have been proved to cure acute lymphocytic leukemia. But some alternative therapies may help ease the side effects of cancer treatment and make you or your child more comfortable. Discuss your options with your doctor, as some alternative treatments could interfere with cancer treatments, such as chemotherapy.\n\nAlternative treatments that may ease symptoms include:\n\n<ul>\n<li>Acupuncture</li>\n<li>Aromatherapy</li>\n<li>Massage</li>\n<li>Meditation</li>\n<li>Relaxation exercises</li>\n</ul>", 
    "Causes": "Acute lymphocytic leukemia occurs when a bone marrow cell develops errors in its DNA. The errors tell the cell to continue growing and dividing, when a healthy cell would normally stop dividing and eventually die. When this happens, blood cell production becomes abnormal. The bone marrow produces immature cells that develop into leukemic white blood cells called lymphoblasts. These abnormal cells are unable to function properly, and they can build up and crowd out healthy cells.\n\nIt's not clear what causes the DNA mutations that can lead to acute lymphocytic leukemia. But doctors have found that most cases of acute lymphocytic leukemia aren't inherited.", 
    "Clinical trials": "Explore Mayo Clinic studies testing new treatments, interventions and tests as a means to prevent, detect, treat or manage this disease.", 
    "Coping and support": "Although treatment for acute lymphocytic leukemia is typically very successful, it can be a long road. Treatment often lasts two to three years, although the first three to six months are the most intense.\n\nDuring maintenance phases, children can usually live a relatively normal life and go back to school. And adults may be able to continue working. To help you cope, try to:\n\n<ul>\n<li>Learn enough about leukemia to feel comfortable making treatment decisions. Ask your doctor to write down as much information about your specific disease as possible. Then narrow your search for information accordingly.\n\nWrite down questions you want to ask your doctor before each appointment, and look for information in your local library and on the internet. Good sources include the National Cancer Institute, the American Cancer Society and the Leukemia & Lymphoma Society.\n</li>\n<li>Lean on your whole health care team. At major medical centers and pediatric cancer centers, your health care team may include psychologists, psychiatrists, recreation therapists, child-life workers, teachers, dietitians, chaplains and social workers. These professionals can help with a whole host of issues, including explaining procedures to children, finding financial assistance and arranging for housing during treatment. Don't hesitate to rely on their expertise.</li>\n<li>Explore programs for children with cancer. Major medical centers and nonprofit groups offer numerous activities and services specifically for children with cancer and their families. Examples include summer camps, support groups for siblings and wish-granting programs. Ask your health care team about programs in your area.</li>\n<li>Help family and friends understand your situation. Set up a free, personalized webpage at the nonprofit website CaringBridge. This allows you to tell the whole family about appointments, treatments, setbacks and reasons to celebrate \u2014 without the stress of calling everyone every time there's something new to report.</li>\n</ul>", 
    "Diagnosis": "Tests and procedures used to diagnose acute lymphocytic leukemia include:\n\n<ul>\n<li>Blood tests. Blood tests may reveal too many white blood cells, not enough red blood cells and not enough platelets. A blood test may also show the presence of blast cells \u2014 immature cells normally found in the bone marrow.</li>\n<li>Bone marrow test. During bone marrow aspiration, a needle is used to remove a sample of bone marrow from the hipbone or breastbone. The sample is sent to a lab for testing to look for leukemia cells.\n\nDoctors in the lab will classify blood cells into specific types based on their size, shape and other genetic or molecular features. They also look for certain changes in the cancer cells and determine whether the leukemia cells began from the B lymphocytes or T lymphocytes. This information helps your doctor develop a treatment plan.\n</li>\n<li>Imaging tests. Imaging tests such as an X-ray, computerized tomography (CT) scan or ultrasound scan may help determine whether cancer has spread to the brain and spinal cord or other parts of the body.</li>\n<li>Spinal fluid test. A lumbar puncture test, also called a spinal tap, may be used to collect a sample of spinal fluid \u2014 the fluid that surrounds the brain and spinal cord. The sample is tested to see whether cancer cells have spread to the spinal fluid.</li>\n</ul>", 
    "Id": "syc-20369077", 
    "Overview": "Acute lymphocytic leukemia (ALL) is a type of cancer of the blood and bone marrow \u2014 the spongy tissue inside bones where blood cells are made.\n\nThe word \"acute\" in acute lymphocytic leukemia comes from the fact that the disease progresses rapidly and creates immature blood cells, rather than mature ones. The word \"lymphocytic\" in acute lymphocytic leukemia refers to the white blood cells called lymphocytes, which ALL affects. Acute lymphocytic leukemia is also known as acute lymphoblastic leukemia.\n\nAcute lymphocytic leukemia is the most common type of cancer in children, and treatments result in a good chance for a cure. Acute lymphocytic leukemia can also occur in adults, though the chance of a cure is greatly reduced.", 
    "Preparing for your appointment": "Make an appointment with your family doctor or a general practitioner if you or your child has signs and symptoms that worry you. If your doctor suspects acute lymphocytic leukemia, you'll likely be referred to a doctor who specializes in treating diseases and conditions of the blood and bone marrow (hematologist).\n\nBecause appointments can be brief, and because there's often a lot of ground to cover, it's a good idea to be well-prepared. Here's some information to help you get ready, and what to expect from the doctor.\n\n<b>What you can do</b>\n<ul>\n<li>Be aware of any pre-appointment restrictions. At the time you make the appointment, be sure to ask if there's anything you need to do in advance, such as restrict your diet.</li>\n<li>Write down any symptoms you're experiencing, including any that may seem unrelated to the reason for which you scheduled the appointment.</li>\n<li>Write down key personal information, including any major stresses or recent life changes.</li>\n<li>Make a list of all medications, vitamins or supplements that you're taking.</li>\n<li>Consider taking a family member or friend along. Sometimes it can be difficult to remember all the information provided during an appointment. Someone who accompanies you may remember something that you missed or forgot.</li>\n<li>Write down questions to ask your doctor.</li>\n</ul>\n\n\nYour time with your doctor is limited, so preparing a list of questions can help you make the most of your time together. List your questions from most important to least important in case time runs out. For acute lymphocytic leukemia, some basic questions to ask the doctor include:\n\n<ul>\n<li>What is likely causing these symptoms?</li>\n<li>What are other possible causes for these symptoms?</li>\n<li>What kinds of tests are necessary?</li>\n<li>Is this condition likely temporary or chronic?</li>\n<li>What is the best course of action?</li>\n<li>What are the alternatives to the primary approach that you're suggesting?</li>\n<li>How can other existing health conditions be best managed with ALL?</li>\n<li>Are there any restrictions that need to be followed?</li>\n<li>Is it necessary to see a specialist? What will that cost, and will my insurance cover it?</li>\n<li>Is there a generic alternative to the medicine you're prescribing me?</li>\n<li>Are there brochures or other printed material that I can take with me? What websites do you recommend?</li>\n<li>What will determine whether I should plan for a follow-up visit?</li>\n</ul>\n\n\nIn addition to the questions that you've prepared to ask your doctor, don't hesitate to ask other questions.\n\n<b>What to expect from the doctor</b>\nThe doctor is likely to ask you a number of questions. Being ready to answer them may allow time to cover other points you want to address. Your doctor may ask:\n\n<ul>\n<li>When did symptoms begin?</li>\n<li>Have these symptoms been continuous or occasional?</li>\n<li>How severe are these symptoms?</li>\n<li>What, if anything, seems to improve these symptoms?</li>\n<li>What, if anything, appears to worsen these symptoms?</li>\n</ul>\n\n\n<b>What you can do in the meantime</b>\nAvoid activity that seems to worsen any signs and symptoms. For instance, if you or your child is feeling fatigued, allow for more rest. Determine which of the day's activities are most important, and focus on accomplishing those tasks.", 
    "Risk factors": "Factors that may increase the risk of acute lymphocytic leukemia include:\n\n<ul>\n<li>Previous cancer treatment. Children and adults who've had certain types of chemotherapy and radiation therapy for other kinds of cancer may have an increased risk of developing acute lymphocytic leukemia.</li>\n<li>Exposure to radiation. People exposed to very high levels of radiation, such as survivors of a nuclear reactor accident, have an increased risk of developing acute lymphocytic leukemia.</li>\n<li>Genetic disorders. Certain genetic disorders, such as Down syndrome, are associated with an increased risk of acute lymphocytic leukemia.</li>\n<li>Having a brother or sister with ALL. People who have a sibling, including a twin, with acute lymphocytic leukemia have an increased risk of ALL.</li>\n</ul>", 
    "Symptoms": "Signs and symptoms of acute lymphocytic leukemia may include:\n\n<ul>\n<li>Bleeding from the gums</li>\n<li>Bone pain</li>\n<li>Fever</li>\n<li>Frequent infections</li>\n<li>Frequent or severe nosebleeds</li>\n<li>Lumps caused by swollen lymph nodes in and around the neck, underarm, abdomen or groin</li>\n<li>Pale skin</li>\n<li>Shortness of breath</li>\n<li>Weakness, fatigue or a general decrease in energy</li>\n</ul>\n\n\n<b>When to see a doctor</b>\nMake an appointment with your doctor or your child's doctor if you notice any persistent signs and symptoms that concern you.\n\nMany signs and symptoms of acute lymphocytic leukemia mimic those of the flu. However, flu signs and symptoms eventually improve. If signs and symptoms don't improve as expected, make an appointment with your doctor.", 
    "Title": "Acute lymphocytic leukemia", 
    "Treatment": "In general, treatment for acute lymphocytic leukemia falls into separate phases:\n\n<ul>\n<li>Induction therapy. The purpose of the first phase of treatment is to kill most of the leukemia cells in the blood and bone marrow and to restore normal blood cell production.</li>\n<li>Consolidation therapy. Also called post-remission therapy, this phase of treatment is aimed at destroying any remaining leukemia in the body, such as in the brain or spinal cord.</li>\n<li>Maintenance therapy. The third phase of treatment prevents leukemia cells from regrowing. The treatments used in this stage are often given at much lower doses over a long period of time, often years.</li>\n<li>Preventive treatment to the spinal cord. During each phase of therapy, people with acute lymphocytic leukemia may receive additional treatment to kill leukemia cells located in the central nervous system. In this type of treatment, chemotherapy drugs are often injected directly into the fluid that covers the spinal cord.</li>\n</ul>\n\n\nDepending on your situation, the phases of treatment for acute lymphocytic leukemia can span two to three years.\n\nTreatments may include:\n\n<ul>\n<li>Chemotherapy. Chemotherapy, which uses drugs to kill cancer cells, is typically used as an induction therapy for children and adults with acute lymphocytic leukemia. Chemotherapy drugs can also be used in the consolidation and maintenance phases.</li>\n<li>Targeted therapy. Targeted drugs attack specific abnormalities present in cancer cells that help them grow and thrive.\n\nA certain abnormality called the Philadelphia chromosome is found in some people with acute lymphocytic leukemia. For these people, targeted drugs may be used to attack cells that contain that abnormality. Targeted therapy may be used during or after chemotherapy.\n</li>\n<li>Radiation therapy. Radiation therapy uses high-powered beams, such as X-rays or protons, to kill cancer cells. If the cancer cells have spread to the central nervous system, your doctor may recommend radiation therapy.</li>\n<li>Bone marrow transplant. A bone marrow transplant, also known as a stem cell transplant, may be used as consolidation therapy in people at high risk of relapse or for treating relapse when it occurs. This procedure allows someone with leukemia to re-establish healthy bone marrow by replacing leukemic bone marrow with leukemia-free marrow from a healthy person.\n\nA bone marrow transplant begins with high doses of chemotherapy or radiation to destroy any leukemia-producing bone marrow. The marrow is then replaced by bone marrow from a compatible donor (allogeneic transplant).\n</li>\n<li>Clinical trials. Clinical trials are experiments to test new cancer treatments and new ways of using existing treatments. While clinical trials give you or your child a chance to try the latest cancer treatment, treatment benefits and risks may be uncertain. Discuss the benefits and risks of clinical trials with your doctor.</li>\n</ul>\n\n\n<b>ALL in older adults</b>\nOlder adults, such as those older than 60, tend to experience more complications from ALL treatments. And older adults generally have a worse prognosis than children who are treated for ALL.\n\nDiscuss your options with your doctor. Based on your overall health and your goals and preferences, you may decide to undergo treatment for your ALL.\n\nSome people may choose to forgo treatment for the cancer, instead focusing on treatments that improve their symptoms and help them make the most of the time they have remaining."
}