{
    "Aliases": [], 
    "Alternative medicine": "Although study results have been mixed, alternative medicine treatments for cold sores include:\n\n<ul>\n<li>Lysine. An amino acid, lysine is available as an oral supplement and as a cream.</li>\n<li>Propolis. Also known as synthetic beeswax, this is available as a 3 percent ointment. When applied early and often, it may shorten the duration of the breakout.</li>\n<li>Rhubarb and sage. A cream combining rhubarb and sage may be about as effective as acyclovir (Zovirax) cream.</li>\n<li>Stress reduction. If your cold sores are triggered by stress, you might want to try relaxation techniques, such as deep-breathing exercises and meditation.</li>\n</ul>", 
    "Causes": "Cold sores are caused by certain strains of the herpes simplex virus (HSV). HSV-1 usually causes cold sores. HSV-2 is usually responsible for genital herpes. However, either type can cause sores in the facial area or on the genitals. Most people who are infected with the virus that causes cold sores never develop signs and symptoms.\n\nCold sores are most contagious when oozing blisters are present. But you can transmit the virus to others even if you don't have blisters. Shared eating utensils, razors and towels, as well as kissing, may spread HSV-1. Oral sex can spread HSV-1 to the genitals and HSV-2 to the lips.\n\nOnce you've had an episode of herpes infection, the virus lies dormant in nerve cells in your skin and may emerge as another cold sore at the same place as before. Recurrence may be triggered by:\n\n<ul>\n<li>Viral infection or fever</li>\n<li>Hormonal changes, such as those related to menstruation</li>\n<li>Stress</li>\n<li>Fatigue</li>\n<li>Exposure to sunlight and wind</li>\n<li>Changes in the immune system</li>\n</ul>", 
    "Complications": "In some people, the virus that causes cold sores can cause problems in other areas of the body, including:\n\n<ul>\n<li>Fingertips. Both HSV-1 and HSV-2 can be spread to the fingers. This type of infection is often referred to as herpes whitlow. Children who suck their thumbs may transfer the infection from their mouths to their thumbs.</li>\n<li>Eyes. The virus can sometimes cause eye infection. Repeated infections can cause scarring and injury, which may lead to vision problems or blindness.</li>\n<li>Widespread areas of skin. People who have a skin condition called eczema are at higher risk of cold sores spreading all across their bodies. This can become a medical emergency.</li>\n<li>Other organs. In people with weakened immune systems, the virus can also affect organs such as the spinal cord and brain.</li>\n</ul>", 
    "Diagnosis": "Your doctor can usually diagnose cold sores just by looking at them. To confirm the diagnosis, he or she may take a sample from the blister for testing in a laboratory.", 
    "Id": "syc-20371017", 
    "Lifestyle and home remedies": "The over-the-counter cold sore ointment docosanol (Abreva) may shorten the healing time of a cold sore. At the first sign of symptoms, apply it to the affected skin as directed on the package.\n\nTo ease the discomfort of a cold sore:\n\n<ul>\n<li>Try other cold sore remedies. Some over-the-counter preparations contain a drying agent, such as alcohol, that may speed healing.</li>\n<li>Use lip balms and cream. Protect your lips from the sun with a zinc oxide cream or lip balm with sunblock. If your lips become dry, apply a moisturizing cream.</li>\n<li>Apply a cool compress. A cool, damp cloth may reduce redness, help remove crusting and promote healing.</li>\n<li>Apply pain-relieving creams. Over-the-counter creams with lidocaine or benzocaine may offer some pain relief.</li>\n</ul>", 
    "Overview": "Cold sores \u2014 also called fever blisters \u2014 are a common viral infection. They are tiny, fluid-filled blisters on and around your lips. These blisters are often grouped together in patches. After the blisters break, a crust forms over the resulting sore. Cold sores usually heal in two to four weeks without leaving a scar.\n\nCold sores spread from person to person by close contact, such as kissing. They're caused by a herpes simplex virus (HSV-1) closely related to the one that causes genital herpes (HSV-2). Both of these viruses can affect your mouth or genitals and can be spread by oral sex. Cold sores are contagious even if you don't see the sores.\n\nThere's no cure for HSV infection, and the blisters may return. Antiviral medications can help cold sores heal more quickly and may reduce how often they return.", 
    "Preparing for your appointment": "Cold sores generally clear up without treatment in two to four weeks. Make an appointment with your family doctor if your cold sores:\n\n<ul>\n<li>Are lasting or severe</li>\n<li>Return often</li>\n<li>Are accompanied by eye discomfort</li>\n</ul>\n\n\n<b>What you can do</b>\nBefore your appointment, you may want to list answers to the following questions:\n\n<ul>\n<li>Have you ever had these symptoms before?</li>\n<li>Do you have a history of skin problems?</li>\n<li>What medications and supplements do you take regularly?</li>\n</ul>\n\n\nBelow are some basic questions to ask your doctor about cold sores.\n\n<ul>\n<li>Do I have a cold sore?</li>\n<li>What treatment approach do you recommend, if any?</li>\n<li>What self-care steps can I follow to ease my symptoms?</li>\n<li>Am I contagious? For how long?</li>\n<li>How do I reduce the risk of spreading this condition to others?</li>\n<li>How soon do you expect my symptoms will improve?</li>\n<li>Am I at risk of complications from this condition?</li>\n<li>Can I do anything to help prevent a recurrence?</li>\n</ul>\n\n\n<b>What to expect from your doctor</b>\nYour doctor is likely to ask you a number of questions. Being ready to answer them may reserve time to go over any points you want to talk about in-depth. Your doctor may ask:\n\n<ul>\n<li>Could you sense a cold sore coming before the sore became visible?</li>\n<li>Do your symptoms include eye irritation?</li>\n<li>Have you noticed if anything in particular seems to trigger your symptoms?</li>\n<li>Have you been treated for cold sores in the past? If so, what treatment was most effective?</li>\n<li>Have you recently experienced significant stress or major life changes?</li>\n<li>Are you pregnant?</li>\n<li>Does your work or home life bring you into contact with infants or with people who have major illness?</li>\n</ul>", 
    "Prevention": "Your doctor may prescribe an antiviral medication for you to take on a regular basis, if you develop cold sores frequently or if you're at high risk of serious complications. If sunlight seems to trigger your recurrences, apply sunblock to the spot where the cold sore tends to erupt.\n\nTo help avoid spreading cold sores to other people or to other parts of your body, you might try some of the following precautions:\n\n<ul>\n<li>Avoid skin-to-skin contact with others while blisters are present. The virus spreads most easily when there are moist secretions from the blisters.</li>\n<li>Avoid sharing items. Utensils, towels, lip balm and other items can spread the virus when blisters are present.</li>\n<li>Keep your hands clean. When you have a cold sore, wash your hands carefully before touching yourself and other people, especially babies.</li>\n</ul>", 
    "Risk factors": "About 90 percent of adults worldwide \u2014 even those who've never had symptoms of an infection \u2014 test positive for evidence of the virus that causes cold sores.\n\nPeople who have weakened immune systems are at higher risk of complications from the virus. Medical conditions and treatments that increase your risk of complications include:\n\n<ul>\n<li>HIV/AIDS</li>\n<li>Severe burns</li>\n<li>Eczema</li>\n<li>Cancer chemotherapy</li>\n<li>Anti-rejection drugs for organ transplants</li>\n</ul>", 
    "Symptoms": "A cold sore usually passes through several stages:\n\n<ul>\n<li>Tingling and itching. Many people feel an itching, burning or tingling sensation around their lips for a day or so before a small, hard, painful spot appears and blisters erupt.</li>\n<li>Blisters. Small fluid-filled blisters typically break out along the border where the outside edge of the lips meets the skin of the face. Cold sores can also occur around the nose or on the cheeks.</li>\n<li>Oozing and crusting. The small blisters may merge and then burst, leaving shallow open sores that will ooze fluid and then crust over.</li>\n</ul>\n\n\nSigns and symptoms vary, depending on whether this is your first outbreak or a recurrence. They can last several days, and the blisters can take two to four weeks to heal completely. Recurrences typically appear at the same spot each time and tend to be less severe than the first outbreak.\n\nDuring first-time outbreaks, some people also experience:\n\n<ul>\n<li>Fever </li>\n<li>Painful eroded gums</li>\n<li>Sore throat</li>\n<li>Headache</li>\n<li>Muscle aches</li>\n<li>Swollen lymph nodes</li>\n</ul>\n\n\nChildren under 5 years old may have cold sores inside their mouths and the lesions are commonly mistaken for canker sores. Canker sores involve only the mucous membrane and aren't caused by the herpes simplex virus.\n\n<b>When to see a doctor</b>\nCold sores generally clear up without treatment. See your doctor if:\n\n<ul>\n<li>You have a weakened immune system</li>\n<li>The cold sores don't heal within two weeks</li>\n<li>Symptoms are severe</li>\n<li>You have frequent recurrences of cold sores</li>\n<li>You experience irritation in your eyes</li>\n</ul>", 
    "Title": "Cold sore", 
    "Treatment": "Cold sores generally clear up without treatment in two to four weeks. Several types of prescription antiviral drugs may speed the healing process. Examples include:\n\n<ul>\n<li>Acyclovir (Xerese, Zovirax)</li>\n<li>Valacyclovir (Valtrex)</li>\n<li>Famciclovir (Famvir)</li>\n<li>Penciclovir (Denavir)</li>\n</ul>\n\n\nSome of these products are packaged as pills to be swallowed. Others are creams to be applied to the sores several times a day. In general, the pills work better than the creams. For very severe infections, some antiviral drugs can be given with an injection."
}