{
    "Aliases": [], 
    "Alternative medicine": "Many alternative therapies, including those listed below, have helped some people manage their seborrheic dermatitis. But evidence for their effectiveness isn't conclusive. It's always a good idea to check with your doctor before adding any alternative medicines to your self-care routine.\n\n<ul>\n<li>Tea tree oil. Tea tree oil, either alone or in a shampoo, may be used on the affected area. Some studies suggest that tea tree oil may trigger an allergic reaction.</li>\n<li>Fish oil supplements. These types of pills contain omega-3 fatty acids.</li>\n<li>Aloe vera. Apply to the affected area aloe vera gel, either in a product or directly from a cut leaf of the plant.</li>\n</ul>", 
    "Causes": "Doctors don't yet know the exact cause of seborrheic dermatitis. It may be related to:\n\n<ul>\n<li>A yeast (fungus) called malassezia that is in the oil secretion on the skin</li>\n<li>An irregular response of the immune system</li>\n</ul>", 
    "Diagnosis": "Your doctor will likely be able to determine whether you have seborrheic dermatitis by examining your skin. He or she may scrape off skin cells for examination (biopsy) to rule out conditions with symptoms similar to seborrheic dermatitis, including:\n\n<ul>\n<li>Psoriasis. This disorder also causes dandruff and red skin covered with flakes and scales. With psoriasis, usually you'll have more scales, and they'll be silvery white.</li>\n<li>Atopic dermatitis (eczema). This skin reaction causes itchy, inflamed skin in the folds of the elbows, on the backs of the knees or on the front of the neck. It often recurs.</li>\n<li>Tinea versicolor. This rash appears on the trunk but usually isn't red like seborrheic dermatitis patches.</li>\n<li>Rosacea. This condition usually occurs on the face and has very little scaliness.</li>\n</ul>", 
    "Id": "syc-20352710", 
    "Lifestyle and home remedies": "You may be able to control seborrheic dermatitis with lifestyle changes and home remedies. Many of these are available in over-the-counter (nonprescription) forms. You may need to try different products or a combination of products before your condition improves.\n\nThe best approach for you depends on your skin type, the severity of your condition, and whether your symptoms affect your scalp or other areas of your body. But even if your condition clears up, it is likely to come back at some point. Watch for the symptoms and resume treating the condition when it recurs.\n\nIf regular shampoo doesn't help with dandruff, try over-the-counter dandruff shampoos. They are classified according to the active ingredient they contain:\n\n<ul>\n<li>Pyrithione zinc (Dermazinc, Head & Shoulders)</li>\n<li>Selenium sulfide (Selsun Blue)</li>\n<li>Ketoconazole (Nizoral A-D)</li>\n<li>Tar (Neutrogena T/Gel, DHS Tar)</li>\n<li>Salicylic acid (Neutrogena T/Sal)</li>\n</ul>\n\n\nUse a product daily until your signs and symptoms begin to subside, and then use it one to three times a week as needed. Shampoo that contains tar can discolor light-colored hair, so you may want to use other products.\n\nIf one type of shampoo works for a time and then seems to lose its effectiveness, try alternating between two or more types. Be sure to leave your shampoo on for the full recommended time \u2014 this allows its ingredients to work. These shampoos may be rubbed gently on the face, ears and chest and rinsed off completely.\n\nThe following over-the-counter treatments and self-care tips may help you control seborrheic dermatitis:\n\n<ul>\n<li>Soften and remove scales from your hair. Apply mineral oil or olive oil to your scalp. Leave it in for an hour or so. Then comb or brush your hair and wash it.</li>\n<li>Wash your skin regularly. Rinse the soap completely off your body and scalp. Avoid harsh soaps and use a moisturizer.</li>\n<li>Apply a medicated cream. First try a mild corticosteroid cream on affected areas, keeping it away from the eyes. If that doesn't work, try the antifungal cream ketoconazole.</li>\n<li>Avoid styling products. Stop using hair sprays, gels and other styling products while you're treating the condition.</li>\n<li>Avoid skin and hair products that contain alcohol. These can cause the disease to flare up.</li>\n<li>Wear smooth-textured cotton clothing. This helps keep air circulating around your skin and reduces irritation.</li>\n<li>If you have a beard or mustache, shampoo facial hair regularly. Seborrheic dermatitis can be worse under mustaches and beards. Shampoo with 1 percent ketoconazole daily until your symptoms improve. Then switch to shampooing once a week. Or shaving might ease your symptoms.</li>\n<li>Gently clean your eyelids. If your eyelids show signs of redness or scaling, wash them each night with baby shampoo and wipe away scales with a cotton swab. Warm or hot compresses also may help.</li>\n<li>Gently wash your baby's scalp. If your infant has cradle cap, wash the scalp with nonmedicated baby shampoo once a day. Gently loosen the scales with a small, soft-bristled brush before rinsing out the shampoo. If scaling persists, first apply mineral oil to the scalp for a couple of hours.</li>\n</ul>", 
    "Overview": "Seborrheic (seb-o-REE-ik) dermatitis is a common skin condition that mainly affects your scalp. It causes scaly patches, red skin and stubborn dandruff. Seborrheic dermatitis can also affect oily areas of the body, such as the face, sides of the nose, eyebrows, ears, eyelids and chest.\n\nSeborrheic dermatitis may go away without treatment. Or you may need many repeated treatments before the symptoms go away. And they may return later. Daily cleansing with a gentle soap and shampoo can help reduce oiliness and dead skin buildup.\n\nSeborrheic dermatitis is also called dandruff, seborrheic eczema and seborrheic psoriasis. For infants, the condition is known as cradle cap and causes crusty, scaly patches on the scalp.", 
    "Preparing for your appointment": "You'll probably first visit your primary care doctor. He or she may refer you to a doctor who specializes in skin disorders (dermatologist).\n\nHere's some information to help you get ready for your appointment.\n\n<b>What to expect from your doctor</b>\nYour doctor is likely to ask you a number of questions. Being ready to answer them may free up time to go over any points you want to spend more time on. Your doctor may ask:\n\n<ul>\n<li>What are your symptoms, and when did you first notice them?</li>\n<li>Is this the first time you've had these symptoms, or have you had them before?</li>\n<li>How severe are your symptoms? Are they about the same all the time, getting worse, or sometimes better and sometimes worse?</li>\n<li>Have you tried any at-home treatments, such as creams, gels or shampoos?</li>\n<li>How often do you use these treatments?</li>\n<li>Does anything seem to help?</li>\n<li>Does anything seem to make your symptoms worse?</li>\n<li>What medications, vitamins or supplements are you taking?</li>\n<li>Have you been under stress lately or experienced major life changes?</li>\n</ul>\n\n\n<b>What you can do in the meantime</b>\nAn over-the-counter (nonprescription) antifungal cream or anti-itch cream can be helpful. If your scalp is affected, a nonprescription antifungal shampoo may ease your symptoms. Try not to scratch or pick at the affected area, because if you irritate your skin or scratch it open, you increase your risk of infection.", 
    "Risk factors": "A number of factors increase your risk of developing seborrheic dermatitis, including:\n\n<ul>\n<li>Neurologic and psychiatric conditions, such as Parkinson's disease and depression</li>\n<li>A weakened immune system, such as seen in organ transplant recipients and people with HIV/AIDS, alcoholic pancreatitis and some cancers</li>\n<li>Recovery from stressful medical conditions, such as a heart attack</li>\n<li>Some medications</li>\n</ul>", 
    "Symptoms": "Seborrheic dermatitis signs and symptoms may include:\n\n<ul>\n<li>Skin flakes (dandruff) on your scalp, hair, eyebrows, beard or mustache</li>\n<li>Patches of greasy skin covered with flaky white or yellow scales or crust on the scalp, face, sides of the nose, eyebrows, ears, eyelids, chest, armpits, groin area or under the breasts</li>\n<li>Red skin</li>\n<li>Itching</li>\n</ul>\n\n\nThe signs and symptoms may be more severe if you're stressed, and they tend to flare in cold, dry seasons.\n\nSee your doctor if:\n\n<ul>\n<li>You're so uncomfortable that you're losing sleep or being distracted from your daily routines</li>\n<li>Your condition is causing embarrassment and anxiety</li>\n<li>You suspect your skin is infected</li>\n<li>You've tried self-care steps without success</li>\n</ul>", 
    "Title": "Seborrheic dermatitis", 
    "Treatment": "Medicated shampoos, creams and lotions are the main treatments for seborrheic dermatitis. Your doctor will likely recommend you try home remedies, such as over-the-counter dandruff shampoos, before considering prescription remedies. If home remedies don't help, talk with your doctor about trying these treatments.\n\n<ul>\n<li>Creams, shampoos or ointments that control inflammation. Prescription-strength hydrocortisone, fluocinolone (Capex, Synalar), clobetasol (Clobex, Cormax) and desonide (Desowen, Desonate) are corticosteroids you apply to the scalp or other affected area. They are effective and easy to use, but should be used sparingly. If used for many weeks or months without a break, they can cause side effects, such as thinning skin or skin showing streaks or lines.\n\nCreams or lotions containing the calcineurin inhibitors tacrolimus (Protopic) and pimecrolimus (Elidel) may be effective and have fewer side effects than corticosteroids do. But they are not first-choice treatments because the Food and Drug Administration has concerns about a possible association with cancer. In addition, tacrolimus and pimecrolimus cost more than mild corticosteroid medications.</li>\n<li>Antifungal gels, creams or shampoos alternated with another medication. Depending on the affected area and the severity of your symptoms, your doctor might prescribe a product with 2 percent ketoconazole (Nizoral) or 1 percent ciclopirox. Or you doctor may prescribe both products to be used alternately.</li>\n<li>Antifungal medication you take as a pill. If your condition isn't improving with other treatments, your doctor may recommend an antifungal medication in pill form. These aren't a first choice for treatment because of possible side effects and drug interactions.</li>\n</ul>"
}