{
    "Aliases": [], 
    "Causes": "Trachoma is caused by certain subtypes of Chlamydia trachomatis, a bacterium that can also cause the sexually transmitted infection chlamydia.\n\nTrachoma spreads through contact with discharge from the eyes or nose of an infected person. Hands, clothing, towels and insects can all be routes for transmission. In developing countries, eye-seeking flies also are a means of transmission.", 
    "Complications": "One episode of trachoma caused by Chlamydia trachomatis is easily treated with early detection and use of antibiotics. Repeated or secondary infections can lead to complications, including:\n\n<ul>\n<li>Scarring of the inner eyelid</li>\n<li>Eyelid deformities, such as an inward folding eyelid (entropion) or ingrown eyelashes (trichiasis)</li>\n<li>Corneal scarring or cloudiness</li>\n<li>Partial or complete vision loss</li>\n</ul>", 
    "Diagnosis": "Your doctor can diagnose trachoma through a physical examination or by sending a sample of bacteria from your eyes to a laboratory for testing. But lab tests aren't always available in places where trachoma is common.", 
    "Id": "syc-20378505", 
    "Overview": "Trachoma (truh-KOH-muh) is a bacterial infection that affects your eyes. It's caused by the bacterium Chlamydia trachomatis. Trachoma is contagious, spreading through contact with the eyes, eyelids, and nose or throat secretions of infected people. It can also be passed on by handling infected items, such as handkerchiefs.\n\nAt first, trachoma may cause mild itching and irritation of your eyes and eyelids. Then you may notice swollen eyelids and pus draining from the eyes. Untreated trachoma can lead to blindness.\n\nTrachoma is the leading preventable cause of blindness worldwide. The World Health Organization (WHO) estimates that nearly 2 million people have been blinded by trachoma. Most blinding trachoma occurs in poor areas of Africa. In areas where trachoma is prevalent, infection rates among children under 5 can be 60 percent or more.\n\nEarly treatment may help prevent trachoma complications.", 
    "Preparing for your appointment": "You're likely to start by seeing your primary care doctor if you or your child has symptoms of trachoma. Or you may be referred immediately to an eye specialist (ophthalmologist). When you make the appointment, ask if you need to do anything to prepare for your appointment, such as keeping your child home from school or child care. \n\nHere's some information to help you get ready for your appointment.\n\n<b>What you can do</b>\nBefore your appointment make a list of:\n\n<ul>\n<li>Symptoms of the person seeking treatment, including any details about changes in vision</li>\n<li>Key personal information, such as recent travel, use of new makeup products, and a change of contacts or glasses</li>\n<li>All medications and any vitamins or supplements that the person seeking treatment is taking</li>\n<li>Questions to ask your doctor</li>\n</ul>\n\n\nFor eye irritation, some basic questions to ask your doctor include:\n\n<ul>\n<li>What's the most likely cause of these symptoms?</li>\n<li>Other than the most likely cause, what are other possible causes for these symptoms?</li>\n<li>What kinds of tests are needed?</li>\n<li>Is the condition likely temporary or chronic?</li>\n<li>What is the best course of action?</li>\n<li>Will this condition cause any long-term complications?</li>\n<li>Does my child or I need to follow any restrictions, such as staying home from work or school?</li>\n<li>Should I see a specialist? What will that cost, and will my insurance cover it?</li>\n<li>Is there a generic alternative to the medicine you're prescribing for me?</li>\n<li>Do you have any brochures or other printed material for me? What websites do you recommend visiting?</li>\n</ul>\n\n\n<b>What to expect from your doctor</b>\nYour doctor is likely to ask you a number of questions, such as:\n\n<ul>\n<li>Have you ever had a similar problem?</li>\n<li>When did you first begin experiencing symptoms?</li>\n<li>How severe are your symptoms? Do they seem to be getting worse?</li>\n<li>What, if anything, seems to improve your symptoms?</li>\n<li>What, if anything, appears to worsen your symptoms?</li>\n<li>Is anyone else in your household having similar symptoms?</li>\n<li>Have you been treating your symptoms with any medications or drops?</li>\n</ul>\n\n\n<b>What you can do in the meantime</b>\nWhile you are waiting for your appointment, practice good hygiene to reduce the possibility of spreading your condition by taking these steps:\n\n<ul>\n<li>Don't touch your eyes without first washing your hands.</li>\n<li>Wash your hands thoroughly and frequently.</li>\n<li>Change your towel and washcloth daily, and don't share them with others.</li>\n<li>Change your pillowcase often.</li>\n<li>Discard eye cosmetics, particularly mascara.</li>\n<li>Don't use anyone else's eye cosmetics or personal eye care items.</li>\n<li>Discontinue wearing your contact lenses until your eyes have been evaluated; then follow your eye doctor's instructions on proper contact lens care.</li>\n<li>If your child is infected, have him or her avoid close contact with other children.</li>\n</ul>", 
    "Prevention": "If you've been treated for trachoma with antibiotics or surgery, reinfection is always a concern. For your protection and for the safety of others, be sure that family members or others you live with are screened and, if necessary, treated for trachoma.\n\nTrachoma can occur worldwide but is more common in the Middle East, North Africa, sub-Saharan Africa, and areas of southern Asia and China. When in regions where trachoma is common, take extra care in practicing good hygiene, which can help prevent infection.\n\nProper hygiene practices include:\n\n<ul>\n<li>Face washing and hand-washing. Keeping faces clean may help break the cycle of reinfection.</li>\n<li>Controlling flies. Reducing fly populations can help eliminate a major source of transmission.</li>\n<li>Proper waste management. Properly disposing of animal and human waste can reduce breeding grounds for flies.</li>\n<li>Improved access to water. Having a fresh water source nearby can help improve hygienic conditions.</li>\n</ul>\n\n\nNo trachoma vaccine is available, but prevention is possible. The World Health Organization (WHO) has developed a strategy to prevent trachoma, with the goal of eliminating it by 2020. The strategy, titled SAFE, involves:\n\n<ul>\n<li>Surgery to treat advanced forms of trachoma</li>\n<li>Antibiotics to treat and prevent the infection</li>\n<li>Facial cleanliness</li>\n<li>Environmental improvements, particularly in water, sanitation and fly control</li>\n</ul>", 
    "Risk factors": "Factors that increase your risk of contracting trachoma include:\n\n<ul>\n<li>Poverty. Trachoma is primarily a disease of extremely poor populations in developing countries.</li>\n<li>Crowded living conditions. People living in close contact are at greater risk of spreading infection.</li>\n<li>Poor sanitation. Poor sanitary conditions and lack of hygiene, such as unclean faces or hands, help spread the disease.</li>\n<li>Age. In areas where the disease is active, it's most common in children ages 4 to 6.</li>\n<li>Sex. In some areas, women's rate of contracting the disease is two to six times higher than that of men.</li>\n<li>Flies. People living in areas with problems controlling the fly population may be more susceptible to infection.</li>\n<li>Lack of latrines. Populations without access to working latrines \u2014 a type of communal toilet \u2014 have a higher incidence of the disease.</li>\n</ul>", 
    "Symptoms": "Signs and symptoms of trachoma usually affect both eyes and may include:\n\n<ul>\n<li>Mild itching and irritation of the eyes and eyelids</li>\n<li>Discharge from the eyes containing mucus or pus</li>\n<li>Eyelid swelling</li>\n<li>Light sensitivity (photophobia)</li>\n<li>Eye pain</li>\n</ul>\n\n\nYoung children are particularly susceptible to infection. But the disease progresses slowly, and the more painful symptoms may not emerge until adulthood.\n\nThe World Health Organization has identified five stages in the development of trachoma:\n\n<ul>\n<li>Inflammation \u2014 follicular. The infection is just beginning in this stage. Five or more follicles \u2014 small bumps that contain lymphocytes, a type of white blood cell \u2014 are visible with magnification on the inner surface of your upper eyelid (conjunctiva).</li>\n<li>Inflammation \u2014 intense. In this stage, your eye is now highly infectious and becomes irritated, with a thickening or swelling of the upper eyelid.</li>\n<li>Eyelid scarring. Repeated infections lead to scarring of the inner eyelid. The scars often appear as white lines when examined with magnification. Your eyelid may become distorted and may turn in (entropion).</li>\n<li>Ingrown eyelashes (trichiasis). The scarred inner lining of your eyelid continues to deform, causing your lashes to turn in so that they rub on and scratch the transparent outer surface of your eye (cornea).</li>\n<li>Corneal clouding. The cornea becomes affected by an inflammation that is most commonly seen under your upper lid. Continual inflammation compounded by scratching from the in-turned lashes leads to clouding of the cornea.</li>\n</ul>\n\n\nAll the signs of trachoma are more severe in your upper lid than in your lower lid. With advanced scarring, your upper lid may show a thick line.\n\nIn addition, the lubricating glandular tissue in your lids \u2014 including the tear-producing glands (lacrimal glands) \u2014 can be affected. This can lead to extreme dryness, aggravating the problem even more.\n\n<b>When to see a doctor</b>\nCall your doctor if you or your child has itchy or irritated eyes or discharge from the eyes, especially if you live in or recently traveled to an area where trachoma is common. Trachoma is a contagious condition. Treating it as soon as possible helps prevent further infections.", 
    "Title": "Trachoma", 
    "Treatment": "Trachoma treatment options depend on the stage of the disease.\n\n<b>Medications</b>\nIn the early stages of trachoma, treatment with antibiotics alone may be enough to eliminate the infection. Your doctor may prescribe tetracycline eye ointment or oral azithromycin (Zithromax). Azithromycin appears to be more effective than tetracycline, but it's more expensive.\n\nThe World Health Organization (WHO) recommends giving antibiotics to an entire community when more than 10 percent of children have been affected by trachoma. The goal of this guideline is to treat anyone who has been exposed to trachoma and reduce the spread of trachoma.\n\n<b>Surgery</b>\nTreatment of later stages of trachoma \u2014 including painful eyelid deformities \u2014 may require surgery. WHO guidelines recommend surgery for people with the advanced stage of trachoma.\n\nIn eyelid rotation surgery (bilamellar tarsal rotation), your doctor makes an incision in your scarred lid and rotates your eyelashes away from your cornea. The procedure limits the progression of corneal scarring and may help prevent further loss of vision.\n\nIf your cornea has become clouded enough to seriously impair your vision, corneal transplantation may be an option that may improve vision. Frequently, however, with trachoma, this procedure doesn't have good results.\n\nYou may have a procedure to remove eyelashes (epilation) in some cases. This procedure may need to be done repeatedly. Another temporary option, if surgery isn't an available option, is to place an adhesive bandage over your eyelashes to keep them from touching your eye."
}