{
    "Aliases": [], 
    "Causes": "Hives and angioedema can be caused by:\n\n<ul>\n<li>Foods. Many foods can trigger reactions in people with sensitivities. Shellfish, fish, peanuts, tree nuts, eggs and milk are frequent offenders.</li>\n<li>Medications. Almost any medication may cause hives or angioedema. Common culprits include penicillin, aspirin, ibuprofen (Advil, Motrin IB, others), naproxen (Aleve) and blood pressure medications.</li>\n<li>Common allergens. Other substances that can cause hives and angioedema include pollen, animal dander, latex and insect stings.</li>\n<li>Environmental factors. Examples include heat, cold, sunlight, water, pressure on the skin, emotional stress and exercise.</li>\n<li>Underlying medical conditions. Hives and angioedema also occasionally occur in response to blood transfusions, immune system disorders such as lupus, some types of cancer such as lymphoma, certain thyroid conditions, and infections with bacteria or viruses such as hepatitis, HIV, cytomegalovirus, and Epstein-Barr virus.</li>\n<li>Genetics. Hereditary angioedema is a rare inherited (genetic) form of the condition. It's related to low levels or abnormal functioning of certain blood proteins that play a role in regulating how your immune system functions.</li>\n</ul>", 
    "Clinical trials": "Explore Mayo Clinic studies testing new treatments, interventions and tests as a means to prevent, detect, treat or manage this disease.", 
    "Complications": "Severe angioedema can be life-threatening if swelling causes your throat or tongue to block your airway.", 
    "Diagnosis": "Your doctor will examine your welts or areas of swelling if they are still present and take a careful medical history to identify possible causes. In some cases, he or she may recommend an allergy skin test. He or she may order blood tests to check for levels and function of specific blood proteins if hereditary angioedema is a possible diagnosis.", 
    "Id": "syc-20354908", 
    "Lifestyle and home remedies": "If you're experiencing mild hives or angioedema, these tips may help relieve your symptoms:\n\n<ul>\n<li>Avoid triggers. These can include foods, medications, pollen, pet dander, latex and insect stings.</li>\n<li>Use an over-the-counter anti-itch drug. A nonprescription oral antihistamine, such as loratadine (Claritin), cetirizine (Zyrtec Allergy) or diphenhydramine (Benadryl Allergy, others), may help relieve itching.</li>\n<li>Apply cool, wet compresses. Covering the affected area with cool, moist bandages or dressings can help soothe the skin and prevent scratching.</li>\n<li>Take a comfortably cool bath. To relieve itching, sprinkle the bath water with baking soda, uncooked oatmeal or colloidal oatmeal \u2014 a finely ground oatmeal made for bathing (Aveeno, others).</li>\n<li>Wear loose, smooth-textured cotton clothing. Avoid wearing clothing that's rough, tight, scratchy or made from wool. This will help you avoid skin irritation.</li>\n</ul>", 
    "Overview": "Hives \u2014 also known as urticaria (ur-tih-KAR-e-uh) \u2014 is a skin reaction that causes itchy welts, which can range in size from small spots to large blotches several inches in diameter. Hives can be triggered by exposure to certain foods, medications or other substances.\n\nAngioedema is a related type of swelling that affects deeper layers in your skin, often around your face and lips. In most cases, hives and angioedema are harmless and don't leave any lasting marks, even without treatment.\n\nThe most common treatment for hives and angioedema is antihistamine medication. Serious angioedema can be life-threatening if swelling causes your throat or tongue to block your airway.", 
    "Preparing for your appointment": "You're likely to start by seeing your primary care doctor. In some cases when you call to set up an appointment, you may be referred immediately to a skin disease specialist (dermatologist) or to an allergy specialist.\n\n<b>What you can do</b>\nHere are some tips to help you get ready for your appointment.\n\n<ul>\n<li>List your signs and symptoms, when they occurred and how long they lasted.</li>\n<li>List any medications you're taking, including vitamins, herbs and supplements. Even better, take the original bottles and a list of the doses and directions.</li>\n<li>List questions to ask your doctor.</li>\n</ul>\n\n\nFor hives and angioedema, questions you may want to ask include:\n\n<ul>\n<li>What is likely causing my symptoms?</li>\n<li>Do I need any tests to confirm the diagnosis?</li>\n<li>What are other possible causes for my symptoms?</li>\n<li>Is my condition likely temporary or chronic?</li>\n<li>What is the best course of action?</li>\n<li>What are the alternatives to the primary approach that you're suggesting?</li>\n<li>Do I need prescription medication, or can I use over-the-counter medications to treat the condition?</li>\n<li>What results can I expect?</li>\n<li>Can I wait to see if the condition goes away on its own?</li>\n</ul>\n\n\n<b>What to expect from your doctor</b>\nYour doctor is likely to ask you a number of questions, such as:\n\n<ul>\n<li>When did you first begin experiencing symptoms?</li>\n<li>What did your skin reaction look like when it first appeared?</li>\n<li>Have your symptoms changed over time?</li>\n<li>Have you noticed anything that makes your symptoms worse or better?</li>\n<li>Do your skin lesions mainly itch, or do they burn or sting?</li>\n<li>Do your skin lesions go away completely without leaving a bruise or a mark?</li>\n<li>Do you have any known allergies?</li>\n<li>Have you ever had a similar skin reaction before?</li>\n<li>Have you tried a new food for the first time, changed laundry products or adopted a new pet?</li>\n<li>What prescriptions, over-the-counter medications and supplements are you taking?</li>\n<li>Have you started taking any new medications or started a new course of a medication you've taken before?</li>\n<li>Has your overall health changed recently? Have you had any fevers or lost weight?</li>\n<li>Has anyone else in your family ever had this kind of skin reaction? Do other family members have any known allergies?</li>\n<li>What at-home treatments have you used?</li>\n</ul>", 
    "Prevention": "To lower your likelihood of experiencing hives or angioedema, take the following precautions:\n\n<ul>\n<li>Avoid known triggers. These can include foods, medications and situations, such as temperature extremes that have triggered hives or angioedema in the past.</li>\n<li>Keep a diary. If you suspect food is causing the problem but aren't sure which food is the trigger, keep a food and symptom diary.</li>\n</ul>", 
    "Risk factors": "Hives and angioedema are common. You may be at increased risk of hives and angioedema if you:\n\n<ul>\n<li>Have had hives or angioedema before</li>\n<li>Have had other allergic reactions</li>\n<li>Have a disorder associated with hives and angioedema, such as lupus, lymphoma or thyroid disease</li>\n<li>Have a family history of hives, angioedema or hereditary angioedema</li>\n</ul>", 
    "Symptoms": "The welts associated with hives can be:\n\n<ul>\n<li>Red or flesh-colored</li>\n<li>Intensely itchy</li>\n<li>Roughly oval or shaped like a worm</li>\n<li>Less than one inch to several inches across</li>\n</ul>\n\n\nMost hives go away within 24 hours. Chronic hives can last for months or years.\n\nAngioedema is a reaction similar to hives that affects deeper layers of your skin. It most commonly appears around your eyes, cheeks or lips. Angioedema and hives can occur separately or at the same time.\n\nSigns and symptoms of angioedema include\n\n<ul>\n<li>Large, thick, firm welts</li>\n<li>Swelling and redness</li>\n<li>Pain or warmth in the affected areas</li>\n</ul>\n\n\nYou can usually treat mild cases of hives or angioedema at home. See your doctor if your symptoms continue for more than a few days. Seek emergency care if you feel your throat is swelling or if you're having trouble breathing.", 
    "Title": "Hives and angioedema", 
    "Treatment": "If your symptoms are mild, you may not need treatment. Many cases of hives and angioedema clear up on their own. But treatment can offer relief for intense itching, serious discomfort or symptoms that persist.\n\n<b>Medications</b>\nTreatments for hives and angioedema may include prescription drugs, including:\n\n<ul>\n<li>Anti-itch drugs. The standard treatment for hives and angioedema is antihistamines, medications that reduce itching, swelling and other allergy symptoms.</li>\n<li>Anti-inflammatory drugs. For severe hives or angioedema, doctors may sometimes prescribe an oral corticosteroid drug \u2014 such as prednisone \u2014 to reduce swelling, redness and itching.</li>\n<li>Drugs that suppress the immune system. If antihistamines and corticosteroids are ineffective, your doctor might prescribe a drug capable of calming an overactive immune system.</li>\n<li>Drugs that reduce pain and swelling. Chronic hives and angioedema may be treated with a type of nonsteroidal, anti-inflammatory medication called leukotriene antagonists.</li>\n<li>Blood protein controllers. If you have hereditary angioedema, a variety of medications can regulate levels of certain blood proteins and relieve your signs and symptoms.</li>\n</ul>\n\n\n<b>Emergency situations</b>\nFor a severe attack of hives or angioedema, you may need a trip to the emergency room and an emergency injection of epinephrine \u2014 a type of adrenaline. If you have had a serious attack or your attacks recur, despite treatment, your doctor may have you carry a pen-like device that will allow you to self-inject epinephrine in emergencies."
}