{
    "Aliases": [], 
    "Clinical trials": "Explore Mayo Clinic studies testing new treatments, interventions and tests as a means to prevent, detect, treat or manage this disease.", 
    "Diagnosis": "Small bowel cancer can be difficult to diagnose. You may have several imaging tests like CT, MRI, X-ray and PET scans. You may also have a radioactive substance placed in your body for some imaging tests. You may also have a test where a long, thin tube with a camera on it is inserted into your body. If these tests don't find cancer, you may need surgery to locate it.", 
    "Id": "syc-20352497", 
    "Overview": "Small bowel cancer is an uncommon type of cancer that occurs in the small intestine. Your small intestine, which is also called the small bowel, is a long tube that carries digested food between your stomach and your large intestine (colon).\n\nTypes of small bowel cancer include:\n\n<ul>\n<li>Adenocarcinoma</li>\n<li>Sarcoma, including gastrointestinal stromal tumor (GIST)</li>\n<li>Carcinoid tumors</li>\n<li>Lymphoma</li>\n</ul>\n\n\nWhat treatment options are best for you depend on the type of small bowel cancer you have and its stage.", 
    "Title": "Small bowel cancer", 
    "Treatment": "How small bowel cancer is treated depends on the type of cancer you have and its stage. You may have surgery to remove the cancer. You may also have other types of treatment like chemotherapy and radiation."
}