{
    "Aliases": [], 
    "Causes": "Neurofibromatosis is caused by genetic defects (mutations) that either are passed on by a parent or occur spontaneously at conception. The specific genes involved depend on the type of neurofibromatosis:\n\n<ul>\n<li>NF1. The NF1 gene is located on chromosome 17. This gene produces a protein called neurofibromin that helps regulate cell growth. The mutated gene causes a loss of neurofibromin, which allows cells to grow uncontrolled.</li>\n<li>NF2. The NF2 gene is located on chromosome 22, and produces a protein called merlin (also called schwannomin), which suppresses tumors. The mutated gene causes a loss of merlin, leading to uncontrolled cell growth.</li>\n<li>Schwannomatosis. So far, two genes are known to cause schwannomatosis. Mutations of the genes SMARCB1 and LZTR1, which suppress tumors, are associated with this type of neurofibromatosis.</li>\n</ul>", 
    "Clinical trials": "Explore Mayo Clinic studies testing new treatments, interventions and tests as a means to prevent, detect, treat or manage this disease.", 
    "Complications": "Complications of neurofibromatosis vary, even within the same family. Generally, complications result from tumor growth distorting nerve tissue or pressing on internal organs.\n\n<b>NF1 complications</b>\nComplications of NF1 include:\n\n<ul>\n<li>Neurological problems. Learning and thinking difficulties are the most common neurological problems associated with NF1. Uncommon complications include epilepsy and the buildup of excess fluid in the brain.</li>\n<li>Concerns with appearance. Visible signs of neurofibromatosis \u2014 such as extensive cafe au lait spots, many neurofibromas in the facial area or large neurofibromas \u2014 can cause anxiety and emotional distress, even if they're not medically serious.</li>\n<li>Skeletal problems. Some children have abnormally formed bones, which can result in bowing of the legs and fractures that sometimes don't heal. NF1 can cause curvature of the spine (scoliosis) that may need bracing or surgery. NF1 is also associated with decreased bone mineral density, which increases the risk of weak bones (osteoporosis).</li>\n<li>Vision problems. Sometimes a tumor develops in children on the optic nerve (optic glioma), which can affect vision.</li>\n<li>Problems during times of hormonal change. Hormonal changes associated with puberty or pregnancy might cause an increase in neurofibromas. Most women with NF1 have healthy pregnancies but will likely need monitoring by an obstetrician familiar with the disorder.</li>\n<li>Cardiovascular problems. People with NF1 have an increased risk of high blood pressure and may develop blood vessel abnormalities.</li>\n<li>Breathing problems. Rarely, plexiform neurofibromas can put pressure on the airway.</li>\n<li>Cancer. An estimated 3 to 5 percent of people with NF1 develop cancerous tumors. These usually arise from neurofibromas under the skin or from plexiform neurofibromas. People with NF1 also have a higher risk of other forms of cancer, such as breast cancer, leukemia, colorectal cancer, brain tumors and some types of soft tissue cancer. Women with NF1 should start screening for breast cancer at an earlier age than the general population.</li>\n<li>Benign adrenal gland tumor (pheochromocytoma). This noncancerous tumor secretes hormones that raise your blood pressure. Surgery is usually needed to remove the pheochromocytoma.</li>\n</ul>\n\n\n<b>NF2 complications</b>\nComplications of NF2 include:\n\n<ul>\n<li>Partial or total deafness</li>\n<li>Facial nerve damage</li>\n<li>Vision problems</li>\n<li>Small benign skin tumors (skin schwannomas)</li>\n<li>Weakness or numbness in the extremities</li>\n<li>Multiple benign brain tumors or spinal tumors (meningiomas) requiring frequent surgeries</li>\n</ul>\n\n\n<b>Schwannomatosis complications</b>\nThe pain caused by schwannomatosis can be debilitating and may require surgical treatment or management by a pain specialist.", 
    "Coping and support": "Caring for a child with a chronic condition such as neurofibromatosis can be a challenge. But many children with neurofibromatosis grow up to live healthy lives with few, if any, complications.\n\nTo help you cope:\n\n<ul>\n<li>Find a primary care doctor you can trust and who can coordinate your child's care with other specialists. The Children's Tumor Foundation has an online tool to help you find a neurofibromatosis specialist in your area.</li>\n<li>Join a support group for parents who care for children with neurofibromatosis, ADHD, special needs or chronic illnesses in general.</li>\n<li>Accept help for daily needs such as cooking, cleaning or caring for your other children or simply to take a needed break.</li>\n<li>Seek academic support for children with learning disabilities.</li>\n</ul>", 
    "Diagnosis": "Your doctor will start with a review of your personal and family medical history and a physical examination.\n\nYour doctor may use a special lamp to check your skin for caf\u00e9 au lait spots, which can help diagnose NF1.\n\nIf additional tests are needed to diagnose NF1, NF2 or schwannomatosis, your doctor might recommend:\n\n<ul>\n<li>Eye exam. An eye doctor can detect Lisch nodules and cataracts.</li>\n<li>Hearing and balance exams. A test that measures hearing (audiometry), a test that uses electrodes to record your eye movements (electronystagmography) and a test that measures the electrical messages that carry sound from the inner ear to the brain (brainstem auditory evoked response) can help assess hearing and balance problems in people with NF2.</li>\n<li>Imaging tests. X-rays, CT scans or MRIs can help identify bone abnormalities, tumors in the brain or spinal cord, and very small tumors. An MRI might be used to diagnose optic gliomas. Imaging tests are also often used to monitor NF2 and schwannomatosis.</li>\n<li>Genetic tests. Tests to identify NF1and NF2 are available and can be done prenatally. Ask your doctor about genetic counseling. Genetic tests won't always identify schwannomatosis because other, unknown genes may be involved with the disorder. However, some women choose genetic testing for SMARCB1 and LZTR1 before having children.</li>\n</ul>\n\n\nFor a diagnosis of NF1, you must have at least two signs of the condition. If your child has only one sign and no family history of NF1, your doctor will likely monitor your child for the development of any additional signs. A diagnosis of NF1 is usually made by age 4.\n\nGenetic testing may help establish the diagnosis.", 
    "Id": "syc-20350490", 
    "Overview": "Neurofibromatosis is a genetic disorder that causes tumors to form on nerve tissue. These tumors can develop anywhere in your nervous system, including your brain, spinal cord and nerves. Neurofibromatosis is usually diagnosed in childhood or early adulthood.\n\nThe tumors are usually noncancerous (benign), but sometimes can become cancerous (malignant). Symptoms are often mild. However, complications of neurofibromatosis can include hearing loss, learning impairment, heart and blood vessel (cardiovascular) problems, loss of vision, and severe pain.\n\nNeurofibromatosis treatment focuses on encouraging healthy growth and development in children affected with the disorder and early management of complications. When neurofibromatosis causes large tumors or tumors that press on a nerve, surgery can reduce symptoms. Some people may benefit from other therapies, such as stereotactic radiosurgery or medications to control pain.\n\nNeurofibromatosis care at Mayo Clinic", 
    "Preparing for your appointment": "You may be referred to a doctor who specializes in brain and nervous system conditions (neurologist).\n\nIt's a good idea to be well-prepared for your appointment. Here's some information to help you get ready and know what to expect from your doctor.\n\n<b>What you can do</b>\n<ul>\n<li>Write down a list of concerns, making a note of when you first noticed them.</li>\n<li>Bring a complete medical and family history with you, if your doctor doesn't already have it.</li>\n<li>Write down key personal information, including any major stresses or recent life changes.</li>\n<li>Make a list of all medications, vitamins or supplements that you or your child is taking.</li>\n<li>Bring photographs of any family members \u2014 living or deceased \u2014 who may have had similar signs and symptoms.</li>\n<li>Write down questions to ask your doctor.</li>\n</ul>\n\n\nYour time with your doctor is limited. Preparing a list of questions can help you make the most of your time together. List your questions from most important to least important in case time runs out. For neurofibromatosis, some basic questions to ask your doctor include:\n\n<ul>\n<li>What type of neurofibromatosis do you suspect?</li>\n<li>What tests do you recommend?</li>\n<li>What treatments are available?</li>\n<li>How should the condition be monitored for changes?</li>\n</ul>\n\n\nIn addition to the questions that you've prepared to ask your doctor, don't hesitate to ask other questions that occur to you.\n\n<b>What to expect from your doctor</b>\nYour doctor is likely to ask you a number of questions. Being ready to answer them may allow time later to cover other points you want to address. Your doctor may ask:\n\n<ul>\n<li>When did you first notice signs or symptoms? Have they changed over time?</li>\n<li>Is there a family history of neurofibromatosis?</li>\n</ul>", 
    "Risk factors": "The biggest risk factor for neurofibromatosis is a family history of the disorder. About half of people with NF1 and NF2 inherited the disease from the affected parent. People with NF1 and NF2 that don't have affected relatives likely have a new gene mutation.\n\nNF1 and NF2 are both autosomal dominant disorders, which means that any child of a parent with the disorder has a 50 percent chance of inheriting the genetic mutation.\n\nThe inheritance pattern for schwannomatosis is less clear. Researchers currently estimate that the risk of inheriting schwannomatosis from an affected parent is about 15 percent.", 
    "Symptoms": "There are three types of neurofibromatosis, each with different signs and symptoms.\n\n<b>Neurofibromatosis 1</b>\nNeurofibromatosis 1 (NF1) usually appears in childhood. Signs are often noticeable at birth or shortly afterward, and almost always by age 10. Signs and symptoms are often mild to moderate, but can vary in severity.\n\nSigns and symptoms include:\n\n<ul>\n<li>Flat, light brown spots on the skin (cafe au lait spots). These harmless spots are common in many people. Having more than six cafe au lait spots is a strong indication of NF1. They are usually present at birth or appear during the first years of life. After early childhood, new spots stop appearing.</li>\n<li>Freckling in the armpits or groin area. Freckling usually appears by ages 3 to 5. Freckles are smaller than cafe au lait spots and tend to occur in clusters in skin folds.</li>\n<li>Tiny bumps on the iris of the eye (Lisch nodules). These harmless nodules can't easily be seen and don't affect vision.</li>\n<li>Soft, pea-sized bumps on or under the skin (neurofibromas). These benign tumors usually develop in or under the skin, but can also grow inside the body. Sometimes, a growth will involve multiple nerves (plexiform neurofibroma). Plexiform neurofibromas, when located on the face, can cause disfigurement. Neurofibromas may increase with age.</li>\n<li>Bone deformities. Abnormal bone growth and a deficiency in bone mineral density can cause bone deformities such as a curved spine (scoliosis) or bowed lower leg.</li>\n<li>Tumor on the optic nerve (optic glioma). These tumors usually appear by age 3, rarely in late childhood and adolescence, and almost never in adults.</li>\n<li>Learning disabilities. Impaired thinking skills are common in children with NF1 but are usually mild. Often there is a specific learning disability, such as a problem with reading or mathematics. Attention-deficit/hyperactivity disorder (ADHD) also is common.</li>\n<li>Larger than average head size. Children with NF1 tend to have a larger than average head size due to increased brain volume.</li>\n<li>Short stature. Children with NF1 often are below average in height.</li>\n</ul>\n\n\n<b>Neurofibromatosis 2</b>\nNeurofibromatosis 2 (NF2) is much less common than NF1. Signs and symptoms of NF2 usually result from the development of benign, slow-growing tumors in both ears (acoustic neuromas), which can cause hearing loss. Also known as vestibular schwannomas, these tumors grow on the nerve that carries sound and balance information from the inner ear to the brain.\n\nSigns and symptoms generally appear in the late teen and early adult years, and can vary in severity. Signs and symptoms can include:\n\n<ul>\n<li>Gradual hearing loss</li>\n<li>Ringing in the ears</li>\n<li>Poor balance</li>\n<li>Headaches</li>\n</ul>\n\n\nSometimes NF2 can lead to the growth of schwannomas in other nerves of the body, including the cranial, spinal, visual (optic) and peripheral nerves. Signs and symptoms of these schwannomas can include:\n\n<ul>\n<li>Numbness and weakness in the arms or legs</li>\n<li>Pain</li>\n<li>Balance difficulties</li>\n<li>Facial drop</li>\n<li>Vision problems or the development of cataracts</li>\n</ul>\n\n\n<b>Schwannomatosis</b>\nThis rare type of neurofibromatosis usually affects people after age 20. On average, symptoms appear between ages 25 and 30. Schwannomatosis causes tumors to develop on the cranial, spinal and peripheral nerves \u2014 but rarely on the nerve that carries sound and balance information from the inner ear to the brain. Because tumors don't usually grow on both hearing nerves, schwannomatosis doesn't cause the hearing loss experienced by people with NF2.\n\nSymptoms of schwannomatosis include:\n\n<ul>\n<li>Chronic pain, which can occur anywhere in your body and can be disabling</li>\n<li>Numbness or weakness in various parts of your body</li>\n<li>Loss of muscle</li>\n</ul>\n\n\n<b>When to see a doctor</b>\nSee your doctor if you or your child develops signs or symptoms of neurofibromatosis. The tumors associated with neurofibromatosis are often benign and slow growing. So although it's important to obtain a timely diagnosis, the situation isn't an emergency.", 
    "Title": "Neurofibromatosis", 
    "Treatment": "Neurofibromatosis can't be cured, but treatments can help manage signs and symptoms. Generally, the sooner you or your child is under the care of a doctor trained in treating neurofibromatosis, the better the outcome.\n\n<b>Monitoring</b>\nIf your child has NF1, your doctor is likely to recommend yearly age-appropriate checkups to:\n\n<ul>\n<li>Assess your child's skin for new neurofibromas or changes in existing ones</li>\n<li>Check for signs of high blood pressure</li>\n<li>Evaluate your child's growth and development \u2014 including height, weight and head circumference \u2014 according to growth charts available for children with NF1</li>\n<li>Check for signs of early puberty</li>\n<li>Evaluate your child for any skeletal changes and abnormalities</li>\n<li>Assess your child's learning development and progress in school</li>\n<li>Obtain a complete eye examination</li>\n</ul>\n\n\nContact your doctor promptly if you notice any changes in signs or symptoms between visits. It's important to rule out the possibility of a cancerous tumor and receive appropriate treatment at an early stage.\n\n<b>Surgery and other procedures</b>\nYour doctor might recommend surgery or other procedures to treat severe symptoms or complications of neurofibromatosis.\n\n<ul>\n<li>Surgery to remove tumors. Symptoms can be relieved by removing all or part of tumors that are compressing nearby tissue or damaging organs. If you have NF2 and have experienced hearing loss, brainstem compression or tumor growth, your doctor might recommend surgery to remove acoustic neuromas that are causing you problems. Complete removal of schwannomas in people with schwannomatosis can ease pain substantially.</li>\n<li>Stereotactic radiosurgery. This procedure delivers radiation precisely to your tumor and doesn't require an incision. Stereotactic radiosurgery might be an option to remove acoustic neuromas if you have NF2. Stereotactic radiosurgery can help preserve your hearing.</li>\n<li>Auditory brainstem implants and cochlear implants. These devices might help improve your hearing if you have NF2 and hearing loss.</li>\n</ul>\n\n\n<b>Cancer treatment</b>\nMalignant tumors and other cancers associated with neurofibromatosis are treated with standard cancer therapies, such as surgery, chemotherapy and radiation therapy. Early diagnosis and treatment are the most important factors contributing to a good outcome.\n\n<b>Pain medications</b>\nManaging pain is an important part of treatment for schwannomatosis. Your doctor might recommend:\n\n<ul>\n<li>Drugs for nerve pain such as gabapentin (Neurontin, Gralise, Horizant) or pregabalin (Lyrica).</li>\n<li>Tricyclic antidepressants such as amitriptyline</li>\n<li>Serotonin and norepinephrine reuptake inhibitors such as duloxetine (Cymbalta)</li>\n<li>Epilepsy medications such as topiramate (Topamax, Qudexy XR, Trokendi XR) or carbamazepine (Carbatrol, Tegretol, others)</li>\n</ul>\n\n\n<b>Potential future treatments</b>\nResearchers are testing gene therapies for NF1. Potential new treatments could include replacing the NF1 gene to restore the function of neurofibromin."
}