{
    "Aliases": [], 
    "Causes": "It's not clear what causes ovarian cancer, though doctors have identified factors that can increase the risk of the disease.\n\nIn general, cancer begins when a cell develops errors (mutations) in its DNA. The mutations tell the cell to grow and multiply quickly, creating a mass (tumor) of abnormal cells. The abnormal cells continue living when healthy cells would die. They can invade nearby tissues and break off from an initial tumor to spread elsewhere in the body (metastasize).\n\n<b>Types of ovarian cancer</b>\nThe type of cell where the cancer begins determines the type of ovarian cancer you have. Ovarian cancer types include:\n\n<ul>\n<li>Epithelial tumors, which begin in the thin layer of tissue that covers the outside of the ovaries. About 90 percent of ovarian cancers are epithelial tumors.</li>\n<li>Stromal tumors, which begin in the ovarian tissue that contains hormone-producing cells. These tumors are usually diagnosed at an earlier stage than other ovarian tumors. About 7 percent of ovarian tumors are stromal.</li>\n<li>Germ cell tumors, which begin in the egg-producing cells. These rare ovarian cancers tend to occur in younger women.</li>\n</ul>", 
    "Clinical trials": "Explore Mayo Clinic studies testing new treatments, interventions and tests as a means to prevent, detect, treat or manage this disease.", 
    "Coping and support": "A diagnosis of ovarian cancer can be overwhelming and scary. In time you'll find ways to cope with your feelings, but in the meantime you might find it helpful to:\n\n<ul>\n<li>Find someone to talk with. You may feel comfortable discussing your feelings with a friend or family member, or you might prefer meeting with a formal support group. Support groups for the families of cancer survivors also are available.</li>\n<li>Let people help. Cancer treatments can be exhausting. Let people know what would be most useful for you.</li>\n<li>Set reasonable goals. Having goals helps you feel in control and can give you a sense of purpose. But choose goals that you can reach.</li>\n<li>Take time for yourself. Eating well, relaxing and getting enough rest can help combat the stress and fatigue of cancer.</li>\n</ul>", 
    "Diagnosis": "Tests and procedures used to diagnose ovarian cancer include:\n\n<ul>\n<li>Pelvic exam. During a pelvic exam, your doctor inserts gloved fingers into your vagina and simultaneously presses a hand on your abdomen in order to feel (palpate) your pelvic organs. The doctor also visually examines your external genitalia, vagina and cervix.</li>\n<li>Imaging tests. Tests, such as ultrasound or CT scans of your abdomen and pelvis, may help determine the size, shape and structure of your ovaries.</li>\n<li>\n    Blood tests. Blood tests might include organ function tests that can help determine your overall health.\n    Your doctor might also test your blood for tumor markers that indicate ovarian cancer. For example, a cancer antigen (CA) 125 test can detect a protein that's often found on the surface of ovarian cancer cells. These tests can't tell your doctor whether you have cancer, but may give clues about your diagnosis and prognosis.\n    </li>\n<li>Surgery. Sometimes your doctor can't be certain of your diagnosis until you undergo surgery to remove an ovary and have it tested for signs of cancer.</li>\n</ul>\n\n\nOnce it's confirmed that you have ovarian cancer, your doctor will use information from your tests and procedures to assign your cancer a stage. The stages of ovarian cancer are indicated using Roman numerals ranging from I to IV, with the lowest stage indicating that the cancer is confined to the ovaries. By stage IV, the cancer has spread to distant areas of the body.", 
    "Id": "syc-20375941", 
    "Overview": "Ovarian cancer is a type of cancer that begins in the ovaries. The female reproductive system contains two ovaries, one on each side of the uterus. The ovaries \u2014 each about the size of an almond \u2014 produce eggs (ova) as well as the hormones estrogen and progesterone.\n\nOvarian cancer often goes undetected until it has spread within the pelvis and abdomen. At this late stage, ovarian cancer is more difficult to treat. Early-stage ovarian cancer, in which the disease is confined to the ovary, is more likely to be treated successfully.\n\nSurgery and chemotherapy are generally used to treat ovarian cancer.", 
    "Preparing for your appointment": "Start by making an appointment with your family doctor, general practitioner or a gynecologist if you have any signs or symptoms that worry you.\n\nIf your primary care doctor suspects you have ovarian cancer, you may be referred to a specialist in female reproductive cancers (gynecologic oncologist). A gynecologic oncologist is an obstetrician-gynecologist (OB-GYN) who has additional training in the diagnosis and treatment of ovarian and other gynecologic cancers.\n\n<b>What you can do</b>\n<ul>\n<li>Be aware of any pre-appointment restrictions, such as not eating solid food on the day before your appointment.</li>\n<li>Write down your symptoms, including any that may seem unrelated to the reason why you scheduled the appointment.</li>\n<li>Write down your key medical information, including other conditions.</li>\n<li>Write down key personal information, including any major changes or stressors in your life.</li>\n<li>Make a list of all your medications, vitamins or supplements.</li>\n<li>Ask a relative or friend to accompany you, to help you remember what the doctor says.</li>\n<li>Write down questions to ask your doctor.</li>\n</ul>\n\n\n<b>Questions to ask your doctor</b>\n<ul>\n<li>What's the most likely cause of my symptoms?</li>\n<li>What kinds of tests do I need?</li>\n<li>What treatments are available, and what side effects can I expect?</li>\n<li>What is the prognosis?</li>\n<li>If I still want to have children, what options are available to me?</li>\n<li>I have other health conditions. How can I best manage them together?</li>\n</ul>\n\n\nIn addition to the questions that you've prepared to ask your doctor, don't hesitate to ask other questions that occur to you.\n\n<b>What to expect from your doctor</b>\nYour doctor is likely to ask you a number of questions. Being ready to answer them may make time to go over points you want to spend more time on. You may be asked:\n\n<ul>\n<li>When did you first begin experiencing symptoms, and how severe are they?</li>\n<li>Have your symptoms been continuous or occasional?</li>\n<li>What, if anything, seems to improve or worsen your symptoms?</li>\n<li>Do you have any relatives with ovarian or breast cancer?</li>\n<li>Are there other cancers in your family history?</li>\n</ul>", 
    "Prevention": "There's no sure way to prevent ovarian cancer. But there may be ways to reduce your risk:\n\n<ul>\n<li>Consider taking birth control pills. Ask your doctor whether birth control pills may be right for you. Women who use oral contraceptives may have a reduced risk of ovarian cancer. But oral contraceptives do have risks, so discuss whether the benefits outweigh those risks based on your situation.</li>\n<li>Discuss your risk factors with your doctor. If you have a family history of breast and ovarian cancers, bring this up with your doctor. Your doctor can determine what this may mean for your own risk of cancer. In some cases, your doctor may refer you to a genetic counselor who can help you decide whether genetic testing may be right for you. If you're found to have a gene mutation that increases your risk of ovarian cancer, you may consider surgery to remove your ovaries to prevent cancer.</li>\n</ul>", 
    "Risk factors": "Factors that can increase your risk of ovarian cancer include:\n\n<ul>\n<li>Older age. Ovarian cancer can occur at any age but is most common in women ages 50 to 60 years.</li>\n<li>\n    Inherited gene mutations. A small percentage of ovarian cancers are caused by gene mutations you inherit from your parents. The genes known to increase the risk of ovarian cancer are called breast cancer gene 1 (BRCA1) and breast cancer gene 2 (BRCA2). These genes also increase the risk of breast cancer.\n    Other gene mutations, including those associated with Lynch syndrome, are known to increase the risk of ovarian cancer.\n    </li>\n<li>Family history of ovarian cancer. People with two or more close relatives with ovarian cancer have an increased risk of the disease.</li>\n<li>Estrogen hormone replacement therapy, especially with long-term use and in large doses.</li>\n<li>Age when menstruation started and ended. Beginning menstruation at an early age or starting menopause at a later age, or both, may increase the risk of ovarian cancer.</li>\n</ul>", 
    "Symptoms": "Early-stage ovarian cancer rarely causes any symptoms. Advanced-stage ovarian cancer may cause few and nonspecific symptoms that are often mistaken for more common benign conditions.\n\nSigns and symptoms of ovarian cancer may include:\n\n<ul>\n<li>Abdominal bloating or swelling</li>\n<li>Quickly feeling full when eating</li>\n<li>Weight loss</li>\n<li>Discomfort in the pelvis area</li>\n<li>Changes in bowel habits, such as constipation</li>\n<li>A frequent need to urinate</li>\n</ul>\n\n\n<b>When to see a doctor</b>\nMake an appointment with your doctor if you have any signs or symptoms that worry you.\n\nIf you have a family history of ovarian cancer or breast cancer, talk to your doctor about your risk of ovarian cancer. Your doctor may refer you to a genetic counselor to discuss testing for certain gene mutations that increase your risk of breast and ovarian cancers.", 
    "Title": "Ovarian cancer", 
    "Treatment": "Treatment of ovarian cancer usually involves a combination of surgery and chemotherapy.\n\n<b>Surgery</b>\nOperations to remove ovarian cancer include:\n\n<ul>\n<li>Surgery to remove one ovary. For very early stage cancer that hasn't spread beyond one ovary, surgery may involve removing the affected ovary and its fallopian tube. This procedure may preserve your ability to have children.</li>\n<li>Surgery to remove both ovaries. If cancer is present in both your ovaries, but there are no signs of additional cancer, your surgeon may remove both ovaries and both fallopian tubes. This procedure leaves your uterus intact, so you may still be able to become pregnant using your own frozen embryos or eggs or with eggs from a donor.</li>\n<li>Surgery to remove both ovaries and the uterus. If your cancer is more extensive or if you don't wish to preserve your ability to have children, your surgeon will remove the ovaries, the fallopian tubes, the uterus, nearby lymph nodes and a fold of fatty abdominal tissue (omentum).</li>\n<li>Surgery for advanced cancer. If your cancer is advanced, your doctor may recommend chemotherapy followed by surgery to remove as much of the cancer as possible.</li>\n</ul>\n\n\n<b>Chemotherapy</b>\nChemotherapy is a drug treatment that uses chemicals to kill fast-growing cells in the body, including cancer cells. Chemotherapy drugs can be injected into a vein or taken by mouth. Sometimes the drugs are injected directly into the abdomen (intraperitoneal chemotherapy).\n\nChemotherapy is often used after surgery to kill any cancer cells that might remain. It can also be used before surgery.\n\n<b>Targeted therapy</b>\nTargeted therapy uses medications that target the specific vulnerabilities present within your cancer cells. Targeted therapy drugs are usually reserved for treating ovarian cancer that returns after initial treatment or cancer that resists other treatments. Your doctor may test your cancer cells to determine which targeted therapy is most likely to have an effect on your cancer.\n\nTargeted therapy is an active area of cancer research. Many clinical trials are testing new targeted therapies.\n\n<b>Supportive (palliative) care</b>\nPalliative care is specialized medical care that focuses on providing relief from pain and other symptoms of a serious illness. Palliative care specialists work with you, your family and your other doctors to provide an extra layer of support that complements your ongoing care. Palliative care can be used while undergoing other aggressive treatments, such as surgery and chemotherapy.\n\nWhen palliative care is used along with all of the other appropriate treatments, people with cancer may feel better and live longer.\n\nPalliative care is provided by a team of doctors, nurses and other specially trained professionals. Palliative care teams aim to improve the quality of life for people with cancer and their families. This form of care is offered alongside curative or other treatments you may be receiving."
}