{
    "Aliases": [], 
    "Causes": "Dislocations can occur in contact sports, such as football and hockey, and in sports in which falls are common, such as downhill skiing, gymnastics and volleyball. Basketball players and football players also commonly dislocate joints in their fingers and hands by accidentally striking the ball, the ground or another player.\n\nA hard blow to a joint during a motor vehicle accident and landing on an outstretched arm during a fall are other common causes.", 
    "Complications": "Complications of a joint dislocation can include:\n\n<ul>\n<li>Tearing of the muscles, ligaments and tendons that reinforce the injured joint</li>\n<li>Nerve or blood vessel damage in or around your joint</li>\n<li>Susceptibility to reinjury if you have a severe dislocation or repeated dislocations</li>\n<li>Development of arthritis in the affected joint as you age</li>\n</ul>\n\n\nStretching or tearing of ligaments or tendons that support your injured joint or damage to nerves or blood vessels surrounding the joint might require surgery to repair these tissues.", 
    "Diagnosis": "Besides examining your injury, your doctor might order the following\n\n<ul>\n<li>X-ray. An X-ray of your joint is used to confirm the dislocation and may reveal broken bones or other damage to your joint.</li>\n<li>MRI. This can help your doctor assess damage to the soft tissue structures around a dislocated joint.</li>\n</ul>", 
    "Id": "syc-20354113", 
    "Lifestyle and home remedies": "Try these steps to help ease discomfort and encourage healing after being treated for a dislocation injury:\n\n<ul>\n<li>Rest your dislocated joint. Don't repeat the action that caused your injury, and try to avoid painful movements.</li>\n<li>Apply ice and heat. Putting ice on your injured joint helps reduce inflammation and pain. Use a cold pack for 15 to 20 minutes at a time. For the first day or two, try to do this every couple of hours during the day. After two or three days, when the pain and inflammation have improved, hot packs or a heating pad may help relax tightened and sore muscles. Limit heat applications to 20 minutes at a time.</li>\n<li>Take a pain reliever. Over-the-counter medications, such as ibuprofen (Advil, Motrin IB, others), naproxen (Aleve) or acetaminophen (Tylenol, others), can help relieve pain.</li>\n<li>Maintain the range of motion in your joint. After one or two days, do some gentle exercises as directed by your doctor or physical therapist to help maintain range of motion in your injured joint. Total inactivity can cause stiff joints.</li>\n</ul>", 
    "Overview": "A dislocation is an injury to a joint \u2014 a place where two or more bones come together \u2014 in which the ends of your bones are forced from their normal positions. This painful injury temporarily deforms and immobilizes your joint.\n\nDislocation is most common in shoulders and fingers. Other sites include elbows, knees and hips. If you suspect a dislocation, seek prompt medical attention to return your bones to their proper positions.\n\nWhen treated properly, most dislocations return to normal function after several weeks of rest and rehabilitation. However, some joints, such as your shoulder, may have an increased risk of repeat dislocation.", 
    "Prevention": "To help prevent a dislocation:\n\n<ul>\n<li>Take precautions to avoid falls. Get your eyes checked regularly. Ask your doctor or pharmacist if any of the drugs you take might make you dizzy. Be sure your home is well-lighted and that you remove any potential tripping hazards from the areas where you walk.</li>\n<li>Play safely. Wear the suggested protective gear when you play contact sports.</li>\n<li>Avoid recurrence. Once you've dislocated a joint, you might be more susceptible to future dislocations. To avoid recurrence, do strength and stability exercises as recommended by your doctor or physical therapist to improve joint support.</li>\n</ul>", 
    "Risk factors": "Risk factors for a joint dislocation include:\n\n<ul>\n<li>Susceptibility to falls. Falling increases your chances of a dislocated joint if you use your arms to brace for impact or if you land forcefully on a body part, such as your hip or shoulder.</li>\n<li>Heredity. Some people are born with ligaments that are looser and more prone to injury than those of other people.</li>\n<li>Sports participation. Many dislocations occur during high-impact or contact sports, such as gymnastics, wrestling, basketball and football.</li>\n<li>Motor vehicle accidents. These are the most common cause of hip dislocations, especially for people not wearing a seat belt.</li>\n</ul>", 
    "Symptoms": "A dislocated joint can be:\n\n<ul>\n<li>Visibly deformed or out of place</li>\n<li>Swollen or discolored</li>\n<li>Intensely painful</li>\n<li>Immovable</li>\n</ul>\n\n\nIt can be difficult to tell a broken bone from a dislocated bone. For either type of injury, get medical help right away. If possible, ice the joint and keep it immobile while you're waiting to be seen.", 
    "Title": "Dislocation", 
    "Treatment": "Treatment of the dislocation depends on the site and severity of your injury. It might involve:\n\n<ul>\n<li>Reduction. Your doctor might try gentle maneuvers to help your bones back into position. Depending on the amount of pain and swelling, you might need a local anesthetic or even a general anesthetic before manipulation of your bones.</li>\n<li>Immobilization. After your bones are back in position, your doctor might immobilize your joint with a splint or sling for several weeks. How long you wear the splint or sling depends on the joint involved and the extent of damage to nerves, blood vessels and supporting tissues.</li>\n<li>Surgery. You might need surgery if your doctor can't move your dislocated bones into their correct positions or if the nearby blood vessels, nerves or ligaments have been damaged. Surgery may also be necessary if you have had recurring dislocations, especially of your shoulder.</li>\n<li>Rehabilitation. After your splint or sling is removed, you'll begin a gradual rehabilitation program designed to restore your joint's range of motion and strength.</li>\n</ul>"
}