{
    "Aliases": [], 
    "Alternative medicine": "Though they haven't been well-studied, a number of alternative therapies claim to be helpful treatments for chronic venous insufficiency, a condition associated with varicose veins in which leg veins have problems returning blood to the heart. These therapies include:\n\n<ul>\n<li>Horse chestnut</li>\n<li>Butcher's broom</li>\n<li>Grape (leaves, sap, seed and fruit)</li>\n<li>Sweet clover</li>\n</ul>\n\n\nTalk with your doctor before trying any herb or dietary supplement to make sure these products are safe and won't interfere with any medications.", 
    "Causes": "Weak or damaged valves can lead to varicose veins. Arteries carry blood from your heart to the rest of your tissues, and veins return blood from the rest of your body to your heart, so the blood can be recirculated. To return blood to your heart, the veins in your legs must work against gravity.\n\nMuscle contractions in your lower legs act as pumps, and elastic vein walls help blood return to your heart. Tiny valves in your veins open as blood flows toward your heart then close to stop blood from flowing backward. If these valves are weak or damaged, blood can flow backward and pool in the vein, causing the veins to stretch or twist.", 
    "Complications": "Complications of varicose veins, although rare, can include:\n\n<ul>\n<li>Ulcers. Painful ulcers may form on the skin near varicose veins, particularly near the ankles. A discolored spot on the skin usually begins before an ulcer forms. See your doctor immediately if you suspect you've developed an ulcer.</li>\n<li>Blood clots. Occasionally, veins deep within the legs become enlarged. In such cases, the affected leg may become painful and swell. Any persistent leg pain or swelling warrants medical attention because it may indicate a blood clot \u2014 a condition known medically as thrombophlebitis.</li>\n<li>Bleeding. Occasionally, veins very close to the skin may burst. This usually causes only minor bleeding. But any bleeding requires medical attention.</li>\n</ul>", 
    "Diagnosis": "To diagnose varicose veins, your doctor will do a physical exam, including looking at your legs while you're standing to check for swelling. Your doctor may also ask you to describe any pain and aching in your legs.\n\nYou also may need an ultrasound test to see if the valves in your veins are functioning normally or if there's any evidence of a blood clot. In this noninvasive test, a technician runs a small hand-held device (transducer), about the size of a bar of soap, against your skin over the area of your body being examined. The transducer transmits images of the veins in your legs to a monitor, so a technician and your doctor can see them.", 
    "Id": "syc-20350643", 
    "Lifestyle and home remedies": "There are some self-care measures you can take to decrease the discomfort that varicose veins can cause. These same measures can help prevent or slow the development of varicose veins, as well. They include:\n\n<ul>\n<li>Exercise. Get moving. Walking is a great way to encourage blood circulation in your legs. Your doctor can recommend an appropriate activity level for you.</li>\n<li>Watch your weight and your diet. Shedding excess pounds takes unnecessary pressure off your veins. What you eat can help, too. Follow a low-salt diet to prevent swelling caused from water retention.</li>\n<li>Watch what you wear. Avoid high heels. Low-heeled shoes work calf muscles more, which is better for your veins. Don't wear tight clothes around your waist, legs or groin because these garments can reduce blood flow.</li>\n<li>Elevate your legs. To improve the circulation in your legs, take several short breaks daily to elevate your legs above the level of your heart. For example, lie down with your legs resting on three or four pillows.</li>\n<li>Avoid long periods of sitting or standing. Make a point of changing your position frequently to encourage blood flow.</li>\n</ul>", 
    "Overview": "Varicose veins are twisted, enlarged veins. Any superficial vein may become varicosed, but the veins most commonly affected are those in your legs. That's because standing and walking upright increases the pressure in the veins of your lower body.\n\nFor many people, varicose veins and spider veins \u2014 a common, mild variation of varicose veins \u2014 are simply a cosmetic concern. For other people, varicose veins can cause aching pain and discomfort. Sometimes varicose veins lead to more-serious problems.\n\nTreatment may involve self-care measures or procedures by your doctor to close or remove veins.", 
    "Preparing for your appointment": "There are no special preparations you'll need to make before your appointment. Your doctor will need to look at your bare legs and feet to diagnose varicose veins and figure out what treatment might be best for your condition.\n\nYour primary care doctor may recommend that you see a doctor who specializes in vein conditions (phlebologist), a vascular surgeon or a doctor who treats skin conditions (dermatologist or dermatology surgeon). In the meantime, there are some steps you can take to prepare for your appointment and begin your self-care.\n\n<b>What you can do</b>\n<ul>\n<li>Write down any symptoms you're experiencing, including any that may seem unrelated to varicose veins.</li>\n<li>Write down key personal information, including a family history of varicose veins or spider veins.</li>\n<li>Make a list of all medications, vitamins or supplements that you're taking.</li>\n<li>Write down questions to ask your doctor.</li>\n</ul>\n\n\nYour time with your doctor is limited, so preparing a list of questions may help you make the most of your time together. Some basic questions to ask your doctor include:\n\n<ul>\n<li>What's the most likely cause of my symptoms?</li>\n<li>Are there other possible causes for my varicose veins?</li>\n<li>What kinds of tests will I need?</li>\n<li>How are varicose veins treated? What treatment do you recommend for me?</li>\n<li>Will my insurance pay for varicose vein treatment?</li>\n<li>How can I best manage varicose veins along with other health conditions I have?</li>\n<li>Are there any activity restrictions that I need to follow?</li>\n<li>Are there any brochures or other printed material that I can take home with me? What websites do you recommend visiting?</li>\n</ul>\n\n\n<b>What to expect from your doctor</b>\nYour doctor is likely to ask you a number of questions. Being ready to answer them may reserve time to go over any points you want to spend more time on. Your doctor may ask:\n\n<ul>\n<li>When did you first notice the varicose veins?</li>\n<li>Do you have any pain? If so, how severe is your pain?</li>\n<li>What, if anything, seems to improve your symptoms?</li>\n<li>Does anything appear to worsen your symptoms?</li>\n</ul>\n\n\n<b>What you can do in the meantime</b>\nEven before your appointment, you can begin self-care. Try not to stand or sit in one position for a long time, elevate your legs when you're seated, and avoid uncomfortable footwear and tight socks or hosiery.", 
    "Prevention": "There's no way to completely prevent varicose veins. But improving your circulation and muscle tone may reduce your risk of developing varicose veins or getting additional ones. The same measures you can take to treat the discomfort from varicose veins at home can help prevent varicose veins, including:\n\n<ul>\n<li>Exercising</li>\n<li>Watching your weight</li>\n<li>Eating a high-fiber, low-salt diet</li>\n<li>Avoiding high heels and tight hosiery</li>\n<li>Elevating your legs</li>\n<li>Changing your sitting or standing position regularly</li>\n</ul>", 
    "Risk factors": "These factors increase your risk of developing varicose veins:\n\n<ul>\n<li>Age. The risk of varicose veins increases with age. Aging causes wear and tear on the valves in your veins that help regulate blood flow. Eventually, that wear causes the valves to allow some blood to flow back into your veins where it collects instead of flowing up to your heart.</li>\n<li>Sex. Women are more likely to develop the condition. Hormonal changes during pregnancy, premenstruation or menopause may be a factor because female hormones tend to relax vein walls. Hormone treatments, such as birth control pills, may increase your risk of varicose veins.</li>\n<li>Pregnancy. During pregnancy, the volume of blood in your body increases. This change supports the growing fetus, but also can produce an unfortunate side effect \u2014 enlarged veins in your legs. Hormonal changes during pregnancy may also play a role.</li>\n<li>Family history. If other family members had varicose veins, there's a greater chance you will too.</li>\n<li>Obesity. Being overweight puts added pressure on your veins.</li>\n<li>Standing or sitting for long periods of time. Your blood doesn't flow as well if you're in the same position for long periods.</li>\n</ul>", 
    "Symptoms": "Varicose veins may not cause any pain. Signs you may have varicose veins include:\n\n<ul>\n<li>Veins that are dark purple or blue in color</li>\n<li>Veins that appear twisted and bulging; they are often like cords on your legs </li>\n</ul>\n\n\nWhen painful signs and symptoms occur, they may include:\n\n<ul>\n<li>An achy or heavy feeling in your legs</li>\n<li>Burning, throbbing, muscle cramping and swelling in your lower legs</li>\n<li>Worsened pain after sitting or standing for a long time</li>\n<li>Itching around one or more of your veins</li>\n<li>Skin discoloration around a varicose vein</li>\n</ul>\n\n\nSpider veins are similar to varicose veins, but they're smaller. Spider veins are found closer to the skin's surface and are often red or blue.\n\nSpider veins occur on the legs, but can also be found on the face. They vary in size and often look like a spider's web.\n\n<b>When to see a doctor</b>\nSelf-care \u2014 such as exercise, elevating your legs or wearing compression stockings \u2014 can help you ease the pain of varicose veins and may prevent them from getting worse. But if you're concerned about how your veins look and feel and self-care measures haven't stopped your condition from getting worse, see your doctor.", 
    "Title": "Varicose veins", 
    "Treatment": "Fortunately, treatment usually doesn't mean a hospital stay or a long, uncomfortable recovery. Thanks to less invasive procedures, varicose veins can generally be treated on an outpatient basis.\n\nAsk your doctor if insurance will cover any of the cost of your treatment. If done for purely cosmetic reasons, you'll likely have to pay for the treatment of varicose veins yourself.\n\n<b>Self-care</b>\nSelf-care \u2014 such as exercising, losing weight, not wearing tight clothes, elevating your legs, and avoiding long periods of standing or sitting \u2014 can ease pain and prevent varicose veins from getting worse.\n\n<b>Compression stockings</b>\nWearing compression stockings all day is often the first approach to try before moving on to other treatments. They steadily squeeze your legs, helping veins and leg muscles move blood more efficiently. The amount of compression varies by type and brand.\n\nYou can buy compression stockings at most pharmacies and medical supply stores. Prescription-strength stockings also are available, and are likely covered by insurance if your varicose veins are causing symptoms.\n\n<b>Additional treatments for more-severe varicose veins</b>\nIf you don't respond to self-care or compression stockings, or if your condition is more severe, your doctor may suggest one of these varicose vein treatments:\n\n<ul>\n<li>\n    Sclerotherapy. In this procedure, your doctor injects small- and medium-sized varicose veins with a solution or foam that scars and closes those veins. In a few weeks, treated varicose veins should fade.\n    Although the same vein may need to be injected more than once, sclerotherapy is effective if done correctly. Sclerotherapy doesn't require anesthesia and can be done in your doctor's office.\n    </li>\n<li>Foam sclerotherapy of large veins. Injection of a large vein with a foam solution is also a possible treatment to close a vein and seal it.</li>\n<li>Laser treatment. Doctors are using new technology in laser treatments to close off smaller varicose veins and spider veins. Laser treatment works by sending strong bursts of light onto the vein, which makes the vein slowly fade and disappear. No incisions or needles are used.</li>\n<li>Catheter-assisted procedures using radiofrequency or laser energy. In one of these treatments, your doctor inserts a thin tube (catheter) into an enlarged vein and heats the tip of the catheter using either radiofrequency or laser energy. As the catheter is pulled out, the heat destroys the vein by causing it to collapse and seal shut. This procedure is the preferred treatment for larger varicose veins.</li>\n<li>High ligation and vein stripping. This procedure involves tying off a vein before it joins a deep vein and removing the vein through small incisions. This is an outpatient procedure for most people. Removing the vein won't adversely affect circulation in your leg because veins deeper in the leg take care of the larger volumes of blood.</li>\n<li>Ambulatory phlebectomy (fluh-BEK-tuh-me). Your doctor removes smaller varicose veins through a series of tiny skin punctures. Only the parts of your leg that are being pricked are numbed in this outpatient procedure. Scarring is generally minimal.</li>\n<li>Endoscopic vein surgery. You might need this operation only in an advanced case involving leg ulcers if other techniques fail. Your surgeon uses a thin video camera inserted in your leg to visualize and close varicose veins and then removes the veins through small incisions. This procedure is performed on an outpatient basis.</li>\n</ul>\n\n\nVaricose veins that develop during pregnancy generally improve without medical treatment within three to 12 months after delivery."
}