{
    "Aliases": [], 
    "Alternative medicine": "More research is needed, but therapies that may help improve sexual satisfaction include:\n\n<ul>\n<li>Mindfulness. This type of meditation is based on having an increased awareness and acceptance of living in the present moment. You focus on what you experience during meditation, such as the flow of your breath. You can observe your thoughts and emotions, but let them pass without judgment.</li>\n<li>Acupuncture. Acupuncture involves the insertion of extremely thin needles into your skin at strategic points on your body. Acupuncture may have positive effects on low libido and lubrication difficulties, especially if these problems are related to the use of some antidepressant medications.</li>\n<li>Yoga. During yoga, you perform a series of postures and controlled breathing exercises to promote a flexible body and a calm mind. Certain subsets of yoga aim to channel the body's sexual energy and improve sexual functioning.</li>\n</ul>\n\n\nThere are also some herbal supplements and topical oils marketed to increase libido and sexual pleasure. However, these products haven't been well-studied. One product has estrogen-like properties and may encourage the growth of breast tumors that need estrogen to grow. Talk to your doctor before trying any herbal or topical oil formulations.", 
    "Causes": "Sexual problems often develop when your hormones are in flux, such as after having a baby or during menopause. Major illness, such as cancer, diabetes, or heart and blood vessel (cardiovascular) disease, can also contribute to sexual dysfunction.\n\nFactors \u2014 often interrelated \u2014 that contribute to sexual dissatisfaction or dysfunction include:\n\n<ul>\n<li>Physical. Any number of medical conditions, including cancer, kidney failure, multiple sclerosis, heart disease and bladder problems, can lead to sexual dysfunction. Certain medications, including some antidepressants, blood pressure medications, antihistamines and chemotherapy drugs, can decrease your sexual desire and your body's ability to experience orgasm.</li>\n<li>\n    Hormonal. Lower estrogen levels after menopause may lead to changes in your genital tissues and sexual responsiveness. A decrease in estrogen leads to decreased blood flow to the pelvic region, which can result in less genital sensation, as well as needing more time to build arousal and reach orgasm.\n    The vaginal lining also becomes thinner and less elastic, particularly if you're not sexually active. These factors can lead to painful intercourse (dyspareunia). Sexual desire also decreases when hormonal levels decrease.\n    Your body's hormone levels also shift after giving birth and during breast-feeding, which can lead to vaginal dryness and can affect your desire to have sex.\n    </li>\n<li>\n    Psychological and social. Untreated anxiety or depression can cause or contribute to sexual dysfunction, as can long-term stress and a history of sexual abuse. The worries of pregnancy and demands of being a new mother may have similar effects.\n    Long-standing conflicts with your partner \u2014 about sex or other aspects of your relationship \u2014 can diminish your sexual responsiveness as well. Cultural and religious issues and problems with body image also can contribute.\n    </li>\n</ul>", 
    "Clinical trials": "Explore Mayo Clinic studies testing new treatments, interventions and tests as a means to prevent, detect, treat or manage this disease.", 
    "Coping and support": "At each stage of your life, your level of sexual desire, arousal and satisfaction can change. To better adapt:\n\n<ul>\n<li>Understand your body and what makes for a healthy sexual response. The more you and your partner know about the physical aspects of your body and how it functions, the better able you'll be to find ways to ease sexual difficulties.</li>\n<li>Gather information. Ask your doctor or look for educational materials to learn how issues such as aging, illnesses, pregnancy, menopause and medicines might affect your sex life.</li>\n<li>Communicate openly with your partner. Be flexible in your approach to intimacy with your partner. Continue to engage in the areas of intimacy that are working well for the two of you.</li>\n<li>Accept changes that occur. Explore new aspects of your sexuality during times of transition to improve your sexual experiences.</li>\n</ul>\n\n\nSexual response often has as much to do with your feelings for your partner as it does with physical sexual stimuli. Rediscover each other and reconnect.", 
    "Diagnosis": "To diagnose female sexual dysfunction, your doctor may:\n\n<ul>\n<li>Discuss your sexual and medical history. You might be uneasy talking with your doctor about such personal matters, but your sexuality is a key part of your well-being. The more upfront you can be about your sexual history and current problems, the better your chances of finding an effective way to treat them.</li>\n<li>Perform a pelvic exam. During the exam, your doctor checks for physical changes that affect your sexual enjoyment, such as thinning of your genital tissues, decreased skin elasticity, scarring or pain.</li>\n<li>Order blood tests. Your doctor may recommend blood tests to check for underlying health conditions that might contribute to sexual dysfunction.</li>\n</ul>\n\n\nYour doctor may also refer you to a counselor or therapist specializing in sexual and relationship problems.", 
    "Id": "syc-20372549", 
    "Lifestyle and home remedies": "To boost your sexual health, find ways to be comfortable with your sexuality, improve your self-esteem and accept your body. Try practicing these healthy lifestyle habits:\n\n<ul>\n<li>Avoid excessive alcohol. Drinking too much blunts sexual responsiveness.</li>\n<li>Don't smoke. Cigarette smoking restricts blood flow throughout your body. Less blood reaches your sexual organs, which means you could experience decreased sexual arousal and orgasmic response.</li>\n<li>Be physically active. Regular aerobic exercise increases your stamina, improves your body image and elevates your mood. This can help you feel more romantic, more often.</li>\n<li>Make time for leisure and relaxation. Learn ways to decrease stress, and allow yourself to relax amid the stresses of your daily life. Being relaxed can enhance your ability to focus on your sexual experiences and may help you attain more satisfying arousal and orgasm.</li>\n</ul>", 
    "Overview": "Persistent, recurrent problems with sexual response, desire, orgasm or pain \u2014 that distress you or strain your relationship with your partner \u2014 are known medically as sexual dysfunction.\n\nMany women experience problems with sexual function at some point, and some have difficulties throughout their lives. Female sexual dysfunction can occur at any stage of life. It can occur only in certain sexual situations or in all sexual situations.\n\nSexual response involves a complex interplay of physiology, emotions, experiences, beliefs, lifestyle and relationships. Disruption of any component can affect sexual desire, arousal or satisfaction, and treatment often involves more than one approach.", 
    "Preparing for your appointment": "If you have ongoing sexual difficulties that distress you, make an appointment with your doctor. You may feel embarrassed to talk about sex with your doctor, but this topic is perfectly appropriate. A satisfying sex life is important to a woman's well-being at every age.\n\nYou might have a treatable, underlying condition, or you might benefit from lifestyle changes, therapy or a combination of treatments. Your primary doctor will either diagnose and treat the problem or refer you to a specialist.\n\nHere's some information to help you prepare for your appointment.\n\n<b>What you can do</b>\nGather information about:\n\n<ul>\n<li>Your symptoms. Take note of any sexual difficulties you're having, including when and how often they occur.</li>\n<li>Your sexual history. Your doctor likely will ask about your relationships and experiences since you became sexually active. He or she also might ask about any history of sexual trauma or abuse.</li>\n<li>Your medical history. Write down any medical conditions you have, including mental health conditions. Jot down the names and doses of medications you take or have recently taken, including prescription and over-the-counter drugs.</li>\n<li>Questions to ask your doctor. Create a list of questions to make the most of your time with your doctor.</li>\n</ul>\n\n\nSome basic questions to ask your doctor about your sexual concerns include:\n\n<ul>\n<li>What might be causing my sexual difficulties?</li>\n<li>Do I need medical tests?</li>\n<li>What treatment do you recommend?</li>\n<li>If you're prescribing medication, are there possible side effects?</li>\n<li>How much improvement can I reasonably expect with treatment?</li>\n<li>Are there lifestyle changes or self-care steps that might help?</li>\n<li>Do you recommend therapy?</li>\n<li>Should my partner be involved in treatment?</li>\n<li>Do you have printed material you can give me? What websites do you recommend?</li>\n</ul>\n\n\nDon't hesitate to ask other questions that occur to you.\n\n<b>What to expect from your doctor</b>\nYour doctor might ask a number of personal questions and might want to include your partner in the interview. To help determine the cause of your problem and the best course of treatment, be ready to answer questions such as:\n\n<ul>\n<li>What problems are you having?</li>\n<li>How much do these problems bother you?</li>\n<li>How satisfied are you with your relationship?</li>\n<li>Do you become aroused during sexual interactions with your partner?</li>\n<li>Do you have orgasms?</li>\n<li>If you've had orgasms in the past but no longer can, what's different?</li>\n<li>Do you have pain with intercourse?</li>\n<li>What form of birth control, if any, do you use?</li>\n<li>Do you use alcohol or recreational drugs? How much?</li>\n<li>Have you ever had surgery that involved your reproductive system?</li>\n<li>Have you been diagnosed with other medical conditions, including mental health conditions?</li>\n<li>Have you ever had an unwanted sexual experience?</li>\n</ul>\n\n\n<b>What you can do in the meantime</b>\nKeep the lines of communication open with your partner. Be honest about your dissatisfaction or the problem you have. Consider alternatives for intimacy and engage in sexual activities that are rewarding for both of you.", 
    "Risk factors": "Some factors may increase your risk of sexual dysfunction:\n\n<ul>\n<li>Depression or anxiety</li>\n<li>Heart and blood vessel disease</li>\n<li>Neurological conditions, such as spinal cord injury or multiple sclerosis</li>\n<li>Gynecological conditions, such as vulvovaginal atrophy, infections or lichen sclerosus</li>\n<li>Certain medications, such as antidepressants or high blood pressure medications</li>\n<li>Emotional or psychological stress, especially with regard to your relationship with your partner</li>\n<li>A history of sexual abuse</li>\n</ul>", 
    "Symptoms": "Symptoms vary depending on what type of sexual dysfunction you're experiencing:\n\n<ul>\n<li>Low sexual desire. This most common of female sexual dysfunctions involves a lack of sexual interest and willingness to be sexual.</li>\n<li>Sexual arousal disorder. Your desire for sex might be intact, but you have difficulty with arousal or are unable to become aroused or maintain arousal during sexual activity.</li>\n<li>Orgasmic disorder. You have persistent or recurrent difficulty in achieving orgasm after sufficient sexual arousal and ongoing stimulation.</li>\n<li>Sexual pain disorder. You have pain associated with sexual stimulation or vaginal contact.</li>\n</ul>\n\n\n<b>When to see a doctor</b>\nIf sexual problems affect your relationship or worry you, make an appointment with your doctor for evaluation.", 
    "Title": "Female sexual dysfunction", 
    "Treatment": "Keep in mind that sexual dysfunction is a problem only if it bothers you. If it doesn't bother you, there's no need for treatment.\n\nBecause female sexual dysfunction has many possible symptoms and causes, treatment varies. It's important for you to communicate your concerns, as well as to understand your body and its normal sexual response. Also, your goals for your sex life are important for choosing a treatment and evaluating whether or not it's working for you.\n\nWomen with sexual concerns most often benefit from a combined treatment approach that addresses medical as well as relationship and emotional issues.\n\n<b>Nonmedical treatment for female sexual dysfunction</b>\nTo treat sexual dysfunction, your doctor might recommend that you start with these strategies:\n\n<ul>\n<li>Talk and listen. Open communication with your partner makes a world of difference in your sexual satisfaction. Even if you're not used to talking about your likes and dislikes, learning to do so and providing feedback in a nonthreatening way sets the stage for greater intimacy.</li>\n<li>Practice healthy lifestyle habits. Limit alcohol \u2014 drinking too much can blunt your sexual responsiveness. Be physically active \u2014 regular physical activity can increase your stamina and elevate your mood, enhancing romantic feelings. Learn ways to decrease stress so you can focus on and enjoy sexual experiences.</li>\n<li>Seek counseling. Talk with a counselor or therapist who specializes in sexual and relationship problems. Therapy often includes education about how to optimize your body's sexual response, ways to enhance intimacy with your partner, and recommendations for reading materials or couples exercises.</li>\n<li>Use a lubricant. A vaginal lubricant may be helpful during intercourse if you have vaginal dryness or pain during sex.</li>\n<li>Try a device. Arousal may be enhanced with stimulation of the clitoris. Use a vibrator to provide clitoral stimulation.</li>\n</ul>\n\n\n<b>Medical treatment for female sexual dysfunction</b>\nEffective treatment for sexual dysfunction often requires addressing an underlying medical condition or hormonal change. Your doctor may suggest changing a medication you're taking or prescribing a new one.\n\nTreating female sexual dysfunction linked to a hormonal cause might include:\n\n<ul>\n<li>\n    Estrogen therapy. Localized estrogen therapy comes in the form of a vaginal ring, cream or tablet. This therapy benefits sexual function by improving vaginal tone and elasticity, increasing vaginal blood flow and enhancing lubrication.\n    The risks of hormone therapy may vary depending on your age, your risk of other health issues such as heart and blood vessel disease and cancer, the dose and type of hormone and whether estrogen is given alone or with a progestin.\n    Talk with your doctor about benefits and risks. In some cases, hormonal therapy might require close monitoring by your doctor.\n    </li>\n<li>Ospemifene (Osphena). This medication is a selective estrogen receptor modulator. It helps reduce pain during sex for women with vulvovaginal atrophy.</li>\n<li>\n    Androgen therapy. Androgens include testosterone. Testosterone plays a role in healthy sexual function in women as well as men, although women have much lower levels of testosterone.\n    Androgen therapy for sexual dysfunction is controversial. Some studies show a benefit for women who have low testosterone levels and develop sexual dysfunction; other studies show little or no benefit.\n    </li>\n<li>\n    Flibanserin (Addyi). Originally developed as an antidepressant, flibanserin is approved by the Food and Drug Administration as a treatment for low sexual desire in premenopausal women.\n    A daily pill, Addyi may boost sex drive in women who experience low sexual desire and find it distressing. Potentially serious side effects include low blood pressure, sleepiness, nausea, fatigue, dizziness and fainting, particularly if the drug is mixed with alcohol. Experts recommend that you stop taking the drug if you don't notice an improvement in your sex drive after eight weeks.\n    </li>\n</ul>\n\n\n<b>Potential treatments that need more research</b>\nMore research is needed before these agents might be recommended for treatment of female sexual dysfunction:\n\n<ul>\n<li>Tibolone. Tibolone is a synthetic steroid drug used in Europe and Australia for treatment of postmenopausal osteoporosis. Due to concerns over increased risk of breast cancer and stroke in women taking tibolone, the drug isn't approved by the Food and Drug Administration for use in the U.S.</li>\n<li>\n    Phosphodiesterase inhibitors. This group of medications has proved successful in treating erectile dysfunction in men, but the drugs don't work nearly as well in treating female sexual dysfunction. Studies looking into the effectiveness of these drugs in women show inconsistent results.\n    One drug, sildenafil (Revatio, Viagra), may prove beneficial for some women who have sexual dysfunction as a result of taking selective serotonin reuptake inhibitors (SSRIs), a class of drugs used to treat depression. Don't take sildenafil if you use nitroglycerin for angina \u2014 a type of chest pain caused by reduced blood flow to the heart.\n    </li>\n</ul>\n\n\nIssues surrounding female sexual dysfunction are usually complex, so even the best medications aren't likely to work if other emotional or social factors remain unresolved."
}