{
    "Aliases": [
        "teeth grinding"
    ], 
    "Causes": "Doctors don't completely understand what causes bruxism, but it may be due to a combination of physical, psychological and genetic factors.\n\n<ul>\n<li>Awake bruxism may be due to emotions such as anxiety, stress, anger, frustration or tension. Or it may be a coping strategy or a habit during deep concentration.</li>\n<li>Sleep bruxism may be a sleep-related chewing activity associated with arousals during sleep.</li>\n</ul>", 
    "Complications": "In most cases, bruxism doesn't cause serious complications. But severe bruxism may lead to:\n\n<ul>\n<li>Damage to your teeth, restorations, crowns or jaw</li>\n<li>Tension-type headaches</li>\n<li>Severe facial or jaw pain</li>\n<li>Disorders that occur in the temporomandibular joints (TMJs), located just in front of your ears, which may sound like clicking when you open and close your mouth</li>\n</ul>", 
    "Diagnosis": "During regular dental exams, your dentist likely will check for signs of bruxism.\n\n<b>Evaluation</b>\nIf you have any signs, your dentist looks for changes in your teeth and mouth over the next several visits to see if the process is progressive and to determine whether you need treatment.\n\n<b>Determining the cause</b>\nIf your dentist suspects that you have bruxism, he or she tries to determine its cause by asking questions about your general dental health, medications, daily routines and sleep habits.\n\nTo evaluate the extent of bruxism, your dentist may check for:\n\n<ul>\n<li>Tenderness in your jaw muscles</li>\n<li>Obvious dental abnormalities, such as broken or missing teeth</li>\n<li>Other damage to your teeth, the underlying bone and the inside of your cheeks, usually with the help of X-rays</li>\n</ul>\n\n\nA dental exam may detect other disorders that can cause similar jaw or ear pain, such as temporomandibular joint (TMJ) disorders, other dental problems or health conditions.\n\n<b>Referral</b>\nIf your bruxism seems to be related to major sleep issues, your doctor may recommend a sleep medicine specialist. A sleep medicine specialist can conduct more tests, such as a sleep study that will assess for episodes of teeth grinding and determine if you have sleep apnea or other sleep disorders.\n\nIf anxiety or other psychological issues seem related to your teeth grinding, you may be referred to a licensed therapist or counselor.", 
    "Id": "syc-20356095", 
    "Lifestyle and home remedies": "These self-care steps may prevent or help treat bruxism:\n\n<ul>\n<li>Reduce stress. Listening to music, taking a warm bath or exercising can help you relax and may reduce your risk of developing bruxism.</li>\n<li>Avoid stimulating substances in the evening. Don't drink caffeinated coffee or caffeinated tea after dinner and avoid alcohol during the evening, as they may worsen bruxism.</li>\n<li>Practice good sleep habits. Getting a good night's sleep, which may include treatment for sleep problems, may help reduce bruxism.</li>\n<li>Talk to your sleep partner. If you have a sleeping partner, ask him or her to be aware of any grinding or clicking sounds that you might make while sleeping so you can report this to your dentist or doctor.</li>\n<li>Schedule regular dental exams. Dental exams are the best way to identify bruxism. Your dentist can spot signs of bruxism in your mouth and jaw during regular visits and exams.</li>\n</ul>", 
    "Overview": "Bruxism (BRUK-siz-um) is a condition in which you grind, gnash or clench your teeth. If you have bruxism, you may unconsciously clench your teeth when you're awake (awake bruxism) or clench or grind them during sleep (sleep bruxism).\n\nSleep bruxism is considered a sleep-related movement disorder. People who clench or grind their teeth (brux) during sleep are more likely to have other sleep disorders, such as snoring and pauses in breathing (sleep apnea).\n\nMild bruxism may not require treatment. However, in some people, bruxism can be frequent and severe enough to lead to jaw disorders, headaches, damaged teeth and other problems.\n\nBecause you may have sleep bruxism and be unaware of it until complications develop, it's important to know the signs and symptoms of bruxism and to seek regular dental care.", 
    "Preparing for your appointment": "You may start by seeing your dentist or your primary care doctor. In some cases when you call to set up an appointment, you may be referred to a sleep medicine specialist.\n\n<b>What you can do</b>\nPrepare for your appointment by making a list of:\n\n<ul>\n<li>Relevant medical history, for instance, past bruxism-related problems and information on any medical conditions.</li>\n<li>Any symptoms you're experiencing, including any that may seem unrelated to the reason for the appointment. If you experience pain, make a note of when it occurs, such as when you wake up or at the end of the day.</li>\n<li>Key personal information, including any major stresses or recent life changes.</li>\n<li>All medications, including over-the-counter medications, vitamins, herbs or other supplements, you're taking and the dosages. Let your doctor know about anything you've taken to help you sleep.</li>\n<li>Questions to ask your dentist or doctor.</li>\n</ul>\n\n\nBasic questions to ask your doctor may include:\n\n<ul>\n<li>What's likely causing my symptoms?</li>\n<li>Are there other possible causes?</li>\n<li>What kinds of tests do I need?</li>\n<li>Is my condition likely temporary or long term?</li>\n<li>What's the best treatment?</li>\n<li>What are the alternatives to the primary approach you're suggesting?</li>\n<li>I have other health conditions. How can I best manage them together?</li>\n<li>Should I see a specialist?</li>\n<li>Is there a generic alternative to the medicine you're prescribing?</li>\n<li>Are there any brochures or other printed material that I can have? What websites do you recommend?</li>\n</ul>\n\n\nDon't hesitate to ask other questions during your appointment.\n\n<b>What to expect from your doctor</b>\nBe ready to answer questions from your doctor so that you can spend time on areas you want to focus on. Some questions your doctor may ask include:\n\n<ul>\n<li>When did you first begin experiencing symptoms?</li>\n<li>Have your symptoms been continuous or occasional?</li>\n<li>How severe are your symptoms?</li>\n<li>What, if anything, seems to improve your symptoms?</li>\n<li>What, if anything, seems to worsen your symptoms?</li>\n</ul>", 
    "Risk factors": "These factors increase your risk of bruxism:\n\n<ul>\n<li>Stress. Increased anxiety or stress can lead to teeth grinding. So can anger and frustration. </li>\n<li>Age. Bruxism is common in young children, but it usually goes away by adulthood. </li>\n<li>Personality type. Having a personality type that's aggressive, competitive or hyperactive can increase your risk of bruxism.</li>\n<li>Medications and other substances. Bruxism may be an uncommon side effect of some psychiatric medications, such as certain antidepressants. Smoking tobacco, drinking caffeinated beverages or alcohol, or using recreational drugs may increase the risk of bruxism.</li>\n<li>Family members with bruxism. Sleep bruxism tends to occur in families. If you have bruxism, other members of your family also may have bruxism or a history of it.</li>\n<li>Other disorders. Bruxism can be associated with some mental health and medical disorders, such as Parkinson's disease, dementia, gastroesophageal reflux disorder (GERD), epilepsy, night terrors, sleep-related disorders such as sleep apnea, and attention-deficit/hyperactivity disorder (ADHD).</li>\n</ul>", 
    "Symptoms": "Signs and symptoms of bruxism may include:\n\n<ul>\n<li>Teeth grinding or clenching, which may be loud enough to wake up your sleep partner</li>\n<li>Teeth that are flattened, fractured, chipped or loose</li>\n<li>Worn tooth enamel, exposing deeper layers of your tooth</li>\n<li>Increased tooth pain or sensitivity</li>\n<li>Tired or tight jaw muscles, or a locked jaw that won't open or close completely</li>\n<li>Jaw, neck or face pain or soreness</li>\n<li>Pain that feels like an earache, though it's actually not a problem with your ear</li>\n<li>Dull headache starting in the temples</li>\n<li>Damage from chewing on the inside of your cheek</li>\n<li>Sleep disruption</li>\n</ul>\n\n\nSee your dentist or doctor if you have any of the symptoms listed above or have other concerns about your teeth or jaw.\n\nIf you notice that your child is grinding his or her teeth \u2014 or has other signs or symptoms of bruxism \u2014 be sure to mention it at your child's next dental appointment.", 
    "Title": "Bruxism", 
    "Treatment": "In many cases, treatment isn't necessary. Many kids outgrow bruxism without treatment, and many adults don't grind or clench their teeth badly enough to require therapy. However, if the problem is severe, options include certain dental approaches, therapies and medications to prevent more tooth damage and relieve jaw pain or discomfort.\n\nTalk with your dentist or doctor to find out which option may work best for you.\n\n<b>Dental approaches</b>\nIf you or your child has bruxism, your doctor may suggest ways to preserve or improve your teeth. Although these methods may prevent or correct the wear to your teeth, they may not stop the bruxism:\n\n<ul>\n<li>Splints and mouth guards. These are designed to keep teeth separated to avoid the damage caused by clenching and grinding. They can be constructed of hard acrylic or soft materials and fit over your upper or lower teeth.</li>\n<li>Dental correction. In severe cases \u2014 when tooth wear has led to sensitivity or the inability to chew properly \u2014 your dentist may need to reshape the chewing surfaces of your teeth or use crowns to repair the damage.</li>\n</ul>\n\n\n<b>Other approaches</b>\nOne or more of these approaches may help relieve bruxism:\n\n<ul>\n<li>Stress or anxiety management. If you grind your teeth because of stress, you may be able to prevent the problem by learning strategies that promote relaxation, such as meditation. If the bruxism is related to anxiety, advice from a licensed therapist or counselor may help.</li>\n<li>Behavior change. Once you discover that you have bruxism, you may be able to change the behavior by practicing proper mouth and jaw position. Ask your dentist to show you the best position for your mouth and jaw.</li>\n<li>Biofeedback. If you're having a hard time changing your habits, you may benefit from biofeedback, a method that uses monitoring procedures and equipment to teach you to control muscle activity in your jaw.</li>\n</ul>\n\n\n<b>Medications</b>\nIn general, medications aren't very effective for treatment of bruxism, and more research is needed to determine their effectiveness. Examples of medications that may be used for bruxism include:\n\n<ul>\n<li>Muscle relaxants. In some cases, your doctor may suggest taking a muscle relaxant before bedtime, for a short period of time.</li>\n<li>Botox injections. Injections of Botox, a form of botulinum toxin, may help some people with severe bruxism who don't respond to other treatments.</li>\n<li>Medication for anxiety or stress. Your doctor may recommend short-term use of antidepressants or anti-anxiety medications to help you deal with stress or other emotional issues that may be causing your bruxism.</li>\n</ul>\n\n\n<b>Treating associated disorders</b>\nTreatment for associated disorders may include:\n\n<ul>\n<li>Medications. If you develop bruxism as a side effect of a drug, your doctor may change your medication or prescribe a different one.</li>\n<li>Sleep-related disorders. Addressing sleep-related disorders such as sleep apnea may improve sleep bruxism.</li>\n<li>Medical conditions. If an underlying medical condition, such as gastroesophageal reflux disease (GERD), is identified as the cause, treating this condition may improve bruxism.</li>\n</ul>"
}