{
    "Aliases": [], 
    "Alternative medicine": "Make sure that you and your teenager understand the risks as well as possible benefits if your teen pursues alternative or complementary therapy. Don't replace conventional medical treatment or psychotherapy with alternative medicine. When it comes to depression, alternative treatments aren't a good substitute for medical care.\n\nExamples of techniques that may help in dealing with depression include:\n\n<ul>\n<li>Acupuncture</li>\n<li>Relaxation techniques, such as deep breathing</li>\n<li>Yoga or tai chi</li>\n<li>Meditation</li>\n<li>Guided imagery</li>\n<li>Massage therapy</li>\n<li>Music or art therapy</li>\n<li>Spirituality</li>\n</ul>\n\n\nRelying solely on these methods is generally not enough to treat depression. But they may be helpful when used in addition to medication and psychotherapy.", 
    "Causes": "It's not known exactly what causes depression, but a variety of issues may be involved. These include:\n\n<ul>\n<li>Brain chemistry. Neurotransmitters are naturally occurring brain chemicals that carry signals to other parts of your brain and body. When these chemicals are abnormal or impaired, the function of nerve receptors and nerve systems changes, leading to depression.</li>\n<li>Hormones. Changes in the body's balance of hormones may be involved in causing or triggering depression.</li>\n<li>Inherited traits. Depression is more common in people whose blood relatives \u2014 such as a parent or grandparent \u2014 also have the condition.</li>\n<li>Early childhood trauma. Traumatic events during childhood, such as physical or emotional abuse, or loss of a parent, may cause changes in the brain that make a person more susceptible to depression.</li>\n<li>Learned patterns of negative thinking. Teen depression may be linked to learning to feel helpless \u2014 rather than learning to feel capable of finding solutions for life's challenges.</li>\n</ul>", 
    "Clinical trials": "Explore Mayo Clinic studies testing new treatments, interventions and tests as a means to prevent, detect, treat or manage this disease.", 
    "Complications": "Untreated depression can result in emotional, behavioral and health problems that affect every area of your teenager's life. Complications related to teen depression may include, for example:\n\n<ul>\n<li>Alcohol and drug misuse</li>\n<li>Academic problems</li>\n<li>Family conflicts and relationship difficulties</li>\n<li>Involvement with the juvenile justice system</li>\n<li>Suicide attempts or suicide</li>\n</ul>", 
    "Coping and support": "Showing interest and the desire to understand your teenager's feelings lets him or her know you care. You may not understand why your teen feels hopeless or has a sense of loss or failure. But listen without judging and try to put yourself in your teen's position. Help build your teen's self-esteem by recognizing small successes and offering praise about competence.\n\nEncourage your teen to:\n\n<ul>\n<li>Make and keep healthy friendships. Positive relationships can help boost your teen's confidence and help him or her stay connected with others. Encourage your teen to avoid relationships with people whose attitudes or behaviors could make depression worse.</li>\n<li>Stay active. Participation in sports, school activities or a job can help keep your teen focused on positive things, rather than negative feelings or behaviors.</li>\n<li>Ask for help. Teens may be reluctant to seek support when life seems overwhelming. Encourage your teen to talk to a family member or other trusted adult whenever needed.</li>\n<li>Have realistic expectations. Many teens judge themselves when they aren't able to live up to unrealistic standards \u2014 academically, in athletics or in appearance, for example. Let your teen know that it's OK not to be perfect.</li>\n<li>Simplify life. Encourage your teen to carefully choose obligations and commitments, and set reasonable goals. Let your teen know that it's OK to do less when he or she feels down.</li>\n<li>Structure time. Help your teen plan activities by making lists or using a planner to stay organized. Sticking to a regular routine may help improve mood.</li>\n<li>Keep a private journal. Journaling may help improve your teen's mood by allowing your teen to express and work through pain, anger, fear or other emotions.</li>\n<li>Connect with other teens who struggle with depression. Ask the doctor or therapist if there are local support groups for teen depression. Depression support groups are offered online, but check them out to make sure they're trustworthy sites \u2014 such as the National Alliance on Mental Illness or the Depression and Bipolar Support Alliance.</li>\n<li>Stay healthy. Do your part to make sure your teen eats regular, healthy meals, gets regular exercise and gets a healthy amount of sleep. Bring healthy foods into the home and keep unhealthy foods out, and establish a time for lights out at bedtime.</li>\n</ul>", 
    "Diagnosis": "When teen depression is suspected, the doctor will typically do these exams and tests.\n\n<ul>\n<li>Physical exam. The doctor may do a physical exam and ask in-depth questions about your teenager's health to determine what may be causing depression. In some cases, depression may be linked to an underlying physical health problem.</li>\n<li>Lab tests. For example, your teen's doctor may do a blood test called a complete blood count or test your teen's thyroid to make sure it's functioning properly.</li>\n<li>Psychological evaluation. A doctor or mental health professional can talk with your teen about thoughts, feelings and behavior, and may include a questionnaire. These will help pinpoint a diagnosis and check for related complications.</li>\n</ul>\n\n\n<b>Types of depression</b>\nSymptoms caused by major depression can vary from person to person. To clarify the type of depression your teen has, the doctor may use one or more specifiers, which means depression with specific features. Here are a few examples:\n\n<ul>\n<li>Anxious distress \u2014 depression with unusual restlessness or worry about possible events or loss of control</li>\n<li>Melancholic features \u2014 severe depression with lack of response to something that used to bring pleasure and associated with early morning awakening, worsened mood in the morning, major changes in appetite, and feelings of guilt, agitation or sluggishness</li>\n<li>Atypical features \u2014 depression that includes the ability to be temporarily cheered by happy events, increased appetite, excessive need for sleep, sensitivity to rejection, and a heavy feeling in arms or legs</li>\n</ul>\n\n\n<b>Other disorders that cause depression symptoms</b>\nSeveral other disorders include depression as a symptom. An accurate diagnosis is the key to getting appropriate treatment. The doctor or mental health professional's evaluation will help determine if the symptoms of depression are caused by one of these conditions:\n\n<ul>\n<li>Bipolar I and II disorders. These mood disorders include mood swings that range from major highs to major lows. It's sometimes difficult to distinguish between bipolar disorder and depression.</li>\n<li>Cyclothymic disorder. Cyclothymic (sy-kloe-THIE-mik) disorder involves highs and lows that are milder than those of bipolar disorder.</li>\n<li>Disruptive mood dysregulation disorder. This mood disorder in children includes chronic and severe irritability and anger with frequent extreme temper outbursts. This disorder typically develops into depressive disorder or anxiety disorder during the teen years or adulthood.</li>\n<li>Persistent depressive disorder. Sometimes called dysthymia (dis-THIE-me-uh), this is a less severe but more chronic form of depression. While it's usually not disabling, persistent depressive disorder can prevent functioning normally in daily routines and from living life to its fullest.</li>\n<li>Premenstrual dysphoric disorder. This involves depression symptoms associated with hormone changes that begin a week before and improve within a few days after the onset of a menstrual period. The symptoms are minimal or gone after the period ends.</li>\n<li>Other causes of depression. This includes depression that's caused by the use of recreational or illegal drugs, certain prescribed medications, or a medical condition.</li>\n</ul>", 
    "Id": "syc-20350985", 
    "Lifestyle and home remedies": "You are your teenager's best advocate to help him or her succeed. In addition to professional treatment, here are some steps you and your teen can take that may help:\n\n<ul>\n<li>Stick to the treatment plan. Make sure your teen attends appointments, even if he or she doesn't feel like going. Even if your teen is feeling well, make sure he or she continues to take medications as prescribed. If your teen stops taking medications, depression symptoms may come back. And quitting suddenly may cause withdrawal-like symptoms.</li>\n<li>Learn about depression. Education can empower your teen and motivate him or her to stick to a treatment plan. It can also benefit you and other loved ones to learn about depression and understand that it's a treatable condition.</li>\n<li>Encourage communication with your teen. Talk to your teen about the changes you're observing and emphasize your unconditional support. Create an environment where your teen can share concerns while you listen.</li>\n<li>Pay attention to warning signs. Work with your teen's doctor or therapist to learn what might trigger depression symptoms. Make a plan so that you and your teen know what to do if symptoms get worse. Ask family members or friends to help watch for warning signs.</li>\n<li>Make sure your teen adopts healthy habits. Regular exercise, even light physical activity, can help reduce depression symptoms. Getting a healthy amount of sleep every day is important for all teens, especially those with depression. If your teen is having problems with sleep, ask the doctor for advice.</li>\n<li>Help your teen avoid alcohol and other drugs. Your teen may feel as if alcohol, marijuana or other drugs lessen depression symptoms, but in the long run they worsen symptoms and make depression harder to treat. Talk with the doctor or therapist if your teen needs help to deal with alcohol or drug use.</li>\n<li>Eliminate or limit access to items your teen could use for self-harm. This can include removing or securing guns, and removing sharp items, alcohol or risky medications in your home if you live with a teen who has depression.</li>\n</ul>", 
    "Overview": "Teen depression is a serious mental health problem that causes a persistent feeling of sadness and loss of interest in activities. It affects how your teenager thinks, feels and behaves, and it can cause emotional, functional and physical problems. Although depression can occur at any time in life, symptoms may be different between teens and adults.\n\nIssues such as peer pressure, academic expectations and changing bodies can bring a lot of ups and downs for teens. But for some teens, the lows are more than just temporary feelings \u2014 they're a symptom of depression.\n\nTeen depression isn't a weakness or something that can be overcome with willpower \u2014 it can have serious consequences and requires long-term treatment. For most teens, depression symptoms ease with treatment such as medication and psychological counseling.", 
    "Preparing for your appointment": "It's a good idea to be well-prepared for your appointment. Here's some information to help you and your teenager get ready, and what to expect from the doctor.\n\n<b>What you can do</b>\nTo the extent possible, involve your teenager in preparing for the appointment. Then make a list of:\n\n<ul>\n<li>Any symptoms your teen has had, including any that may seem unrelated to the reason for the appointment</li>\n<li>Key personal information, including any major stresses or recent life changes your teen has experienced</li>\n<li>All medications, vitamins, herbal remedies or other supplements that your teen is taking</li>\n<li>Questions that you and your teen want to ask the doctor</li>\n</ul>\n\n\nBasic questions to ask the doctor may include:\n\n<ul>\n<li>Is depression the most likely cause of my teen's symptoms?</li>\n<li>What are other possible causes for the symptoms?</li>\n<li>What kinds of tests will my teen need?</li>\n<li>What treatment is likely to work best?</li>\n<li>Are there any possible side effects with the medications you're recommending?</li>\n<li>Is there a generic alternative to the medicine you're prescribing?</li>\n<li>How will we monitor progress and effectiveness of treatment?</li>\n<li>What are the alternatives to the primary approach that you're suggesting?</li>\n<li>My teen has these other health conditions. Could they be linked to depression?</li>\n<li>Are there any restrictions that my teen needs to follow?</li>\n<li>Should my teen see a psychiatrist or other mental health professional?</li>\n<li>Will making changes in diet, exercise or other areas help ease depression?</li>\n<li>Are there any printed materials that we can have? What websites do you recommend?</li>\n</ul>\n\n\nDon't hesitate to ask other questions during your appointment.\n\n<b>What to expect from your teen's doctor</b>\nYour teen's doctor or mental health professional will likely ask your teen a number of questions, including:\n\n<ul>\n<li>When did family members or friends first notice your symptoms of depression?</li>\n<li>How long have you felt depressed? Do you generally always feel down, or does your mood change?</li>\n<li>Does your mood ever swing from feeling down to feeling extremely happy and full of energy?</li>\n<li>Do you ever have suicidal thoughts when you're feeling down?</li>\n<li>How severe are your symptoms? Do they interfere with school, relationships or other day-to-day activities?</li>\n<li>Do you have any blood relatives \u2014 such as a parent or grandparent \u2014 with depression or another mood disorder?</li>\n<li>What other mental or physical health conditions do you have?</li>\n<li>Are you using any mood-altering substances, such as alcohol, marijuana or recreational drugs? Do you use nicotine?</li>\n<li>How much do you sleep at night? Does the amount change over time?</li>\n<li>What, if anything, seems to improve your symptoms? What appears to worsen them?</li>\n<li>What is your diet like? Do you have a history of significant weight gain or loss?</li>\n</ul>\n\n\nThe doctor or mental health professional will ask additional questions based on your teen's responses, symptoms and needs. Preparing and anticipating questions will help make the most of your appointment time.", 
    "Prevention": "There's no sure way to prevent depression. However, these strategies may help. Encourage your teenager to:\n\n<ul>\n<li>Take steps to control stress, increase resilience and boost self-esteem to help handle issues when they arise</li>\n<li>Reach out for friendship and social support, especially in times of crisis</li>\n<li>Get treatment at the earliest sign of a problem to help prevent depression from worsening</li>\n<li>Maintain ongoing treatment, if recommended, even after symptoms let up, to help prevent a relapse of depression symptoms</li>\n</ul>", 
    "Risk factors": "Many factors increase the risk of developing or triggering teen depression, including:\n\n<ul>\n<li>Having issues that negatively impact self-esteem, such as obesity, peer problems, long-term bullying or academic problems</li>\n<li>Having been the victim or witness of violence, such as physical or sexual abuse</li>\n<li>Having other mental health conditions, such as bipolar disorder, an anxiety disorder, a personality disorder, anorexia or bulimia</li>\n<li>Having a learning disability or attention-deficit/hyperactivity disorder (ADHD)</li>\n<li>Having ongoing pain or a chronic physical illness such as cancer, diabetes or asthma</li>\n<li>Having certain personality traits, such as low self-esteem or being overly dependent, self-critical or pessimistic</li>\n<li>Abusing alcohol, nicotine or other drugs</li>\n<li>Being gay, lesbian, bisexual or transgender in an unsupportive environment</li>\n</ul>\n\n\nFamily history and issues with family or others may also increase your teenager's risk of depression, such as:\n\n<ul>\n<li>Having a parent, grandparent or other blood relative with depression, bipolar disorder or alcohol use problems</li>\n<li>Having a family member who died by suicide</li>\n<li>Having a dysfunctional family and family conflict</li>\n<li>Having experienced recent stressful life events, such as parental divorce, parental military service or the death of a loved one</li>\n</ul>", 
    "Symptoms": "Teen depression signs and symptoms include a change from the teenager's previous attitude and behavior that can cause significant distress and problems at school or home, in social activities, or in other areas of life.\n\nDepression symptoms can vary in severity, but changes in your teen's emotions and behavior may include the examples below.\n\n<b>Emotional changes</b>\nBe alert for emotional changes, such as:\n\n<ul>\n<li>Feelings of sadness, which can include crying spells for no apparent reason</li>\n<li>Frustration or feelings of anger, even over small matters</li>\n<li>Feeling hopeless or empty</li>\n<li>Irritable or annoyed mood</li>\n<li>Loss of interest or pleasure in usual activities</li>\n<li>Loss of interest in, or conflict with, family and friends</li>\n<li>Low self-esteem</li>\n<li>Feelings of worthlessness or guilt</li>\n<li>Fixation on past failures or exaggerated self-blame or self-criticism</li>\n<li>Extreme sensitivity to rejection or failure, and the need for excessive reassurance</li>\n<li>Trouble thinking, concentrating, making decisions and remembering things</li>\n<li>Ongoing sense that life and the future are grim and bleak</li>\n<li>Frequent thoughts of death, dying or suicide</li>\n</ul>\n\n\n<b>Behavioral changes</b>\nWatch for changes in behavior, such as:\n\n<ul>\n<li>Tiredness and loss of energy</li>\n<li>Insomnia or sleeping too much</li>\n<li>Changes in appetite \u2014 decreased appetite and weight loss, or increased cravings for food and weight gain</li>\n<li>Use of alcohol or drugs</li>\n<li>Agitation or restlessness \u2014 for example, pacing, hand-wringing or an inability to sit still</li>\n<li>Slowed thinking, speaking or body movements</li>\n<li>Frequent complaints of unexplained body aches and headaches, which may include frequent visits to the school nurse</li>\n<li>Social isolation</li>\n<li>Poor school performance or frequent absences from school</li>\n<li>Less attention to personal hygiene or appearance</li>\n<li>Angry outbursts, disruptive or risky behavior, or other acting-out behaviors</li>\n<li>Self-harm \u2014 for example, cutting, burning, or excessive piercing or tattooing</li>\n<li>Making a suicide plan or a suicide attempt</li>\n</ul>\n\n\n<b>What's normal and what's not</b>\nIt can be difficult to tell the difference between ups and downs that are just part of being a teenager and teen depression. Talk with your teen. Try to determine whether he or she seems capable of managing challenging feelings, or if life seems overwhelming.\n\n<b>When to see a doctor</b>\nIf depression signs and symptoms continue, begin to interfere in your teen's life, or cause you to have concerns about suicide or your teen's safety, talk to a doctor or a mental health professional trained to work with adolescents. Your teen's family doctor or pediatrician is a good place to start. Or your teen's school may recommend someone.\n\nDepression symptoms likely won't get better on their own \u2014 and they may get worse or lead to other problems if untreated. Depressed teenagers may be at risk of suicide, even if signs and symptoms don't appear to be severe.\n\nIf you're a teen and you think you may be depressed \u2014 or you have a friend who may be depressed \u2014 don't wait to get help. Talk to a health care provider such as your doctor or school nurse. Share your concerns with a parent, a close friend, a spiritual leader, a teacher or someone else you trust.\n\n<b>When to get emergency help</b>\nSuicide is often associated with depression. If you think you may hurt yourself or attempt suicide, call 911 or your local emergency number immediately.\n\nAlso consider these options if you're having suicidal thoughts:\n\n<ul>\n<li>Call your mental health professional.</li>\n<li>Call a suicide hotline. In the U.S., call the National Suicide Prevention Lifeline at 1-800-273-TALK (1-800-273-8255) or use its webchat on suicidepreventionlifeline.org/chat.</li>\n<li>Seek help from your primary care doctor or other health care provider.</li>\n<li>Reach out to a close friend or loved one.</li>\n<li>Contact a minister, spiritual leader or someone else in your faith community.</li>\n</ul>\n\n\nIf a loved one or friend is in danger of attempting suicide or has made an attempt:\n\n<ul>\n<li>Make sure someone stays with that person.</li>\n<li>Call 911 or your local emergency number immediately.</li>\n<li>Or, if you can do so safely, take the person to the nearest hospital emergency room.</li>\n</ul>\n\n\nNever ignore comments or concerns about suicide. Always take action to get help.", 
    "Title": "Teen depression", 
    "Treatment": "Treatment depends on the type and severity of your teenager's depression symptoms. A combination of talk therapy (psychotherapy) and medication can be very effective for most teens with depression.\n\nIf your teen has severe depression or is in danger of self-harm, he or she may need a hospital stay or may need to participate in an outpatient treatment program until symptoms improve.\n\nHere's a closer look at depression treatment options.\n\n<b>Medications</b>\nThe Food and Drug Administration (FDA) has approved two medications for teen depression \u2014 fluoxetine (Prozac) and escitalopram (Lexapro). Talk with your teen's doctor about medication options and possible side effects, weighing the benefits and risks.\n\n<b>FDA alert</b>\nMost antidepressants are generally safe, but the FDA requires all antidepressants to carry a black box warning, the strictest warning for prescriptions. In some cases, children, teens and young adults under 25 may have an increase in suicidal thoughts or behavior when taking antidepressants, especially in the first few weeks after starting or when the dose is changed.\n\nAnyone taking an antidepressant should be watched closely for worsening depression or unusual behavior, especially when first beginning a new medication or with a change in dosage. If your teen has suicidal thoughts while taking an antidepressant, immediately contact your doctor or get emergency help.\n\nFor most teens, the benefits of taking an antidepressant likely outweigh any risks. Keep in mind that antidepressants are more likely to reduce suicide risk in the long run by improving mood.\n\n<b>Finding the right medication</b>\nEveryone's different, so finding the right medication or dose for your teen may take some trial and error. This requires patience, as some medications need several weeks or longer to take full effect and for side effects to ease as the body adjusts. Encourage your teen not to give up.\n\nInherited traits play a role in how antidepressants affect different people. In some cases, where available, results of genetic tests (done by blood test or cheek swab) may offer clues about how the body may respond to a particular antidepressant. However, other variables besides genetics can affect response to medication.\n\n<b>Managing medications</b>\nCarefully monitor your teen's use of medications. To work properly, antidepressants need to be taken consistently at the prescribed dose. Because overdose can be a risk for teens with depression, the doctor may prescribe only small supplies of pills at a time, or recommend that you dole out medication so that your teen does not have a large amount of pills available at once.\n\nIf your teen has bothersome side effects, he or she shouldn't stop taking an antidepressant without talking to the doctor first. Some antidepressants can cause withdrawal symptoms unless the dose is slowly tapered off \u2014 quitting suddenly may cause a sudden worsening of depression.\n\n<b>Antidepressants and pregnancy</b>\nIf your teen is pregnant or breast-feeding, some antidepressants may pose an increased health risk to the unborn or nursing child. If your teen becomes pregnant or plans to become pregnant, make certain your teen talks to the doctor about antidepressant medications and managing depression during pregnancy.\n\n<b>Psychotherapy</b>\nPsychotherapy, also called psychological counseling or talk therapy, is a general term for treating depression by talking about depression and related issues with a mental health professional. Different types of psychotherapy can be effective for depression, such as cognitive behavioral therapy or interpersonal therapy.\n\nPsychotherapy may be done one-on-one, with family members or in a group. Through regular sessions, your teen can:\n\n<ul>\n<li>Learn about the causes of depression</li>\n<li>Learn how to identify and make changes in unhealthy behaviors or thoughts</li>\n<li>Explore relationships and experiences</li>\n<li>Find better ways to cope and solve problems</li>\n<li>Set realistic goals</li>\n<li>Regain a sense of happiness and control</li>\n<li>Help ease depression symptoms such as hopelessness and anger</li>\n<li>Adjust to a crisis or other current difficulty</li>\n</ul>\n\n\n<b>Hospitalization and other treatment programs</b>\nIn some teens, depression is so severe that a hospital stay is needed, especially if your teen is in danger of self-harm or hurting someone else. Getting psychiatric treatment at a hospital can help keep your teen calm and safe until symptoms are better managed.\n\nDay treatment programs also may help. These programs provide the support and counseling needed while your teen gets depression symptoms under control."
}