{
    "Aliases": [], 
    "Causes": "Vasovagal syncope occurs when the part of your nervous system that regulates heart rate and blood pressure malfunctions in response to a trigger, such as the sight of blood.\n\nYour heart rate slows, and the blood vessels in your legs widen (dilate.) This allows blood to pool in your legs, which lowers your blood pressure. Combined, the drop in blood pressure and slowed heart rate quickly reduce blood flow to your brain, and you faint.\n\nSometimes there is no classical vasovagal syncope trigger, but common triggers include:\n\n<ul>\n<li>Standing for long periods of time</li>\n<li>Heat exposure</li>\n<li>Seeing blood</li>\n<li>Having blood drawn</li>\n<li>Fear of bodily injury</li>\n<li>Straining, such as to have a bowel movement</li>\n</ul>", 
    "Clinical trials": "Explore Mayo Clinic studies testing new treatments, interventions and tests as a means to prevent, detect, treat or manage this disease.", 
    "Diagnosis": "Diagnosing vasovagal syncope often involves ruling out other possible causes of your fainting \u2014 particularly heart-related problems. These tests may include:\n\n<ul>\n<li>Electrocardiogram. This test records the electrical signals your heart produces. It can detect irregular heart rhythms and other cardiac problems. You may need to wear a portable monitor for at least a day or as long as a month.</li>\n<li>Echocardiogram. This test uses ultrasound imaging to view the heart and look for conditions, such as valve problems, that can cause fainting.</li>\n<li>Exercise stress test. This test studies heart rhythms during exercise. It's usually conducted while you walk or jog on a treadmill.</li>\n<li>Blood tests. Your doctor may look for conditions, such as anemia, that can cause or contribute to fainting spells.</li>\n</ul>\n\n\n<b>Tilt table test</b>\nIf no heart problems appear to cause your fainting, your doctor may suggest you undergo a tilt table test. For a tilt table test:\n\n<ul>\n<li>You lie flat on your back on a table.</li>\n<li>The table changes position, tilting you upward at various angles.</li>\n<li>A technician monitors your heart rhythms and blood pressure to see if the postural changes affect them.</li>\n</ul>", 
    "Id": "syc-20350527", 
    "Overview": "Vasovagal syncope (vay-zoh-VAY-gul SING-kuh-pee) occurs when you faint because your body overreacts to certain triggers, such as the sight of blood or extreme emotional distress. It may also be called neurocardiogenic syncope.\n\nThe vasovagal syncope trigger causes your heart rate and blood pressure to drop suddenly. That leads to reduced blood flow to your brain, causing you to briefly lose consciousness.\n\nVasovagal syncope is usually harmless and requires no treatment. But it's possible you may injure yourself during a vasovagal syncope episode. Your doctor may recommend tests to rule out more serious causes of fainting, such as heart disorders.", 
    "Preparing for your appointment": "It's a good idea to prepare for your appointment to make the most of your time with your doctor.\n\n<b>What you can do</b>\n<ul>\n<li>Write down details of your symptoms, including any triggers that may have caused you to faint.</li>\n<li>Make a list of any medications, vitamins and supplements you're taking.</li>\n<li>Write down questions you want to ask your doctor, including potential tests and treatments.</li>\n</ul>\n\n\n<b>What to expect from your doctor</b>\nQuestions your doctor might ask you include:\n\n<ul>\n<li>What were you doing just before you fainted?</li>\n<li>What signs and symptoms, if any, did you experience before you fainted?</li>\n<li>Have you ever fainted before? If yes, what were you doing before you fainted then?</li>\n<li>Have you recently started taking a new medication?</li>\n<li>Have you ever had a head injury?</li>\n<li>Has anyone in your family died suddenly of heart problems?</li>\n</ul>\n\n\nDuring the physical exam, your doctor will listen to your heart and take your blood pressure. He or she may also massage the main arteries in your neck to see if that causes you to feel faint.", 
    "Prevention": "You may not always be able to avoid a vasovagal syncope episode. If you feel like you might faint, lie down and lift your legs.\n\nThis allows gravity to keep blood flowing to your brain. If you can't lie down, sit down and put your head between your knees until you feel better.", 
    "Symptoms": "Before you faint due to vasovagal syncope, you may experience some of the following:\n\n<ul>\n<li>Pale skin</li>\n<li>Lightheadedness</li>\n<li>Tunnel vision \u2014 your field of vision narrows so that you see only what's in front of you</li>\n<li>Nausea</li>\n<li>Feeling warm</li>\n<li>A cold, clammy sweat</li>\n<li>Yawning</li>\n<li>Blurred vision</li>\n</ul>\n\n\nDuring a vasovagal syncope episode, bystanders may notice:\n\n<ul>\n<li>Jerky, abnormal movements</li>\n<li>A slow, weak pulse</li>\n<li>Dilated pupils</li>\n</ul>\n\n\nRecovery after a vasovagal episode generally begins in less than a minute. However, if you stand up too soon after fainting \u2014 within about 15 to 30 minutes \u2014 you're at risk of fainting again.\n\n<b>When to see a doctor</b>\nFainting can be a sign of a more serious condition, such as a heart or brain disorder. You may want to consult your doctor after a fainting spell, especially if you never had one before.", 
    "Title": "Vasovagal syncope", 
    "Treatment": "In most cases of vasovagal syncope, treatment is unnecessary. Your doctor may help you identify your fainting triggers and discuss ways you might avoid them.\n\nHowever, if you experience vasovagal syncope often enough to interfere with your quality of life, your doctor may suggest trying one or more of the following remedies.\n\n<b>Medications</b>\nA drug called fludrocortisone acetate that's normally used to treat low blood pressure may be helpful in preventing vasovagal syncope. Selective serotonin inhibitors may also be used.\n\n<b>Therapies</b>\nYour doctor may recommend ways to decrease the pooling of blood in your legs. These may include foot exercises, wearing compression stockings or tensing your leg muscles when standing.\n\nYou may need to increase salt in your diet if you don't usually have high blood pressure. Avoid prolonged standing \u2014 especially in hot, crowded places \u2014 and drink plenty of fluids.\n\n<b>Surgery</b>\nVery rarely, inserting an electrical pacemaker to regulate the heartbeat may help some people with vasovagal syncope who haven't been helped by other treatments."
}