{
    "Aliases": [], 
    "Causes": "The individual bones (vertebrae) that make up a healthy spine look like cylinders stacked in a column. Kyphosis occurs when the vertebrae in the upper back become more wedge shaped.\n\nAbnormal vertebrae can be caused by:\n\n<ul>\n<li>Fractures. Broken or crushed vertebrae (compression fractures) can result in curvature of the spine. Mild compression fractures often don't produce noticeable signs or symptoms.</li>\n<li>Osteoporosis. This bone-thinning disorder can cause spinal curvature, especially if weakened vertebrae result in compression fractures. Osteoporosis is most common in older women and people who have taken corticosteroids for long periods of time.</li>\n<li>Disk degeneration. Soft, circular disks act as cushions between spinal vertebrae. With age, these disks dry out and shrink, which often worsens kyphosis.</li>\n<li>Scheuermann's disease. Also called Scheuermann's kyphosis, this disease typically begins during the growth spurt that occurs before puberty. Boys are affected more often than girls.</li>\n<li>Birth defects. Spinal bones that don't develop properly before birth can cause kyphosis.</li>\n<li>Syndromes. Kyphosis in children can also be associated with certain syndromes, such as Ehlers-Danlos syndrome and Marfan syndrome.</li>\n<li>Cancer and cancer treatments. Cancer in the spine can weaken vertebrae and make them more prone to compression fractures, as can chemotherapy and radiation cancer treatments.</li>\n</ul>", 
    "Clinical trials": "Explore Mayo Clinic studies testing new treatments, interventions and tests as a means to prevent, detect, treat or manage this disease.", 
    "Complications": "In addition to causing back pain, kyphosis may cause:\n\n<ul>\n<li>Breathing problems. Severe kyphosis can put pressure on the lungs.</li>\n<li>Limited physical functions. Kyphosis is associated with weakened back muscles and difficulty doing tasks such as walking and getting out of chairs. The spinal curvature can also make it difficult to gaze upward or drive and can cause pain when you lie down.</li>\n<li>Digestive problems. Severe kyphosis can compress the digestive tract, causing problems such as acid reflux and difficulty with swallowing.</li>\n<li>Body image problems. People with kyphosis, especially adolescents, may develop a poor body image from having a rounded back or from wearing a brace to correct the condition. For older people, poor body image can lead to social isolation.</li>\n</ul>", 
    "Diagnosis": "Your doctor will generally conduct a thorough physical examination, including checking your height. You may be asked to bend forward from the waist while your doctor views your spine from the side. Your doctor might also perform a neurological exam to check your reflexes and muscle strength.\n\nAfter evaluating your signs and symptoms, your doctor may recommend:\n\n<ul>\n<li>X-rays or CT scans. X-rays can determine the degree of curvature and detect deformities of the vertebrae. A CT scan might be recommended if your doctor wants more-detailed images.</li>\n<li>MRI. These images can detect infection or a tumor in your spine.</li>\n<li>Nerve tests. If you are experiencing numbness or muscle weakness, your doctor may recommend tests to determine how well nerve impulses are traveling between your spinal cord and your extremities.</li>\n<li>Bone density tests. Low-density bone can worsen kyphosis.</li>\n</ul>", 
    "Id": "syc-20374205", 
    "Overview": "Kyphosis is an exaggerated, forward rounding of the back. It can occur at any age but is most common in older women.\n\nAge-related kyphosis is often due to weakness in the spinal bones that causes them to compress or crack. Other types of kyphosis can appear in infants or teens due to malformation of the spine or wedging of the spinal bones over time.\n\nMild kyphosis causes few problems. Severe kyphosis can cause pain and be disfiguring. Treatment for kyphosis depends on your age, and the cause and effects of the curvature.", 
    "Preparing for your appointment": "You may be referred to a doctor who specializes in the diagnosis and treatment of spine disorders (orthopedic surgeon).\n\n<b>What you can do</b>\n<ul>\n<li>Be aware of any pre-appointment restrictions, such as restricting your diet.</li>\n<li>Write down your symptoms, including any that may seem unrelated to the reason you scheduled the appointment.</li>\n<li>Make a list of medications, vitamins and supplements you're taking.</li>\n<li>Write down your key medical information, including other conditions.</li>\n<li>Write down key personal information, including any recent changes or stressors in your life.</li>\n<li>Write down questions to ask your doctor.</li>\n<li>Ask a relative or friend to accompany you to help you remember what the doctor says.</li>\n</ul>\n\n\n<b>Questions to ask your doctor</b>\n<ul>\n<li>What tests do I need? Is there any special preparation for them?</li>\n<li>Will I need treatment? What are my options, and what are the benefits and risks of each?</li>\n<li>I have other health problems. How can I best manage these conditions together?</li>\n</ul>\n\n\nIn addition to the questions you've prepared to ask your doctor, don't hesitate to ask other questions that occur to you during your appointment.\n\n<b>What to expect from your doctor</b>\nYour doctor is likely to ask you a number of questions. Being ready to answer them may leave time to go over other points in greater detail. You may be asked:\n\n<ul>\n<li>When did you begin experiencing symptoms? How severe are they?</li>\n<li>Have your symptoms been continuous or occasional?</li>\n<li>What, if anything, seems to improve or worsen your symptoms?</li>\n</ul>", 
    "Symptoms": "Mild kyphosis may produce no noticeable signs or symptoms. But some people experience back pain and stiffness in addition to an abnormally curved spine.\n\n<b>When to see a doctor</b>\nMake an appointment with your doctor if you notice an increased curve in your upper back or in your child's spine.", 
    "Title": "Kyphosis", 
    "Treatment": "Kyphosis treatment depends on the cause and severity of your condition.\n\nYour doctor might suggest medication, including:\n\n<ul>\n<li>Pain relievers. If over-the-counter medicines \u2014 such as acetaminophen (Tylenol, others), ibuprofen (Advil, Motrin IB, others) or naproxen sodium (Aleve) \u2014 aren't enough, stronger pain medications are available by prescription.</li>\n<li>Osteoporosis medications. Bone-strengthening medications may help prevent additional spinal fractures that would worsen your kyphosis.</li>\n</ul>\n\n\nTherapy can help manage certain types of kyphosis. Your doctor might recommend:\n\n<ul>\n<li>Exercises. Stretching exercises may help improve spinal flexibility and relieve back pain.</li>\n<li>Bracing. Children who have Scheuermann's disease may be able to stop the progression of kyphosis by wearing a body brace while their bones are still growing.</li>\n</ul>\n\n\nSurgery might be recommended for severe kyphosis that is pinching the spinal cord or nerve roots. Spinal fusion is the most common procedure for reducing the degree of curvature. The surgeon inserts pieces of bone between the vertebrae and then fastens the vertebrae together with metal rods and screws until the spine heals together in a corrected position.\n\nTo help you maintain good bone density, your doctor might recommend:\n\n<ul>\n<li>Eating a diet rich in calcium and vitamin D</li>\n<li>Avoiding tobacco</li>\n<li>Limiting alcohol consumption</li>\n</ul>"
}