{
    "Aliases": [], 
    "Causes": "The cause of psoriasis isn't fully understood, but it's thought to be related to an immune system problem with T cells and other white blood cells, called neutrophils, in your body.\n\nT cells normally travel through the body to defend against foreign substances, such as viruses or bacteria.\n\nBut if you have psoriasis, the T cells attack healthy skin cells by mistake, as if to heal a wound or to fight an infection.\n\nOveractive T cells also trigger increased production of healthy skin cells, more T cells and other white blood cells, especially neutrophils. These travel into the skin causing redness and sometimes pus in pustular lesions. Dilated blood vessels in psoriasis-affected areas create warmth and redness in the skin lesions.\n\nThe process becomes an ongoing cycle in which new skin cells move to the outermost layer of skin too quickly \u2014 in days rather than weeks. Skin cells build up in thick, scaly patches on the skin's surface, continuing until treatment stops the cycle.\n\nJust what causes T cells to malfunction in people with psoriasis isn't entirely clear. Researchers believe both genetics and environmental factors play a role.\n\nPsoriasis typically starts or worsens because of a trigger that you may be able to identify and avoid. Factors that may trigger psoriasis include:\n\n<ul>\n<li>Infections, such as strep throat or skin infections</li>\n<li>Injury to the skin, such as a cut or scrape, a bug bite, or a severe sunburn</li>\n<li>Stress</li>\n<li>Smoking</li>\n<li>Heavy alcohol consumption</li>\n<li>Vitamin D deficiency</li>\n<li>Certain medications \u2014 including lithium, which is prescribed for bipolar disorder, high blood pressure medications such as beta blockers, antimalarial drugs, and iodides</li>\n</ul>", 
    "Clinical trials": "Explore Mayo Clinic studies testing new treatments, interventions and tests as a means to prevent, detect, treat or manage this disease.", 
    "Complications": "If you have psoriasis, you're at greater risk of developing certain diseases. These include:\n\n<ul>\n<li>Psoriatic arthritis. This complication of psoriasis can cause joint damage and a loss of function in some joints, which can be debilitating.</li>\n<li>Eye conditions. Certain eye disorders \u2014 such as conjunctivitis, blepharitis and uveitis \u2014 are more common in people with psoriasis.</li>\n<li>Obesity. People with psoriasis, especially those with more severe disease, are more likely to be obese. It's not clear how these diseases are linked, however. The inflammation linked to obesity may play a role in the development of psoriasis. Or it may be that people with psoriasis are more likely to gain weight, possibly because they're less active because of their psoriasis.</li>\n<li>Type 2 diabetes. The risk of type 2 diabetes rises in people with psoriasis. The more severe the psoriasis, the greater the likelihood of type 2 diabetes.</li>\n<li>High blood pressure. The odds of having high blood pressure are higher for people with psoriasis.</li>\n<li>Cardiovascular disease. For people with psoriasis, the risk of cardiovascular disease is twice as high as it is for those without the disease. Psoriasis and some treatments also increase the risk of irregular heartbeat, stroke, high cholesterol and atherosclerosis.</li>\n<li>Metabolic syndrome. This cluster of conditions \u2014 including high blood pressure, elevated insulin levels and abnormal cholesterol levels \u2014 increases your risk of heart disease.</li>\n<li>Other autoimmune diseases. Celiac disease, sclerosis and the inflammatory bowel disease called Crohn's disease are more likely to strike people with psoriasis.</li>\n<li>Parkinson's disease. This chronic neurological condition is more likely to occur in people with psoriasis.</li>\n<li>Kidney disease. Moderate to severe psoriasis has been linked to a higher risk of kidney disease.</li>\n<li>Emotional problems. Psoriasis can also affect your quality of life. Psoriasis is associated with low self-esteem and depression. You may also withdraw socially.</li>\n</ul>", 
    "Coping and support": "Coping with psoriasis can be a challenge, especially if the disease covers large areas of your body or is in places readily seen by other people, such as your face or hands. The ongoing, persistent nature of the disease and the treatment challenges only add to the burden.\n\nHere are some ways to help you cope and to feel more in control:\n\n<ul>\n<li>Get educated. Find out as much as you can about the disease and research your treatment options. Understand possible triggers of the disease, so you can better prevent flare-ups. Educate those around you \u2014 including family and friends \u2014 so they can recognize, acknowledge and support your efforts in dealing with the disease.</li>\n<li>Follow your doctor's recommendations. If your doctor recommends certain treatments and lifestyle changes, be sure to follow them. Ask questions if anything is unclear.</li>\n<li>Find a support group. Consider joining a support group with other members who have the disease and know what you're going through. You may find comfort in sharing your experience and struggles and meeting people who face similar challenges. Ask your doctor for information on psoriasis support groups in your area or online.</li>\n<li>Use cover-ups when you feel it necessary. On those days when you feel particularly self-conscious, cover the psoriasis with clothing or use cosmetic cover-up products, such as body makeup or a concealer. These products can mask redness and psoriasis plaques. They can irritate the skin, however, and shouldn't be used on open sores, cuts or unhealed lesions.</li>\n</ul>", 
    "Diagnosis": "In most cases, diagnosis of psoriasis is fairly straightforward.\n\n<ul>\n<li>Physical exam and medical history. Your doctor usually can diagnose psoriasis by taking your medical history and examining your skin, scalp and nails.</li>\n<li>Skin biopsy. Rarely, your doctor may take a small sample of skin (biopsy). He or she will likely first apply a local anesthetic. The sample is examined under a microscope to determine the exact type of psoriasis and to rule out other disorders.</li>\n</ul>", 
    "Id": "syc-20355840", 
    "Lifestyle and home remedies": "Although self-help measures won't cure psoriasis, they may help improve the appearance and feel of damaged skin. These measures may benefit you:\n\n<ul>\n<li>Take daily baths. Bathing daily helps remove scales and calm inflamed skin. Add bath oil, colloidal oatmeal, Epsom salts or Dead Sea salts to the water and soak. Avoid hot water and harsh soaps, which can worsen symptoms; use lukewarm water and mild soaps that have added oils and fats. Soak about 10 minutes then gently pat dry skin.</li>\n<li>Use moisturizer. After bathing, apply a heavy, ointment-based moisturizer while your skin is still moist. For very dry skin, oils may be preferable \u2014 they have more staying power than creams or lotions do and are more effective at preventing water from evaporating from your skin. During cold, dry weather, you may need to apply a moisturizer several times a day.</li>\n<li>Expose your skin to small amounts of sunlight. A controlled amount of sunlight can improve psoriasis, but too much sun can trigger or worsen outbreaks and increase the risk of skin cancer. First ask your doctor about the best way to use natural sunlight to treat your skin. Log your time in the sun, and protect skin that isn't affected by psoriasis with sunscreen.</li>\n<li>Avoid psoriasis triggers, if possible. Find out what triggers, if any, worsen your psoriasis and take steps to prevent or avoid them. Infections, injuries to your skin, stress, smoking and intense sun exposure can all worsen psoriasis.</li>\n<li>Avoid drinking alcohol. Alcohol consumption may decrease the effectiveness of some psoriasis treatments. If you have psoriasis, avoid alcohol. If you do drink, keep it moderate.</li>\n</ul>", 
    "Overview": "Psoriasis is a common skin condition that speeds up the life cycle of skin cells. It causes cells to build up rapidly on the surface of the skin. The extra skin cells form scales and red patches that are itchy and sometimes painful.\n\nPsoriasis is a chronic disease that often comes and goes. The main goal of treatment is to stop the skin cells from growing so quickly.\n\nThere is no cure for psoriasis, but you can manage symptoms. Lifestyle measures, such as moisturizing, quitting smoking and managing stress, may help.\n\nPsoriasis care at Mayo Clinic", 
    "Preparing for your appointment": "You'll likely first see your family doctor or a general practitioner. In some cases, you may be referred directly to a specialist in skin diseases (dermatologist).\n\nHere's some information to help you prepare for your appointment and to know what to expect from your doctor.\n\n<b>What you can do</b>\nMake a list of the following:\n\n<ul>\n<li>Symptoms you're experiencing, including any that may seem unrelated to the reason for which you scheduled the appointment</li>\n<li>All medications, vitamins, herbs you take, including doses</li>\n<li>Questions to ask your doctor</li>\n</ul>\n\n\nFor psoriasis, some basic questions you might ask your doctor include:\n\n<ul>\n<li>What might be causing my signs and symptoms?</li>\n<li>Do I need diagnostic tests?</li>\n<li>What treatments are available, and which do you recommend for me?</li>\n<li>What types of side effects can I expect?</li>\n<li>Will the treatment you recommended cause a remission in my symptoms?</li>\n<li>How quickly can I expect results?</li>\n<li>What are the alternatives to the primary approach you're suggesting?</li>\n<li>I have other medical conditions. How can I manage these conditions together?</li>\n<li>What skin care routines and products do you recommend to improve my symptoms?</li>\n</ul>\n\n\n<b>What to expect from your doctor</b>\nYour doctor is likely to ask you several questions, such as:\n\n<ul>\n<li>When did you begin having symptoms?</li>\n<li>How often do you have these symptoms?</li>\n<li>Have your symptoms been continuous or occasional?</li>\n<li>Does anything seem to improve your symptoms?</li>\n<li>What, if anything, appears to worsen your symptoms?</li>\n</ul>", 
    "Risk factors": "Anyone can develop psoriasis, but these factors can increase your risk of developing the disease:\n\n<ul>\n<li>Family history. This is one of the most significant risk factors. Having one parent with psoriasis increases your risk of getting the disease, and having two parents with psoriasis increases your risk even more.</li>\n<li>Viral and bacterial infections. People with HIV are more likely to develop psoriasis than people with healthy immune systems are. Children and young adults with recurring infections, particularly strep throat, also may be at increased risk.</li>\n<li>Stress. Because stress can impact your immune system, high stress levels may increase your risk of psoriasis.</li>\n<li>Obesity. Excess weight increases the risk of psoriasis. Lesions (plaques) associated with all types of psoriasis often develop in skin creases and folds.</li>\n<li>Smoking. Smoking tobacco not only increases your risk of psoriasis but also may increase the severity of the disease. Smoking may also play a role in the initial development of the disease.</li>\n</ul>", 
    "Symptoms": "Psoriasis signs and symptoms are different for everyone. Common signs and symptoms include:\n\n<ul>\n<li>Red patches of skin covered with thick, silvery scales</li>\n<li>Small scaling spots (commonly seen in children)</li>\n<li>Dry, cracked skin that may bleed</li>\n<li>Itching, burning or soreness</li>\n<li>Thickened, pitted or ridged nails</li>\n<li>Swollen and stiff joints</li>\n</ul>\n\n\nPsoriasis patches can range from a few spots of dandruff-like scaling to major eruptions that cover large areas.\n\nMost types of psoriasis go through cycles, flaring for a few weeks or months, then subsiding for a time or even going into complete remission.\n\nThere are several types of psoriasis. These include:\n\n<ul>\n<li>Plaque psoriasis. The most common form, plaque psoriasis causes dry, raised, red skin lesions (plaques) covered with silvery scales. The plaques might be itchy or painful and there may be few or many. They can occur anywhere on your body, including your genitals and the soft tissue inside your mouth.</li>\n<li>Nail psoriasis. Psoriasis can affect fingernails and toenails, causing pitting, abnormal nail growth and discoloration. Psoriatic nails might loosen and separate from the nail bed (onycholysis). Severe cases may cause the nail to crumble.</li>\n<li>Guttate psoriasis. This type primarily affects young adults and children. It's usually triggered by a bacterial infection such as strep throat. It's marked by small, water-drop-shaped, scaling lesions on your trunk, arms, legs and scalp.\n\nThe lesions are covered by a fine scale and aren't as thick as typical plaques are. You may have a single outbreak that goes away on its own, or you may have repeated episodes.\n</li>\n<li>Inverse psoriasis. This mainly affects the skin in the armpits, in the groin, under the breasts and around the genitals. Inverse psoriasis causes smooth patches of red, inflamed skin that worsen with friction and sweating. Fungal infections may trigger this type of psoriasis.</li>\n<li>Pustular psoriasis. This uncommon form of psoriasis can occur in widespread patches (generalized pustular psoriasis) or in smaller areas on your hands, feet or fingertips.\n\n\nIt generally develops quickly, with pus-filled blisters appearing just hours after your skin becomes red and tender. The blisters may come and go frequently. Generalized pustular psoriasis can also cause fever, chills, severe itching and diarrhea.\n</li>\n<li>Erythrodermic psoriasis. The least common type of psoriasis, erythrodermic psoriasis can cover your entire body with a red, peeling rash that can itch or burn intensely.</li>\n<li>Psoriatic arthritis. In addition to inflamed, scaly skin, psoriatic arthritis causes swollen, painful joints that are typical of arthritis. Sometimes the joint symptoms are the first or only manifestation of psoriasis or at times only nail changes are seen. Symptoms range from mild to severe, and psoriatic arthritis can affect any joint. Although the disease usually isn't as crippling as other forms of arthritis, it can cause stiffness and progressive joint damage that in the most serious cases may lead to permanent deformity.</li>\n</ul>\n\n\nIf you suspect that you may have psoriasis, see your doctor for an examination. Also, talk to your doctor if your psoriasis:\n\n<ul>\n<li>Causes you discomfort and pain</li>\n<li>Makes performing routine tasks difficult</li>\n<li>Causes you concern about the appearance of your skin</li>\n<li>Leads to joint problems, such as pain, swelling or inability to perform daily tasks</li>\n</ul>\n\n\nSeek medical advice if your signs and symptoms worsen or don't improve with treatment. You may need a different medication or a combination of treatments to manage the psoriasis.", 
    "Title": "Psoriasis", 
    "Treatment": "Psoriasis treatments reduce inflammation and clear the skin. Treatments can be divided into three main types: topical treatments, light therapy and systemic medications.\n\n<b>Topical treatments</b>\nUsed alone, creams and ointments that you apply to your skin can effectively treat mild to moderate psoriasis. When the disease is more severe, creams are likely to be combined with oral medications or light therapy. Topical psoriasis treatments include:\n\n<ul>\n<li>Topical corticosteroids. These drugs are the most frequently prescribed medications for treating mild to moderate psoriasis. They reduce inflammation and relieve itching and may be used with other treatments.\n\nMild corticosteroid ointments are usually recommended for sensitive areas, such as your face or skin folds, and for treating widespread patches of damaged skin.\n\nYour doctor may prescribe stronger corticosteroid ointment for smaller, less sensitive or tougher-to-treat areas.\n\nLong-term use or overuse of strong corticosteroids can cause thinning of the skin. Topical corticosteroids may stop working over time. It's usually best to use topical corticosteroids as a short-term treatment during flares.\n</li>\n<li>Vitamin D analogues. These synthetic forms of vitamin D slow skin cell growth. Calcipotriene (Dovonex) is a prescription cream or solution containing a vitamin D analogue that treats mild to moderate psoriasis along with other treatments. Calcipotriene might irritate your skin. Calcitriol (Vectical) is expensive but may be equally effective and possibly less irritating than calcipotriene.</li>\n<li>Anthralin. This medication helps slow skin cell growth. Anthralin (Dritho-Scalp) can also remove scales and make skin smoother. But anthralin can irritate skin, and it stains almost anything it touches. It's usually applied for a short time and then washed off.</li>\n<li>Topical retinoids. These are vitamin A derivatives that may decrease inflammation. The most common side effect is skin irritation. These medications may also increase sensitivity to sunlight, so while using the medication apply sunscreen before going outdoors.\n\nThe risk of birth defects is far lower for topical retinoids than for oral retinoids. But tazarotene (Tazorac, Avage) isn't recommended when you're pregnant or breast-feeding or if you intend to become pregnant.\n</li>\n<li>Calcineurin inhibitors. Calcineurin inhibitors \u2014 tacrolimus (Prograf) and pimecrolimus (Elidel) \u2014 reduce inflammation and plaque buildup.\n\nCalcineurin inhibitors are not recommended for long-term or continuous use because of a potential increased risk of skin cancer and lymphoma. They may be especially helpful in areas of thin skin, such as around the eyes, where steroid creams or retinoids are too irritating or may cause harmful effects.\n</li>\n<li>Salicylic acid. Available over-the-counter (nonprescription) and by prescription, salicylic acid promotes sloughing of dead skin cells and reduces scaling. Sometimes it's combined with other medications, such as topical corticosteroids or coal tar, to increase its effectiveness. Salicylic acid is available in medicated shampoos and scalp solutions to treat scalp psoriasis.</li>\n<li>Coal tar. Derived from coal, coal tar reduces scaling, itching and inflammation. Coal tar can irritate the skin. It's also messy, stains clothing and bedding, and has a strong odor.\n\nCoal tar is available in over-the-counter shampoos, creams and oils. It's also available in higher concentrations by prescription. This treatment isn't recommended for women who are pregnant or breast-feeding.\n</li>\n<li>Moisturizers. Moisturizing creams alone won't heal psoriasis, but they can reduce itching, scaling and dryness. Moisturizers in an ointment base are usually more effective than are lighter creams and lotions. Apply immediately after a bath or shower to lock in moisture.</li>\n</ul>\n\n\n<b>Light therapy (phototherapy)</b>\nThis treatment uses natural or artificial ultraviolet light. The simplest and easiest form of phototherapy involves exposing your skin to controlled amounts of natural sunlight.\n\nOther forms of light therapy include the use of artificial ultraviolet A (UVA) or ultraviolet B (UVB) light, either alone or in combination with medications.\n\n<ul>\n<li>Sunlight. Exposure to ultraviolet (UV) rays in sunlight or artificial light slows skin cell turnover and reduces scaling and inflammation. Brief, daily exposures to small amounts of sunlight may improve psoriasis, but intense sun exposure can worsen symptoms and cause skin damage. Before beginning a sunlight regimen, ask your doctor about the safest way to use natural sunlight for psoriasis treatment.</li>\n<li>UVB phototherapy. Controlled doses of UVB light from an artificial light source may improve mild to moderate psoriasis symptoms. UVB phototherapy, also called broadband UVB, can be used to treat single patches, widespread psoriasis and psoriasis that resists topical treatments. Short-term side effects may include redness, itching and dry skin. Using a moisturizer may help decrease these side effects.</li>\n<li>Narrow band UVB phototherapy. A newer type of psoriasis treatment, narrow band UVB phototherapy may be more effective than broadband UVB treatment. It's usually administered two or three times a week until the skin improves, and then maintenance may require only weekly sessions. Narrow band UVB phototherapy may cause more-severe and longer lasting burns, however.</li>\n<li>Goeckerman therapy. Some doctors combine UVB treatment and coal tar treatment, which is known as Goeckerman treatment. The two therapies together are more effective than either alone because coal tar makes skin more receptive to UVB light.</li>\n<li>Psoralen plus ultraviolet A (PUVA). This form of photochemotherapy involves taking a light-sensitizing medication (psoralen) before exposure to UVA light. UVA light penetrates deeper into the skin than does UVB light, and psoralen makes the skin more responsive to UVA exposure.\n\nThis more aggressive treatment consistently improves skin and is often used for more-severe cases of psoriasis. Short-term side effects include nausea, headache, burning and itching. Long-term side effects include dry and wrinkled skin, freckles, increased sun sensitivity, and increased risk of skin cancer, including melanoma.\n</li>\n<li>Excimer laser. This form of light therapy, used for mild to moderate psoriasis, treats only the involved skin without harming healthy skin. A controlled beam of UVB light is directed to the psoriasis plaques to control scaling and inflammation. Excimer laser therapy requires fewer sessions than does traditional phototherapy because more powerful UVB light is used. Side effects can include redness and blistering.</li>\n</ul>\n\n\n<b>Oral or injected medications</b>\nIf you have severe psoriasis or it's resistant to other types of treatment, your doctor may prescribe oral or injected drugs. This is known as systemic treatment. Because of severe side effects, some of these medications are used for only brief periods and may be alternated with other forms of treatment.\n\n<ul>\n<li>Retinoids. Related to vitamin A, this group of drugs may help if you have severe psoriasis that doesn't respond to other therapies. Side effects may include lip inflammation and hair loss. And because retinoids such as acitretin (Soriatane) can cause severe birth defects, women must avoid pregnancy for at least three years after taking the medication.</li>\n<li>Methotrexate. Taken orally, methotrexate (Rheumatrex) helps psoriasis by decreasing the production of skin cells and suppressing inflammation. It may also slow the progression of psoriatic arthritis in some people. Methotrexate is generally well-tolerated in low doses but may cause upset stomach, loss of appetite and fatigue. When used for long periods, it can cause a number of serious side effects, including severe liver damage and decreased production of red and white blood cells and platelets.</li>\n<li>Cyclosporine. Cyclosporine (Gengraf, Neoral) suppresses the immune system and is similar to methotrexate in effectiveness, but can only be taken short-term. Like other immunosuppressant drugs, cyclosporine increases your risk of infection and other health problems, including cancer. Cyclosporine also makes you more susceptible to kidney problems and high blood pressure \u2014 the risk increases with higher dosages and long-term therapy.</li>\n<li>Drugs that alter the immune system (biologics). Several of these drugs are approved for the treatment of moderate to severe psoriasis. They include etanercept (Enbrel), infliximab (Remicade), adalimumab (Humira), ustekinumab (Stelara), golimumab (Simponi), apremilast (Otezla), secukinumab (Cosentyx) and ixekizumab (Taltz). Most of these drugs are given by injection (apremilast is oral) and are usually used for people who have failed to respond to traditional therapy or who have associated psoriatic arthritis. Biologics must be used with caution because they have strong effects on the immune system and may permit life-threatening infections. In particular, people taking these treatments must be screened for tuberculosis.</li>\n<li>Other medications. Thioguanine (Tabloid) and hydroxyurea (Droxia, Hydrea) are medications that can be used when other drugs can't be given.</li>\n</ul>\n\n\n<b>Treatment considerations</b>\nAlthough doctors choose treatments based on the type and severity of psoriasis and the areas of skin affected, the traditional approach is to start with the mildest treatments \u2014 topical creams and ultraviolet light therapy (phototherapy) \u2014 in those patients with typical skin lesions (plaques) and then progress to stronger ones only if necessary. Patients with pustular or erythrodermic psoriasis or associated arthritis usually need systemic therapy from the beginning of treatment. The goal is to find the most effective way to slow cell turnover with the fewest possible side effects.\n\n<b>Potential future treatments</b>\nThere are a number of new medications currently being researched that have the potential to improve psoriasis treatment. These treatments target different proteins that work with the immune system.\n\n<b>Alternative medicine</b>\nA number of alternative therapies claim to ease the symptoms of psoriasis, including special diets, creams, dietary supplements and herbs. None have definitively been proved effective. But some alternative therapies are deemed generally safe, and they may be helpful to some people in reducing signs and symptoms, such as itching and scaling. These treatments would be most appropriate for those with milder, plaque disease and not for those with pustules, erythroderma or arthritis.\n\n<ul>\n<li>Aloe vera. Taken from the leaves of the aloe vera plant, aloe extract cream may reduce redness, scaling, itching and inflammation. You may need to use the cream several times a day for a month or more to see any improvements in your skin.</li>\n<li>Fish oil. Omega-3 fatty acids found in fish oil supplements may reduce inflammation associated with psoriasis, although results from studies are mixed. Taking 3 grams or less of fish oil daily is generally recognized as safe, and you may find it beneficial.</li>\n<li>Oregon grape. Also known as barberry, topical applications of Oregon grape may reduce inflammation and ease psoriasis symptoms.</li>\n</ul>\n\n\nIf you're considering dietary supplements or other alternative therapy to ease the symptoms of psoriasis, consult your doctor. He or she can help you weigh the pros and cons of specific alternative therapies."
}