{
    "Aliases": [], 
    "Causes": "Certain genes are involved in making proteins that protect muscle fibers from damage. Muscular dystrophy occurs when one of these genes is defective.\n\nEach form of muscular dystrophy is caused by a genetic mutation particular to that type of the disease. Many of these mutations are inherited. But some occur spontaneously in the mother's egg or the developing embryo and can be passed on to the next generation.", 
    "Clinical trials": "Explore Mayo Clinic studies testing new treatments, interventions and tests as a means to prevent, detect, treat or manage this disease.", 
    "Complications": "The complications of progressive muscle weakness include:\n\n<ul>\n<li>Trouble walking. Some people with muscular dystrophy eventually need to use a wheelchair.</li>\n<li>Shortening of muscles or tendons around joints (contractures). Contractures can further limit mobility.</li>\n<li>Breathing problems. Progressive weakness can affect the muscles associated with breathing. People with muscular dystrophy may eventually need to use a breathing assistance device (ventilator), initially at night but possibly also during the day.</li>\n<li>Curved spine (scoliosis). Weakened muscles may be unable to hold the spine straight.</li>\n<li>Heart problems. Muscular dystrophy can reduce the efficiency of the heart muscle.</li>\n<li>Swallowing problems. If the muscles involved with swallowing are affected, nutritional problems and aspiration pneumonia may develop. Feeding tubes may be an option.</li>\n</ul>", 
    "Coping and support": "A diagnosis of muscular dystrophy can be extremely challenging. To help you cope:\n\n<ul>\n<li>Find someone to talk with. You may feel comfortable discussing your feelings with a friend or family member, or you might prefer meeting with a formal support group.</li>\n<li>Learn to discuss your child's condition. If your child has muscular dystrophy, ask your doctor about the most appropriate ways to discuss this progressive condition with your child.</li>\n</ul>", 
    "Diagnosis": "Your doctor is likely to start with a medical history and physical examination.\n\nAfter that, your doctor may recommend:\n\n<ul>\n<li>Enzyme tests. Damaged muscles release enzymes, such as creatine kinase (CK), into your blood. In a person who hasn't had a traumatic injury, high blood levels of CK suggest a muscle disease \u2014 such as muscular dystrophy.</li>\n<li>Electromyography. An electrode needle is inserted into the muscle to be tested. Electrical activity is measured as you relax and as you gently tighten the muscle. Changes in the pattern of electrical activity can confirm a muscle disease.</li>\n<li>Genetic testing. Blood samples can be examined for mutations in some of the genes that cause different types of muscular dystrophy.</li>\n<li>Muscle biopsy. A small piece of muscle can be removed through an incision or with a hollow needle. Analysis (biopsy) of the tissue sample can distinguish muscular dystrophies from other muscle diseases.</li>\n<li>Heart-monitoring tests (electrocardiography and echocardiogram). These tests are used to check heart function, especially in people diagnosed with myotonic muscular dystrophy.</li>\n<li>Lung-monitoring tests. These tests are used to check lung function.</li>\n</ul>", 
    "Id": "syc-20375388", 
    "Lifestyle and home remedies": "Dietary changes haven't been shown to slow the progression of muscular dystrophy. But proper nutrition is essential because limited mobility can contribute to obesity, dehydration and constipation. A high-fiber, high-protein, low-calorie diet may help.", 
    "Overview": "Muscular dystrophy is a group of diseases that cause progressive weakness and loss of muscle mass. In muscular dystrophy, abnormal genes (mutations) interfere with the production of proteins needed to form healthy muscle.\n\nThere are many different kinds of muscular dystrophy. Symptoms of the most common variety begin in childhood, mostly in boys. Other types don't surface until adulthood.\n\nThere's no cure for muscular dystrophy. But medications and therapy can help manage symptoms and slow the course of the disease.", 
    "Preparing for your appointment": "You may be referred to a doctor who specializes in the diagnosis and treatment of muscular dystrophy.\n\n<b>What you can do</b>\n<ul>\n<li>Write down the signs and symptoms you or your child has been experiencing, and for how long.</li>\n<li>Bring photos or video recordings so you can show the doctor the symptoms that concern you.</li>\n<li>Write down key medical information, including other conditions.</li>\n<li>Make a list of all medications, vitamins and supplements taken by you or your child.</li>\n<li>Note whether anyone in your family has been diagnosed with muscular dystrophy.</li>\n</ul>\n\n\n<b>Questions to ask your doctor or your child's doctor</b>\n<ul>\n<li>What's the most likely cause of these signs and symptoms?</li>\n<li>What tests are needed?</li>\n<li>What are the possible complications of this condition?</li>\n<li>What treatments do you recommend?</li>\n<li>What is the long-term outlook?</li>\n<li>Do you recommend that our family meet with a genetic counselor?</li>\n</ul>\n\n\nDon't hesitate to ask other questions during your appointment.\n\n<b>What to expect from your doctor</b>\nYour doctor is likely to ask you a number of questions. Being ready to answer them may leave time to go over points you want to spend more time on. You may be asked:\n\n<ul>\n<li>What symptoms have you noticed?</li>\n<li>When did they start? Are they getting worse?</li>\n<li>Has anyone in your immediate family had muscular dystrophy?</li>\n<li>Do you plan on having more children?</li>\n</ul>", 
    "Risk factors": "Muscular dystrophy occurs in both sexes and in all ages and races. However, the most common variety, Duchenne, usually occurs in young boys. People with a family history of muscular dystrophy are at higher risk of developing the disease or passing it on to their children.", 
    "Symptoms": "The main sign of muscular dystrophy is progressive muscle weakness. Specific signs and symptoms begin at different ages and in different muscle groups, depending on the type of muscular dystrophy.\n\n<b>Duchenne type muscular dystrophy</b>\nThis is the most common form of muscular dystrophy. Although girls can be carriers and mildly affected, it's much more common in boys.\n\nAbout one-third of boys with Duchenne muscular dystrophy (DMD) don't have a family history of the disease, possibly because the gene involved may be subject to sudden abnormal change (spontaneous mutation).\n\nSigns and symptoms typically appear in early childhood and may include:\n\n<ul>\n<li>Frequent falls</li>\n<li>Difficulty rising from a lying or sitting up position</li>\n<li>Trouble running and jumping</li>\n<li>Waddling gait</li>\n<li>Walking on the toes</li>\n<li>Large calf muscles</li>\n<li>Muscle pain and stiffness</li>\n<li>Learning disabilities</li>\n</ul>\n\n\n<b>Becker muscular dystrophy</b>\nSigns and symptoms are similar to those of Duchenne muscular dystrophy, but tend to be milder and progress more slowly. Symptoms generally begin in the teens but may not occur until the mid-20s or even later.\n\n<b>Other types of muscular dystrophy</b>\nSome types of muscular dystrophy are defined by a specific feature or by where in the body symptoms first begin. Examples include:\n\n<ul>\n<li>Myotonic. Also known as Steinert's disease, this form is characterized by an inability to relax muscles at will following contractions. Myotonic muscular dystrophy is the most common form of adult-onset muscular dystrophy. Facial and neck muscles are usually the first to be affected.</li>\n<li>Facioscapulohumeral (FSHD). Muscle weakness typically begins in the face and shoulders. The shoulder blades might stick out like wings when a person with FSHD raises his or her arms. Onset usually occurs in the teenage years but may begin in childhood or as late as age 40.</li>\n<li>Congenital. This type affects boys and girls and is apparent at birth or before age 2. Some forms progress slowly and cause only mild disability, while others progress rapidly and cause severe impairment.</li>\n<li>Limb-girdle. Hip and shoulder muscles are usually the first affected. People with this type of muscular dystrophy may have difficulty lifting the front part of the foot and as a result may trip frequently. Onset usually begins in childhood or the teenage years.</li>\n</ul>\n\n\n<b>When to see a doctor</b>\nSeek medical advice if you notice signs of muscle weakness \u2014 such as increased clumsiness and falling \u2014 in yourself or your child.", 
    "Title": "Muscular dystrophy", 
    "Treatment": "There's no cure for any form of muscular dystrophy. But treatment can help prevent or reduce problems in the joints and spine to allow people with muscular dystrophy to remain mobile as long as possible. Treatment options include medications, physical and occupational therapy, and surgical and other procedures.\n\n<b>Medications</b>\nYour doctor may recommend:\n\n<ul>\n<li>\n    Eteplirsen (Exondys 51), the first medication to be approved by the Food and Drug Administration specifically to treat Duchenne muscular dystrophy. It was approved conditionally in 2016 and will continue to be evaluated during an additional two years of use.\n    Although the medication appears safe, it's not clear how effective the drug is. It's definitely not a cure for DMD, but it may increase muscle strength in some people treated with the drug. Eteplirsen acts on specific gene variants that affect approximately one in seven people with DMD.\n    </li>\n<li>Corticosteroids, such as prednisone, which can help muscle strength and delay the progression of certain types of muscular dystrophy. But prolonged use of these types of drugs can cause weight gain and weakened bones, increasing fracture risk.</li>\n<li>Heart medications, such as angiotensin-converting enzyme (ACE) inhibitors or beta blockers, if muscular dystrophy damages the heart.</li>\n</ul>\n\n\n<b>Therapy</b>\nSeveral types of therapy and assistive devices can improve the quality and sometimes the length of life in people who have muscular dystrophy. Examples include:\n\n<ul>\n<li>Range-of-motion and stretching exercises. Muscular dystrophy can restrict the flexibility and mobility of joints. Limbs often draw inward and become fixed in that position. Range-of-motion exercises can help to keep joints as flexible as possible.</li>\n<li>Exercise. Low-impact aerobic exercise, such as walking and swimming, can help maintain strength, mobility and general health. Some types of strengthening exercises also might be helpful. But it's important to talk to your doctor first because some types of exercise might be harmful.</li>\n<li>Braces. Braces can help keep muscles and tendons stretched and flexible, slowing the progression of contractures. Braces can also aid mobility and function by providing support for weakened muscles.</li>\n<li>Mobility aids. Canes, walkers and wheelchairs can help maintain mobility and independence.</li>\n<li>Breathing assistance. As respiratory muscles weaken, a sleep apnea device may help improve oxygen delivery during the night. Some people with severe muscular dystrophy may need to use a machine that forces air in and out of their lungs (ventilator).</li>\n</ul>\n\n\n<b>Surgery</b>\nSurgery may be needed to correct a spinal curvature that could eventually make breathing more difficult.\n\n<b>Preventing respiratory infections</b>\nRespiratory infections may become a problem in later stages of muscular dystrophy. So, it's important to be vaccinated for pneumonia and to keep up to date with influenza shots. Try to avoid contact with children or adults who have an obvious infection."
}