{
    "Aliases": [], 
    "Alternative medicine": "While some alternative remedies are used for asthma, in most cases more research is needed to see how well they work and to determine possible side effects. Alternative treatments to consider include:\n\n<ul>\n<li>Breathing techniques. These include structured breathing programs, such as the Buteyko breathing technique, the Papworth method and yoga breathing exercises (pranayama).</li>\n<li>Relaxation techniques. Techniques such as meditation, biofeedback, hypnosis and progressive muscle relaxation might help with asthma by reducing tension and stress.</li>\n<li>\n    Herbal remedies and supplements. A few herbal remedies have been tried for asthma, including black seed, fish oil and magnesium. However, further studies are needed to assess their benefit and safety.\n    Herbs and supplements can have side effects and can interact with other medications your child is taking. Talk to your child's doctor before trying any herbs or supplements.\n    </li>\n</ul>", 
    "Causes": "Childhood asthma causes aren't fully understood. Some factors thought to be involved include:\n\n<ul>\n<li>Inherited tendency to develop allergies</li>\n<li>Parents with asthma</li>\n<li>Some types of airway infections at a very young age</li>\n<li>Exposure to environmental factors, such as cigarette smoke or other air pollution</li>\n</ul>\n\n\nIncreased immune system sensitivity causes the lungs and airways to swell and produce mucus when exposed to certain triggers. Reaction to a trigger can be delayed, making it more difficult to identify the trigger. Triggers vary from child to child and can include:\n\n<ul>\n<li>Viral infections such as the common cold</li>\n<li>Exposure to air pollutants, such as tobacco smoke</li>\n<li>Allergies to dust mites, pet dander, pollen or mold</li>\n<li>Physical activity</li>\n<li>Weather changes or cold air</li>\n</ul>\n\n\nSometimes, asthma symptoms occur with no apparent triggers.", 
    "Clinical trials": "Explore Mayo Clinic studies testing new treatments, interventions and tests as a means to prevent, detect, treat or manage this disease.", 
    "Complications": "Asthma can cause a number of complications, including:\n\n<ul>\n<li>Severe asthma attacks that require emergency treatment or hospital care</li>\n<li>Permanent decline in lung function</li>\n<li>Missed school days or getting behind in school</li>\n<li>Poor sleep and fatigue</li>\n<li>Symptoms that interfere with play, sports or other activities</li>\n</ul>", 
    "Coping and support": "It can be stressful to help your child manage asthma. Keep these tips in mind to make life as normal as possible:\n\n<ul>\n<li>Make treatment a regular part of life. If your child has to take daily medication, don't make a big deal out of it \u2014 it should be as routine as eating breakfast or brushing teeth.</li>\n<li>\n    Use a written asthma action plan. Work with your child's doctor to develop your child's action plan, and give a copy to all of your child's caregivers, such as child care providers, teachers, coaches and the parents of your child's friends.\n    Following a written plan can help you and your child identify symptoms early, providing important information on how to treat your child's asthma from day to day and how to deal with an asthma attack.\n    </li>\n<li>\n    Be encouraging. Focus attention on what your child can do, not on limitations. Involve teachers, school nurses, coaches, relatives and friends in helping your child manage asthma.\n    Encourage normal play and activity. Don't limit your child's activities out of fear of an asthma attack \u2014 work with your child's doctor to control exercise-induced symptoms.\n    </li>\n<li>Be calm and in control. Don't get rattled if asthma symptoms worsen. Focus on your child's asthma action plan, and involve your child in each step so that he or she understands what's happening.</li>\n<li>Talk to other parents of children with asthma. Chat rooms and message boards on the internet or a local support group can connect you with parents facing similar challenges.</li>\n<li>Help your child connect with others who have asthma. Send your child to \"asthma camp\" or find other organized activities for children with asthma. This can help your child feel less isolated and gain a better understanding of asthma and its treatment.</li>\n</ul>", 
    "Diagnosis": "Asthma can be hard to diagnose. Your child's doctor will consider the symptoms and their frequency and your child's medical history. Your child might need tests to rule out other conditions and to identify the most likely cause of the symptoms.\n\nA number of childhood conditions can have symptoms similar to those caused by asthma. To complicate the issue further, these conditions also commonly occur with asthma. So your child's doctor will have to determine whether your child's symptoms are caused by asthma, a condition other than asthma, or both asthma and another condition.\n\nConditions that can cause asthma-like symptoms include:\n\n<ul>\n<li>Rhinitis</li>\n<li>Sinusitis</li>\n<li>Acid reflux or gastroesophageal reflux disease (GERD)</li>\n<li>Airway abnormalities</li>\n<li>Dysfunctional breathing</li>\n<li>Respiratory tract infections such as bronchiolitis and respiratory syncytial virus (RSV)</li>\n</ul>\n\n\nThe following are tests your child might need.\n\n<ul>\n<li>\n    Lung function tests (spirometry). Doctors diagnose asthma with the same tests used to identify the disease in adults. Spirometry measures how much air your child can exhale and how quickly. Your child might have lung function tests at rest, after exercising and after taking asthma medication.\n    Another lung function test is brochoprovocation. Using spirometry, this test measures how your lungs react to certain provocations, such as exercise or exposure to cold air.\n    </li>\n<li>Exhaled nitric oxide test. If the diagnosis of asthma is uncertain after lung function tests, your doctor might recommend measuring the level of nitric oxide in an exhaled sample of your child's breath. Nitric oxide testing can also help determine whether steroid medications might be helpful for your child's asthma.</li>\n</ul>\n\n\nThe asthma tests used, however, aren't accurate before 5 years of age. For younger children, your doctor will rely on information you and your child provide about symptoms. Sometimes a diagnosis can't be made until later, after months or even years of observing symptoms.\n\n<b>Allergy tests for allergic asthma</b>\nIf your child seems to have asthma that's triggered by allergies, the doctor might recommend allergy skin testing. During a skin test, the skin is pricked with extracts of common allergy-causing substances, such as animal dander, mold or dust mites, and observed for signs of an allergic reaction.", 
    "Id": "syc-20351507", 
    "Lifestyle and home remedies": "Taking steps to reduce your child's exposure to asthma triggers will lessen the possibility of asthma attacks. Steps to help avoid triggers vary depending on what triggers your child's asthma. Here are some things that may help:\n\n<ul>\n<li>Maintain low humidity at home. If you live in a damp climate, talk to your child's doctor about using a device to keep the air drier (dehumidifier).</li>\n<li>Keep indoor air clean. Have a heating and air conditioning professional check your air conditioning system every year. Change the filters in your furnace and air conditioner according to the manufacturer's instructions. Also consider installing a small-particle filter in your ventilation system.</li>\n<li>Reduce pet dander. If your child is allergic to dander, it's best to avoid pets with fur or feathers. If you have pets, regularly bathing or grooming your pets also might reduce the amount of dander. Keep pets out of your child's room.</li>\n<li>Use your air conditioner. Air conditioning helps reduce the amount of airborne pollen from trees, grasses and weeds that finds its way indoors. Air conditioning also lowers indoor humidity and can reduce your child's exposure to dust mites. If you don't have air conditioning, try to keep your windows closed during pollen season.</li>\n<li>Keep dust to a minimum. Reduce dust that can aggravate nighttime symptoms by replacing certain items in your bedroom. For example, encase pillows, mattresses and box springs in dustproof covers. Consider removing carpeting and installing hard flooring, particularly in your child's bedroom. Use washable curtains and blinds.</li>\n<li>Clean regularly. Clean your home at least once a week to remove dust and allergens.</li>\n<li>Reduce your child's exposure to cold air. If your child's asthma is worsened by cold, dry air, wearing a face mask outside can help.</li>\n</ul>", 
    "Overview": "In childhood asthma, the lungs and airways become easily inflamed when exposed to certain triggers, such as inhaling pollen or catching a cold or other respiratory infection. Childhood asthma can cause bothersome daily symptoms that interfere with play, sports, school and sleep. In some children, unmanaged asthma can cause dangerous asthma attacks.\n\nChildhood asthma isn't a different disease from asthma in adults, but children face unique challenges. The condition is a leading cause of emergency department visits, hospitalizations and missed school days.\n\nUnfortunately, childhood asthma can't be cured, and symptoms can continue into adulthood. But with the right treatment, you and your child can keep symptoms under control and prevent damage to growing lungs.", 
    "Preparing for your appointment": "You're likely to start by taking your child to your family doctor or your child's pediatrician. However, when you call to set up an appointment, you may be referred to an allergist, lung doctor (pulmonologist) or other specialist. Here's some information to help you get ready for your child's appointment.\n\n<b>What you can do</b>\nMake a list of:\n\n<ul>\n<li>Your child's symptoms, how severe they are and when they occur. Note when symptoms bother your child most \u2014 for example, if symptoms tend to get worse at certain times of the day; during certain seasons; when your child is exposed to cold air, pollen or other triggers; or when he or she is playing hard or participating in sports.</li>\n<li>Key personal information, including any major stresses or recent life changes your child has had.</li>\n<li>All medications, vitamins and supplements your child takes, including doses.</li>\n<li>Write down questions to ask the doctor.</li>\n</ul>\n\n\nFor asthma or asthma-like symptoms, questions to ask your doctor include:\n\n<ul>\n<li>Is asthma the most likely cause of my child's breathing problems?</li>\n<li>What else could be causing my child's symptoms?</li>\n<li>What tests does my child need?</li>\n<li>Is my child's condition likely temporary or chronic?</li>\n<li>What treatment do you suggest?</li>\n<li>My child has these other health conditions. How can we best manage them together?</li>\n<li>Are there restrictions my child needs to follow?</li>\n<li>Should my child see a specialist?</li>\n<li>Are there brochures or other printed materials I can have? What websites do you recommend?</li>\n</ul>\n\n\nDon't hesitate to ask other questions.\n\n<b>What to expect from your child's doctor</b>\nThe doctor is likely to ask questions, including:\n\n<ul>\n<li>When did you notice your child's symptoms?</li>\n<li>Does your child have difficulty breathing most of the time or only at certain times or in certain situations?</li>\n<li>Does your child have allergies such as hay fever?</li>\n<li>What, if anything, appears to worsen your child's symptoms?</li>\n<li>What, if anything, seems to improve your child's symptoms?</li>\n<li>Do allergies or asthma run in your child's family?</li>\n</ul>", 
    "Prevention": "Careful planning and avoiding asthma triggers are the best ways to prevent asthma attacks.\n\n<ul>\n<li>Limit exposure to asthma triggers. Help your child avoid the allergens and irritants that trigger asthma symptoms.</li>\n<li>Don't allow smoking around your child. Exposure to tobacco smoke during infancy is a strong risk factor for childhood asthma, as well as a common trigger of asthma attacks.</li>\n<li>Encourage your child to be active. As long as your child's asthma is well-controlled, regular physical activity can help the lungs to work more efficiently.</li>\n<li>\n    See the doctor when necessary. Check in regularly. Don't ignore signs that your child's asthma might not be under control, such as needing to use a quick-relief inhaler too often.\n    Asthma changes over time. Consulting your child's doctor can help you make needed treatment adjustments to keep symptoms under control.\n    </li>\n<li>Help your child maintain a healthy weight. Being overweight can worsen asthma symptoms, and it puts your child at risk of other health problems.</li>\n<li>Keep heartburn under control. Acid reflux or severe heartburn (gastroesophageal reflux disease, or GERD) might worsen your child's asthma symptoms. He or she might need over-the-counter or prescription medications to control acid reflux.</li>\n</ul>", 
    "Risk factors": "Factors that might increase your child's likelihood of developing asthma include:\n\n<ul>\n<li>Exposure to tobacco smoke, including before birth</li>\n<li>Previous allergic reactions, including skin reactions, food allergies or hay fever (allergic rhinitis)</li>\n<li>A family history of asthma or allergies</li>\n<li>Living in an area with high pollution</li>\n<li>Obesity</li>\n<li>Respiratory conditions, such as a chronic runny or stuffy nose (rhinitis), inflamed sinuses (sinusitis) or pneumonia</li>\n<li>Heartburn (gastroesophageal reflux disease, or GERD)</li>\n<li>Being male</li>\n<li>Being black or Puerto Rican</li>\n</ul>", 
    "Symptoms": "Common childhood asthma signs and symptoms include:\n\n<ul>\n<li>Frequent coughing that worsens when your child has a viral infection, occurs while your child is asleep or is triggered by exercise or cold air</li>\n<li>A whistling or wheezing sound when breathing out</li>\n<li>Shortness of breath</li>\n<li>Chest congestion or tightness</li>\n</ul>\n\n\nChildhood asthma might also cause:\n\n<ul>\n<li>Trouble sleeping due to shortness of breath, coughing or wheezing</li>\n<li>Bouts of coughing or wheezing that get worse with a cold or the flu</li>\n<li>Delayed recovery or bronchitis after a respiratory infection</li>\n<li>Trouble breathing that hampers play or exercise</li>\n<li>Fatigue, which can be due to poor sleep</li>\n</ul>\n\n\nAsthma signs and symptoms vary from child to child, and might get worse or better over time. Your child might have only one indication, such as a lingering cough or chest congestion.\n\nIt can be difficult to tell whether your child's symptoms are caused by asthma. Periodic or long-lasting wheezing and other asthma-like symptoms can be caused by infectious bronchitis or another respiratory problem.\n\n<b>When to see a doctor</b>\nTake your child to see the doctor if you suspect he or she has asthma. Early treatment will help control symptoms and possibly prevent asthma attacks.\n\nMake an appointment with your child's doctor if you notice:\n\n<ul>\n<li>Coughing that is constant, is intermittent or seems linked to physical activity</li>\n<li>Wheezing or whistling sounds when your child breathes out</li>\n<li>Shortness of breath or rapid breathing</li>\n<li>Complaints of chest tightness</li>\n<li>Repeated episodes of suspected bronchitis or pneumonia</li>\n</ul>\n\n\nIf your child has asthma, he or she may say things such as, \"My chest feels funny\" or \"I'm always coughing.\" Listen for coughing, which might not wake your child, when he or she is asleep. Crying, laughing, yelling, or strong emotional reactions and stress also might trigger coughing or wheezing.\n\nIf your child is diagnosed with asthma, creating an asthma plan can help you and other caregivers monitor symptoms and know what to do if an asthma attack occurs.\n\n<b>When to seek emergency treatment</b>\nIn severe cases, you might see your child's chest and sides pulling inward as he or she struggles to breathe. Your child might have an increased heartbeat, sweating and chest pain. Seek emergency care if your child:\n\n<ul>\n<li>Has to stop in midsentence to catch his or her breath</li>\n<li>Is using abdominal muscles to breathe</li>\n<li>Has widened nostrils when breathing in</li>\n<li>Is trying so hard to breathe that the abdomen is sucked under the ribs when he or she breathes in</li>\n</ul>\n\n\nEven if your child hasn't been diagnosed with asthma, seek medical attention immediately if he or she has trouble breathing. Although episodes of asthma vary in severity, asthma attacks can start with coughing, which progresses to wheezing and labored breathing.", 
    "Title": "Childhood asthma", 
    "Treatment": "Initial treatment depends on the severity of your child's asthma. The goal of asthma treatment is to keep symptoms under control, meaning that your child has:\n\n<ul>\n<li>Minimal or no symptoms</li>\n<li>Few or no asthma flare-ups</li>\n<li>No limitations on physical activities or exercise</li>\n<li>Minimal use of quick-relief (rescue) inhalers, such as albuterol (ProAir HFA, Ventolin HFA, others)</li>\n<li>Few or no side effects from medications</li>\n</ul>\n\n\nTreating asthma involves both preventing symptoms and treating an asthma attack in progress. The right medication for your child depends on a number of things, including age, symptoms, asthma triggers and what seems to work best to keep his or her asthma under control.\n\nFor children younger than age 3 who have mild symptoms of asthma, the doctor might use a wait-and-see approach. This is because the long-term effects of asthma medication on infants and young children aren't clear.\n\nHowever, if an infant or toddler has frequent or severe wheezing episodes, a medication might be prescribed to see if it improves symptoms. \n\n<b>Long-term control medications</b>\nPreventive, long-term control medications reduce the inflammation in your child's airways that leads to symptoms. In most cases, these medications need to be taken daily.\n\nTypes of long-term control medications include:\n\n<ul>\n<li>\n    Inhaled corticosteroids. These medications include fluticasone (Flovent Diskus, Flovent HFA), budesonide (Pulmicort Flexhaler), mometasone (Asmanex HFA), ciclesonide (Alvesco), beclomethasone (Qvar Redihaler) and others. Your child might need to use these medications for several days to weeks before getting the full benefit.\n    Long-term use of these medications has been associated with slightly slowed growth in children, but the effect is minor. In most cases, the benefits of good asthma control outweigh the risks of possible side effects.\n    </li>\n<li>Leukotriene modifiers. These oral medications include montelukast (Singulair), zafirlukast (Accolate) and zileuton (Zyflo). They help prevent asthma symptoms for up to 24 hours.</li>\n<li>\n    Combination inhalers. These medications contain an inhaled corticosteroid plus a long-acting beta agonist (LABA). They include fluticasone and salmeterol (Advair Diskus, Advair HFA), budesonide and formoterol (Symbicort), fluticasone and vilanterol (Breo Ellipta), and mometasone and formoterol (Dulera).\n    In some situations, long-acting beta agonists have been linked to severe asthma attacks. For this reason, LABA medications should always be given to a child with an inhaler that also contains a corticosteroid. These combination inhalers should be used only for asthma that's not well-controlled by other medications.\n    </li>\n<li>Theophylline. This is a daily pill that helps keep the airways open. Theophylline (Theo-24) relaxes the muscles around the airways to make breathing easier. It's mostly used with inhaled steroids. If you take this drug, you'll need to have your blood checked regularly.</li>\n<li>Immunomodulatory agents. Mepolizumab (Nucala), dupilumab (Dupixent) and benralizumab (Fasenra) might be appropriate for children over the age of 12 who have severe eosinophilic asthma. Omalizumab (Xolair) can be considered for children age 6 or older who have moderate to severe allergic asthma.</li>\n</ul>\n\n\n<b>Quick-relief medications</b>\nQuick-relief medications quickly open swollen airways. Also called rescue medications, quick-relief medications are used as needed for rapid, short-term symptom relief during an asthma attack \u2014 or before exercise if your child's doctor recommends it.\n\nTypes of quick-relief medications include:\n\n<ul>\n<li>Short-acting beta agonists. These inhaled bronchodilator medications can rapidly ease symptoms during an asthma attack. They include albuterol (ProAir HFA, Ventolin HFA, others) and levalbuterol (Xopenex HFA). These medications act within minutes, and effects last several hours.</li>\n<li>Oral and intravenous corticosteroids. These medications relieve airway inflammation caused by severe asthma. Examples include prednisone and methylprednisolone. They can cause serious side effects when used long term, so they're only used to treat severe asthma symptoms on a short-term basis.</li>\n</ul>\n\n\n<b>Treatment for allergy-induced asthma</b>\nIf your child's asthma is triggered or worsened by allergies, your child might benefit from allergy treatment, such as the following, as well:\n\n<ul>\n<li>Omalizumab (Xolair). This medication is for people who have allergies and severe asthma. It reduces the immune system's reaction to allergy-causing substances, such as pollen, dust mites and pet dander. Xolair is delivered by injection every two to four weeks.</li>\n<li>Allergy medications. These include oral and nasal spray antihistamines and decongestants as well as corticosteroid, cromolyn and ipratropium nasal sprays.</li>\n<li>Allergy shots (immunotherapy). Immunotherapy injections are generally given once a week for a few months, then once a month for a period of three to five years. Over time, they gradually reduce your child's immune system reaction to specific allergens.</li>\n</ul>\n\n\n<b>Don't rely only on quick-relief medications</b>\nLong-term asthma control medications such as inhaled corticosteroids are the cornerstone of asthma treatment. These medications keep asthma under control and make it less likely that your child will have an asthma attack.\n\nIf your child does have an asthma flare-up, a quick-relief (rescue) inhaler can ease symptoms right away. But if long-term control medications are working properly, your child shouldn't need to use a quick-relief inhaler very often.\n\nKeep a record of how many puffs your child uses each week. If he or she frequently needs to use a quick-relief inhaler, take your child to see the doctor. You probably need to adjust the long-term control medication.\n\n<b>Inhaled medication devices</b>\nInhaled short- and long-term control medications are used by inhaling a measured dose of medication.\n\n<ul>\n<li>Older children and teens might use a small, hand-held device called a pressurized metered dose inhaler or an inhaler that releases a fine powder.</li>\n<li>Infants and toddlers need to use a face mask attached to a metered dose inhaler or a nebulizer to get the correct amount of medication.</li>\n<li>Babies need to a use a device that turns liquid medication into fine droplets (nebulizer). Your baby wears a face mask and breathes normally while the nebulizer delivers the correct dose of medication.</li>\n</ul>\n\n\n<b>Asthma action plan</b>\nWork with your child's doctor to create a written asthma action plan. This can be an important part of treatment, especially if your child has severe asthma. An asthma action plan can help you and your child:\n\n<ul>\n<li>Recognize when you need to adjust long-term control medications</li>\n<li>Determine how well treatment is working</li>\n<li>Identify the signs of an asthma attack and know what to do when one occurs</li>\n<li>Know when to call a doctor or seek emergency help</li>\n</ul>\n\n\nChildren who have enough coordination and understanding might use a hand-held device to measure how well they can breathe (peak flow meter). A written asthma action plan can help you and your child remember what to do when peak flow measurements reach a certain level.\n\nThe action plan might use peak flow measurements and symptoms to categorize your child's asthma into zones, such as the green zone, yellow zone and red zone. These zones correspond to well-controlled symptoms, somewhat-controlled symptoms and poorly controlled symptoms. This makes tracking your child's asthma easier.\n\nYour child's symptoms and triggers are likely to change over time. You'll need to observe symptoms and work with the doctor to adjust medications as needed.\n\nIf your child's symptoms are completely controlled for a time, your child's doctor might recommend lowering doses or stopping asthma medications (step-down treatment). If your child's asthma isn't as well-controlled, the doctor might want to increase, change or add medications (step-up treatment)."
}