{
    "Aliases": [], 
    "Causes": "Carcinoid syndrome is caused by a carcinoid tumor that secretes serotonin or other chemicals into your bloodstream. Carcinoid tumors occur most commonly in the lungs or in the gastrointestinal tract, including your stomach, small intestine, appendix, colon and rectum.\n\nOnly a small percentage of carcinoid tumors secrete the chemicals that cause carcinoid syndrome. When these tumors do secrete the chemicals, the liver normally neutralizes the chemicals before they have a chance to travel through your body and cause symptoms.\n\nHowever, when an advanced tumor spreads (metastasizes) to the liver itself, it may secrete chemicals that aren't neutralized before reaching the bloodstream. Most people who experience carcinoid syndrome have an advanced cancer that has spread to the liver.\n\nSome carcinoid tumors don't have to be advanced to cause carcinoid syndrome. For instance, carcinoid lung tumors that secrete chemicals into the blood do so farther upstream from the liver, which then cannot process and eliminate the chemicals.\n\nCarcinoid tumors in the intestine, on the other hand, secrete the chemicals into blood that must first pass through the liver before reaching the rest of the body. The liver usually neutralizes the chemicals before they can affect the rest of the body.\n\nWhat causes carcinoid tumors is unclear.", 
    "Complications": "Having carcinoid syndrome can cause the following complications:\n\n<ul>\n<li>\n    Carcinoid heart disease. Some people with carcinoid syndrome develop carcinoid heart disease. Carcinoid syndrome causes a thickening of the heart valves, making it difficult for them to function properly. As a result, the heart valves may leak.\n    Signs and symptoms of carcinoid heart disease include fatigue and shortness of breath during physical activity. Carcinoid heart disease can eventually lead to heart failure.\n    Your doctor may recommend medications for your heart. Surgical repair of damaged heart valves may be an option in advanced carcinoid heart disease.\n    </li>\n<li>\n    Bowel obstruction. Cancer that spreads to the lymph nodes next to your small intestine can cause narrowing and kinking of your intestine, leading to a bowel obstruction.\n    Signs and symptoms of a bowel obstruction include severe, cramping abdominal pain and vomiting. Surgery may be necessary to relieve the obstruction.\n    </li>\n<li>\n    Carcinoid crisis. Carcinoid crisis causes a severe episode of flushing, low blood pressure, confusion and breathing difficulty.\n    Carcinoid crisis can occur in people with carcinoid tumors when they are exposed to certain triggers, including anesthetic used during surgery. Carcinoid crisis can be fatal. Your doctor may give you medications before surgery to reduce the risk of carcinoid crisis.\n    </li>\n</ul>", 
    "Coping and support": "You may be relieved to finally find an answer to what's been causing your signs and symptoms, but a diagnosis of a rare disease, such as carcinoid syndrome, can be stressful. As you develop your way of coping with a cancer diagnosis, talk with your health care team about how you feel and consider trying to:\n\n<ul>\n<li>\n    Find out enough about carcinoid syndrome to make decisions about your care. Ask your doctor questions about your condition. Ask members of your health care team to recommend resources where you can get more information.\n    Knowing about your condition may enable you to better participate in decisions about your care.\n    </li>\n<li>\n    Talk to other people with carcinoid syndrome. Support groups for people with carcinoid syndrome put you in touch with those who have faced the same challenges you are facing.\n    Ask your doctor about groups in your area. Carcinoid syndrome is rare, though, so you may need to connect with people outside your immediate area or online.\n    </li>\n<li>\n    Take care of yourself. Do what you can to maintain a healthy lifestyle. Eat a diet full of fruits and vegetables. When you feel up to it, include light exercise in your daily routine.\n    Cut extra stress out of your life when possible. Get plenty of sleep so that you feel rested when you wake up. Take care of your body and mind so that you're better able to stick to your cancer treatment plan.\n    </li>\n</ul>", 
    "Diagnosis": "Your doctor will assess your signs and symptoms to rule out other causes of skin flushing and diarrhea. If no other causes are found, your doctor may suspect carcinoid syndrome.\n\nTo confirm a diagnosis, your doctor may recommend further tests, including:\n\n<ul>\n<li>Urine test. Your urine may contain a substance made when your body breaks down serotonin. An excess amount of this substance could indicate that your body is processing extra serotonin, the chemical most commonly excreted by carcinoid tumors.</li>\n<li>Blood test. Your blood may contain high levels of certain substances, including the protein chromogranin A, which is released by some carcinoid tumors.</li>\n<li>Imaging tests. Imaging tests also may be used to locate the primary carcinoid tumor and determine whether it has spread. Your doctor may start with a computerized tomography (CT) scan of your abdomen, because most carcinoid tumors are found in the gastrointestinal tract. Other scans, such as MRI or nuclear medicine scans, may be helpful in certain cases.</li>\n</ul>", 
    "Id": "syc-20370666", 
    "Lifestyle and home remedies": "Talk to your doctor about self-care measures that may improve your signs and symptoms. Self-care measures can't replace treatment, but they may complement it. Ask your doctor if you should:\n\n<ul>\n<li>\n    Avoid things that cause skin flushing. Certain substances or situations, such as alcohol or large meals, can trigger flushing. Some people experience flushing when they're feeling stressed or upset.\n    Keep track of what causes your flushing, and try to avoid those triggers.\n    </li>\n<li>Consider taking a multivitamin. Chronic diarrhea makes it difficult for your body to process the vitamins and nutrients in the food you eat. Ask your doctor whether taking a multivitamin may be a good idea for you.</li>\n</ul>", 
    "Overview": "Carcinoid syndrome occurs when a rare cancerous tumor called a carcinoid tumor secretes certain chemicals into your bloodstream, causing a variety of signs and symptoms. Carcinoid tumors occur most commonly in the gastrointestinal tract or lungs.\n\nCarcinoid syndrome typically occurs in people who have carcinoid tumors that are advanced. Treatment for carcinoid syndrome usually involves treating the cancer. However, because most carcinoid tumors don't cause carcinoid syndrome until they're advanced, a cure may not be possible. In those cases, medications may relieve your carcinoid syndrome symptoms and make you more comfortable.", 
    "Preparing for your appointment": "You may start by seeing your family doctor if you have signs and symptoms of carcinoid syndrome. Depending on what your doctor finds, you may be referred to a doctor who specializes in treating cancer (oncologist), a specialist in disorders of the endocrine system (endocrinologist) or a surgeon.\n\nBecause appointments can be brief, and because there's often a lot to discuss, it's a good idea to be well-prepared. Here's some information to help you get ready, and know what to expect from your doctor.\n\n<b>What you can do</b>\n<ul>\n<li>Be aware of any pre-appointment restrictions. At the time you make the appointment, be sure to ask if there's anything you need to do in advance, such as restrict your diet.</li>\n<li>Write down any symptoms you're experiencing, including any that may seem unrelated to the reason for which you scheduled the appointment.</li>\n<li>Write down key personal information, including any major stresses or recent life changes.</li>\n<li>Make a list of all medications, vitamins or supplements that you're taking.</li>\n<li>Consider taking a family member or friend along. Sometimes it can be difficult to remember all the information provided during an appointment. Someone who accompanies you may remember something that you missed or forgot.</li>\n<li>Write down questions to ask your doctor.</li>\n</ul>\n\n\nYour time with your doctor is limited, so preparing a list of questions can help you make the most of your time together. List your questions from most important to least important in case time runs out. For carcinoid syndrome, some basic questions to ask your doctor include:\n\n<ul>\n<li>What is likely causing my symptoms or condition?</li>\n<li>Other than the most likely cause, what are other possible causes for my symptoms or condition?</li>\n<li>What kinds of tests do I need?</li>\n<li>Is my condition likely temporary or chronic?</li>\n<li>What is the best course of action?</li>\n<li>What are the alternatives to the primary approach that you're suggesting?</li>\n<li>I have other health conditions. How can I best manage them together?</li>\n<li>Are there any restrictions that I need to follow?</li>\n<li>Should I see a specialist? What will that cost, and will my insurance cover it?</li>\n<li>Is there a generic alternative to the medicine you're prescribing me?</li>\n<li>Are there brochures or other printed material that I can take with me? What websites do you recommend?</li>\n<li>What will determine whether I should plan for a follow-up visit?</li>\n</ul>\n\n\nIn addition to the questions that you've prepared to ask your doctor, don't hesitate to ask other questions as they occur to you.\n\n<b>What to expect from your doctor</b>\nYour doctor is likely to ask you a number of questions. Being ready to answer them may allow time later to cover other points you want to address. Your doctor may ask:\n\n<ul>\n<li>When did you first begin experiencing symptoms?</li>\n<li>Have your symptoms been continuous or occasional?</li>\n<li>How severe are your symptoms?</li>\n<li>What, if anything, seems to improve your symptoms?</li>\n<li>What, if anything, appears to worsen your symptoms?</li>\n</ul>", 
    "Symptoms": "The signs and symptoms of carcinoid syndrome depend on which chemicals the carcinoid tumor secretes into your bloodstream.\n\nThe most common signs and symptoms include:\n\n<ul>\n<li>Skin flushing. The skin on your face and upper chest feels hot and changes color \u2014 ranging from pink to purple. Flushing episodes may last from a few minutes to a few hours or longer.\nFlushing may happen for no obvious reason, though sometimes it can be triggered by stress, exercise or drinking alcohol.</li>\n<li>Facial skin lesions. Purplish areas of spiderlike veins may appear on your nose and upper lip.</li>\n<li>Diarrhea. Frequent, watery stools sometimes accompanied by abdominal cramps may occur in people who have carcinoid syndrome.</li>\n<li>Difficulty breathing. Asthma-like signs and symptoms, such as wheezing and shortness of breath, may occur at the same time you experience skin flushing.</li>\n<li>Rapid heartbeat. Periods of a fast heart rate could be a sign of carcinoid syndrome.</li>\n</ul>\n\n\n<b>When to see a doctor</b>\nMake an appointment with your doctor if you have signs and symptoms that concern you.", 
    "Title": "Carcinoid syndrome", 
    "Treatment": "Treating carcinoid syndrome involves treating your cancer and may also involve using medications to control your specific signs and symptoms.\n\nTreatments may include:\n\n<ul>\n<li>Surgery. Surgery to remove your cancer or most of your cancer may be an option.</li>\n<li>\n    Medications to block cancer cells from secreting chemicals. Injections of the medications octreotide (Sandostatin) and lanreotide (Somatuline Depot) may reduce the signs and symptoms of carcinoid syndrome, including skin flushing and diarrhea. Octreotide may also slow the growth of carcinoid tumors.\n    Side effects of octreotide and lanreotide include diarrhea, abdominal pain and bloating, which may subside over time.\n    A newer medication called telotristat (Xermelo) can be combined with these drugs to control diarrhea caused by carcinoid syndrome. Side effects include nausea and depression.\n    </li>\n<li>Biological therapy. An injectable medication called interferon alfa, which stimulates the body's immune system to work better, is sometimes used to slow the growth of carcinoid tumors and to relieve symptoms. Interferon alfa can cause significant side effects, including fatigue and flu-like symptoms.</li>\n<li>\n    Stopping blood supply to liver tumors. In a procedure called hepatic artery embolization, a doctor inserts a catheter through a needle near your groin and threads it up to the main artery that carries blood to your liver (hepatic artery).\n    The doctor injects particles designed to clog the hepatic artery, cutting off the blood supply to cancer cells that have spread to the liver. The healthy liver cells survive by relying on blood from other blood vessels.\n    Hepatic artery embolization can be risky, and the procedure is typically performed only in specialized medical centers. Discuss the benefits and risks with your doctor.\n    </li>\n<li>\n    Killing cancer cells in the liver with heat or cold. Radiofrequency ablation delivers heat through a needle to the cancer cells in the liver, causing the cells to die. Cryotherapy is similar, but it works by freezing the tumor.\n    Radiofrequency ablation and cryotherapy are generally safe, though there is a small risk of blood loss and infection.\n    </li>\n<li>Chemotherapy. Chemotherapy drugs may shrink carcinoid tumors. Any side effects you may experience will depend on which chemotherapy drugs you receive. Discuss your particular chemotherapy regimen with your doctor.</li>\n</ul>"
}