{
    "Aliases": [], 
    "Causes": "Your body usually keeps the many bacteria in your colon in a naturally healthy balance, but antibiotics and other medications can upset this balance. Pseudomembranous colitis occurs when certain bacteria \u2014 usually C. difficile \u2014 rapidly outgrow other bacteria that normally keep them in check. Certain toxins produced by C. difficile, which are usually present in only tiny amounts, rise to levels high enough to damage the colon.\n\nWhile almost any antibiotic can cause pseudomembranous colitis, some antibiotics are more commonly linked to pseudomembranous colitis than others, including:\n\n<ul>\n<li>Fluoroquinolones, such as ciprofloxacin (Cipro) and levofloxacin</li>\n<li>Penicillins, such as amoxicillin and ampicillin</li>\n<li>Clindamycin (Cleocin)</li>\n<li>Cephalosporins, such as cefixime (Suprax)</li>\n</ul>\n\n\n<b>Other causes</b>\nOther medications besides antibiotics can sometimes cause pseudomembranous colitis. Chemotherapy drugs that are used to treat cancer may disrupt the normal balance of bacteria in the colon.\n\nCertain diseases that affect the colon, such as ulcerative colitis or Crohn's disease, may also predispose people to pseudomembranous colitis.\n\nC. difficile spores are resistant to many common disinfectants and can be transmitted from the hands of health care professionals to patients. Increasingly, C. difficile has been reported in people with no known risk factors, including people with no recent health care contact or use of antibiotics. This is called community-acquired C. difficile.\n\n<b>Emergence of a new strain</b>\nAn aggressive strain of C. difficile has emerged that produces far more toxins than other strains do. The new strain may be more resistant to certain medications and has shown up in people who haven't been in the hospital or taken antibiotics.", 
    "Complications": "Treatment of pseudomembranous colitis is usually successful. However, even with prompt diagnosis and treatment, pseudomembranous colitis can be life-threatening. Possible complications include:\n\n<ul>\n<li>Dehydration. Severe diarrhea can lead to a significant loss of fluids and electrolytes. This makes it difficult for your body to function normally and can cause blood pressure to drop to dangerously low levels.</li>\n<li>Kidney failure. In some cases, dehydration can occur so quickly that kidney function rapidly deteriorates (kidney failure).</li>\n<li>Toxic megacolon. In this rare condition, your colon is unable to expel gas and stool, causing it to become greatly distended (megacolon). Left untreated, your colon may rupture, causing bacteria from the colon to enter your abdominal cavity. An enlarged or ruptured colon requires emergency surgery and may be fatal.</li>\n<li>A hole in your large intestine (bowel perforation). This is rare and results from extensive damage to the lining of your large intestine or after toxic megacolon. A perforated bowel can spill bacteria from the intestine into your abdominal cavity, leading to a life-threatening infection (peritonitis).</li>\n<li>Death. Even mild to moderate C. difficile infections can quickly progress to a fatal disease if not treated promptly.</li>\n</ul>\n\n\nIn addition, pseudomembranous colitis may sometimes return, days or even weeks after apparently successful treatment.", 
    "Diagnosis": "Tests and procedures used to diagnose pseudomembranous colitis and to search for complications include:\n\n<ul>\n<li>Stool sample. There are a number of different stool sample tests used to detect C. difficile infection of the colon.</li>\n<li>Blood tests. These may reveal an abnormally high white blood cell count (leukocytosis), which may indicate pseudomembranous colitis.</li>\n<li>Colonoscopy or sigmoidoscopy. In both of these tests, your doctor uses a tube with a miniature camera at its tip to examine the inside of your colon for signs of pseudomembranous colitis \u2014 raised, yellow plaques (lesions), as well as swelling.</li>\n<li>Imaging tests. If you have severe symptoms, your doctor may obtain an abdominal X-ray or an abdominal CT scan to look for complications such as toxic megacolon or colon rupture.</li>\n</ul>", 
    "Id": "syc-20351434", 
    "Lifestyle and home remedies": "Some research suggests that concentrated supplements of good bacteria and yeasts (probiotics) can help prevent C. difficile infection, but more studies are needed for their use in treating recurrences. They are safe to use and available in capsule or liquid form without a prescription.\n\nTo cope with the diarrhea and dehydration that can occur with pseudomembranous colitis, try to:\n\n<ul>\n<li>Drink plenty of fluids. Water is best, but fluids with added sodium and potassium (electrolytes) also may be beneficial. Examples include sports drinks (Gatorade, Powerade, others), oral rehydration solutions (Pedialyte, Ceralyte, others), noncaffeinated soft drinks, broths and fruit juices. Avoid beverages that are high in sugar or contain alcohol or caffeine, such as coffee, tea and colas, which can aggravate your symptoms.</li>\n<li>Avoid irritating foods. Stay away from spicy, fatty or fried foods, and any other foods that make your symptoms worse.</li>\n</ul>", 
    "Overview": "Pseudomembranous (SOO-doe-mem-bruh-nus) colitis, also called antibiotic-associated colitis or C. difficile colitis, is inflammation of the colon associated with an overgrowth of the bacterium Clostridium difficile (C. diff).\n\nThis overgrowth of C. difficile is often related to a recent hospital stay that included antibiotic treatment. C. difficile infections are more common in people over 65 years old.", 
    "Preparing for your appointment": "Your primary care doctor can usually treat pseudomembranous colitis. Based on your signs and symptoms, you may be referred to a specialist in digestive diseases (gastroenterologist). If your signs and symptoms are particularly severe, you may be told to seek emergency treatment.\n\nHere's some information to help you get ready for your appointment, and what to expect from your doctor.\n\n<b>What you can do</b>\nWhen you make the appointment, ask if there's anything you need to do in advance, such as fasting before having a specific test. Make a list of:\n\n<ul>\n<li>Your symptoms, including any that seem unrelated to the reason for your appointment</li>\n<li>Key personal information, including major stresses, recent life changes and family medical history</li>\n<li>All medications, vitamins or other supplements you take, including the doses</li>\n<li>Questions to ask your doctor</li>\n</ul>\n\n\nSome basic questions you might want to ask your doctor include:\n\n<ul>\n<li>What's the most likely cause of my symptoms?</li>\n<li>What tests do I need?</li>\n<li>Is my condition likely temporary or long lasting?</li>\n<li>What treatments are available and which do you recommend for me?</li>\n<li>I have these other health conditions. How can I best manage them together?</li>\n<li>Are there restrictions I need to follow?</li>\n<li>Should I see a specialist?</li>\n<li>Are there brochures or other printed material I can have? What websites do you recommend?</li>\n</ul>\n\n\nDon't hesitate to ask additional questions. And, if possible, take a family member or friend along to help you remember the information you're given.\n\n<b>What to expect from your doctor</b>\nYour doctor is likely to ask you several questions, such as:\n\n<ul>\n<li>When did you first begin experiencing signs and symptoms?</li>\n<li>Do you have diarrhea?</li>\n<li>Is there blood or pus in your stools?</li>\n<li>Do you have a fever?</li>\n<li>Are you having abdominal pain?</li>\n<li>Have your symptoms stayed the same or gotten worse?</li>\n<li>During the last several weeks, have you taken antibiotics, had a surgical procedure or been hospitalized?</li>\n<li>Is anyone at home sick with diarrhea, or has anyone at home been hospitalized in the last several weeks?</li>\n<li>Have you ever been diagnosed with diarrhea related to C. difficile or antibiotics?</li>\n<li>Do you have ulcerative colitis or Crohn's disease?</li>\n<li>Are you being treated for any other medical conditions?</li>\n<li>Have you traveled recently to areas with an unsafe water supply?</li>\n<li>Does anything seem to improve your symptoms?</li>\n<li>What, if anything, appears to worsen your symptoms?</li>\n</ul>\n\n\n<b>What you can do in the meantime</b>\nWhile you're waiting for your appointment, drink plenty of fluids to help prevent dehydration. Sports drinks, oral rehydration solutions (Pedialyte, Ceralyte, others), non-caffeinated soft drinks, broths and fruit juices are good options.", 
    "Prevention": "To help prevent the spread of C. difficile, hospitals and other health care facilities follow strict infection-control guidelines. If you have a friend or family member in a hospital or nursing home, don't be afraid to remind caregivers to follow the recommended precautions.\n\nPreventive measures include:\n\n<ul>\n<li>Hand-washing. Health care workers should practice good hand hygiene before and after treating each person in their care. In the event of a C. difficile outbreak, using soap and warm water is a better choice for hand hygiene, because alcohol-based hand sanitizers do not effectively destroy C. difficile spores. Visitors also should wash their hands with soap and warm water before and after leaving the room or using the bathroom.</li>\n<li>Contact precautions. People who are hospitalized with C. difficile have a private room or share a room with someone who has the same illness. Hospital staff and visitors wear disposable gloves and isolation gowns while in the room until at least 48 hours after diarrhea ends.</li>\n<li>Thorough cleaning. In any setting, all surfaces should be carefully disinfected with a product that contains chlorine bleach to destroy C. difficile spores.</li>\n<li>Avoid unnecessary use of antibiotics. Antibiotics are sometimes prescribed for viral illnesses that aren't helped by these drugs. Take a wait-and-see attitude with simple ailments. If you do need an antibiotic, ask your doctor to prescribe one that has a narrow range and that you take for the shortest time possible.</li>\n</ul>", 
    "Risk factors": "Factors that may increase your risk of pseudomembranous colitis include:\n\n<ul>\n<li>Taking antibiotics</li>\n<li>Staying in the hospital or a nursing home</li>\n<li>Increasing age, especially over 65 years</li>\n<li>Having a weakened immune system</li>\n<li>Having a colon disease, such as inflammatory bowel disease or colorectal cancer</li>\n<li>Undergoing intestinal surgery</li>\n<li>Receiving chemotherapy treatment for cancer</li>\n</ul>", 
    "Symptoms": "Signs and symptoms of pseudomembranous colitis may include:\n\n<ul>\n<li>Watery diarrhea</li>\n<li>Abdominal cramps, pain or tenderness</li>\n<li>Fever</li>\n<li>Pus or mucus in your stool</li>\n<li>Nausea</li>\n<li>Dehydration</li>\n</ul>\n\n\nSymptoms of pseudomembranous colitis can begin as soon as one to two days after you start taking an antibiotic, or as long as several months or longer after you finish taking the antibiotic.\n\n<b>When to see a doctor</b>\nIf you are currently taking or have recently taken antibiotics and you develop diarrhea, contact your doctor, even if the diarrhea is relatively mild. Also, see your doctor any time you have severe diarrhea, with a fever, painful abdominal cramps, or blood or pus in your stool.", 
    "Title": "Pseudomembranous colitis", 
    "Treatment": "Treatment strategies include:\n\n<ul>\n<li>Stopping the antibiotic or other medication that's thought to be causing your signs and symptoms, if possible. Sometimes, this may be enough to resolve your condition or at least ease signs, such as diarrhea.</li>\n<li>\n    Starting an antibiotic likely to be effective against C. difficile. If you still experience signs and symptoms, your doctor may use a different antibiotic to treat C. difficile. This allows the normal bacteria to grow back, restoring the healthy balance of bacteria in your colon.\n    You may be given antibiotics by mouth, through a vein or through a tube inserted through the nose into the stomach (nasogastric tube). Depending on your condition, doctors will most often use metronidazole (Flagyl), vancomycin, fidaxomicin (Dificid) or a combination.\n    </li>\n<li>Having fecal microbial transplantation (FMT). If your condition is extremely severe, you may be given a transplant of stool (fecal transplant) from a healthy donor to restore the balance of bacteria in your colon. The donor stool may be delivered through a nasogastric tube, inserted into the colon or placed in a capsule you swallow. Doctors may use a combination of antibiotic treatment followed by FMT.</li>\n</ul>\n\n\nOnce you begin treatment for pseudomembranous colitis, signs and symptoms may begin to improve within a few days.\n\nResearchers are exploring new treatments for pseudomembranous colitis, including alternative antibiotics, drugs to reduce recurrence and a vaccine.\n\n<b>Treating recurring pseudomembranous colitis</b>\nThe natural occurrence of new, more-aggressive strains of C. difficile, which are more resistant to antibiotics, has made treating pseudomembranous colitis increasingly difficult and recurrences more common. With each recurrence, your chance of having an additional recurrence increases. Treatment options may include:\n\n<ul>\n<li>Repeat antibiotics. You may need a second or third round of antibiotics to resolve your condition.</li>\n<li>Surgery. Surgery may be an option in people who have progressive organ failure, rupture of the colon and inflammation of the lining of the abdominal wall (peritonitis). Surgery has typically involved removing all or part of the colon (total or subtotal colectomy). A newer surgery that involves laparoscopically creating a loop of colon and cleaning it (diverting loop ileostomy and colonic lavage) is less invasive and has had positive results.</li>\n<li>Fecal microbial transplantation (FMT). FMT is used to treat recurrent pseudomembranous colitis. You'll receive healthy, cleaned stool in a capsule, nasogastrically or inserted into your colon.</li>\n</ul>"
}