{
    "Aliases": [], 
    "Causes": "It's not known what causes narcissistic personality disorder. As with personality development and with other mental health disorders, the cause of narcissistic personality disorder is likely complex. Narcissistic personality disorder may be linked to:\n\n<ul>\n<li>Environment \u2015 mismatches in parent-child relationships with either excessive adoration or excessive criticism that is poorly attuned to the child's experience</li>\n<li>Genetics \u2015 inherited characteristics</li>\n<li>Neurobiology \u2014 the connection between the brain and behavior and thinking</li>\n</ul>", 
    "Complications": "Complications of narcissistic personality disorder, and other conditions that can occur along with it, can include:\n\n<ul>\n<li>Relationship difficulties</li>\n<li>Problems at work or school</li>\n<li>Depression and anxiety</li>\n<li>Physical health problems</li>\n<li>Drug or alcohol misuse</li>\n<li>Suicidal thoughts or behavior</li>\n</ul>", 
    "Diagnosis": "Some features of narcissistic personality disorder are similar to those of other personality disorders. Also, it's possible to be diagnosed with more than one personality disorder at the same time. This can make diagnosis of narcissistic personality disorder more challenging.\n\nDiagnosis of narcissistic personality disorder typically is based on:\n\n<ul>\n<li>Signs and symptoms</li>\n<li>A physical exam to make sure you don't have a physical problem causing your symptoms</li>\n<li>A thorough psychological evaluation that may include filling out questionnaires</li>\n<li>Criteria in the Diagnostic and Statistical Manual of Mental Disorders (DSM-5), published by the American Psychiatric Association</li>\n</ul>", 
    "Id": "syc-20366662", 
    "Lifestyle and home remedies": "You may feel defensive about treatment or think it's unnecessary. The nature of narcissistic personality disorder can also leave you feeling that therapy is not worth your time and attention, and you may be tempted to quit. But it's important to:\n\n<ul>\n<li>Keep an open mind. Focus on the rewards of treatment.</li>\n<li>Stick to your treatment plan. Attend scheduled therapy sessions and take any medications as directed. Remember, it can be hard work and you may have occasional setbacks.</li>\n<li>Get treatment for alcohol or drug misuse or other mental health problems. Your addictions, depression, anxiety and stress can feed off each other, leading to a cycle of emotional pain and unhealthy behavior.</li>\n<li>Stay focused on your goal. Stay motivated by keeping your goals in mind and reminding yourself that you can work to repair damaged relationships and become more content with your life.</li>\n</ul>", 
    "Overview": "Narcissistic personality disorder  \u2014 one of several types of personality disorders \u2014 is a mental condition in which people have an inflated sense of their own importance, a deep need for excessive attention and admiration, troubled relationships, and a lack of empathy for others. But behind this mask of extreme confidence lies a fragile self-esteem that's vulnerable to the slightest criticism.\n\nA narcissistic personality disorder causes problems in many areas of life, such as relationships, work, school or financial affairs. People with narcissistic personality disorder may be generally unhappy and disappointed when they're not given the special favors or admiration they believe they deserve. They may find their relationships unfulfilling, and others may not enjoy being around them.\n\nTreatment for narcissistic personality disorder centers around talk therapy (psychotherapy).", 
    "Preparing for your appointment": "You may start by seeing your doctor, or your doctor may refer you to a mental health provider, such as a psychiatrist or psychologist.\n\n<b>What you can do</b>\nBefore your appointment, make a list of:\n\n<ul>\n<li>Any symptoms you're experiencing and for how long, to help determine what kinds of events are likely to make you feel angry or upset</li>\n<li>Key personal information, including traumatic events in your past and any current major stressors</li>\n<li>Your medical information, including other physical or mental health conditions with which you've been diagnosed</li>\n<li>Any medications, vitamins, herbs or other supplements you're taking, and the dosages</li>\n<li>Questions to ask your mental health provider so that you can make the most of your appointment</li>\n</ul>\n\n\nTake a trusted family member or friend along, if possible, to help remember the details. In addition, someone who has known you for a long time may be able to ask helpful questions or share important information.\n\nSome basic questions to ask your mental health provider include:\n\n<ul>\n<li>What type of disorder do you think I have?</li>\n<li>Could I have other mental health conditions?</li>\n<li>What is the goal of treatment?</li>\n<li>What treatments are most likely to be effective for me?</li>\n<li>How much do you expect my quality of life may improve with treatment?</li>\n<li>How often will I need therapy sessions, and for how long?</li>\n<li>Would family or group therapy be helpful in my case?</li>\n<li>Are there medications that can help my symptoms?</li>\n<li>I have these other health conditions. How can I best manage them together?</li>\n<li>Are there any brochures or other printed materials that I can have? What websites do you recommend?</li>\n</ul>\n\n\nDon't hesitate to ask any other questions during your appointment.\n\n<b>What to expect from your mental health provider</b>\nTo better understand your symptoms and how they're affecting your life, your mental health provider may ask:\n\n<ul>\n<li>What are your symptoms?</li>\n<li>When do these symptoms occur, and how long do they last?</li>\n<li>How do your symptoms affect your life, including school, work and personal relationships?</li>\n<li>How do you feel \u2014 and act \u2014 when others seem to criticize or reject you?</li>\n<li>Do you have any close personal relationships? If not, why do you think that is?</li>\n<li>What are your major accomplishments?</li>\n<li>What are your major goals for the future?</li>\n<li>How do you feel when someone needs your help?</li>\n<li>How do you feel when someone expresses difficult feelings, such as fear or sadness, to you?</li>\n<li>How would you describe your childhood, including your relationship with your parents?</li>\n<li>Have any of your close relatives been diagnosed with a mental health disorder, such as a personality disorder?</li>\n<li>Have you been treated for any other mental health problems? If yes, what treatments were most effective?</li>\n<li>Do you use alcohol or street drugs? How often?</li>\n<li>Are you currently being treated for any other medical conditions?</li>\n</ul>", 
    "Prevention": "Because the cause of narcissistic personality disorder is unknown, there's no known way to prevent the condition. However, it may help to:\n\n<ul>\n<li>Get treatment as soon as possible for childhood mental health problems</li>\n<li>Participate in family therapy to learn healthy ways to communicate or to cope with conflicts or emotional distress</li>\n<li>Attend parenting classes and seek guidance from therapists or social workers if needed</li>\n</ul>", 
    "Risk factors": "Narcissistic personality disorder affects more males than females, and it often begins in the teens or early adulthood. Keep in mind that, although some children may show traits of narcissism, this may simply be typical of their age and doesn't mean they'll go on to develop narcissistic personality disorder.\n\nAlthough the cause of narcissistic personality disorder isn't known, some researchers think that in biologically vulnerable children, parenting styles that are overprotective or neglectful may have an impact. Genetics and neurobiology also may play a role in development of narcissistic personality disorder.", 
    "Symptoms": "Signs and symptoms of narcissistic personality disorder and the severity of symptoms vary. People with the disorder can:\n\n<ul>\n<li>Have an exaggerated sense of self-importance</li>\n<li>Have a sense of entitlement and require constant, excessive admiration</li>\n<li>Expect to be recognized as superior even without achievements that warrant it</li>\n<li>Exaggerate achievements and talents</li>\n<li>Be preoccupied with fantasies about success, power, brilliance, beauty or the perfect mate</li>\n<li>Believe they are superior and can only associate with equally special people</li>\n<li>Monopolize conversations and belittle or look down on people they perceive as inferior</li>\n<li>Expect special favors and unquestioning compliance with their expectations</li>\n<li>Take advantage of others to get what they want</li>\n<li>Have an inability or unwillingness to recognize the needs and feelings of others</li>\n<li>Be envious of others and believe others envy them</li>\n<li>Behave in an arrogant or haughty manner, coming across as conceited, boastful and pretentious</li>\n<li>Insist on having the best of everything \u2014 for instance, the best car or office</li>\n</ul>\n\n\nAt the same time, people with narcissistic personality disorder have trouble handling anything they perceive as criticism, and they can:\n\n<ul>\n<li>Become impatient or angry when they don't receive special treatment</li>\n<li>Have significant interpersonal problems and easily feel slighted</li>\n<li>React with rage or contempt and try to belittle the other person to make themselves appear superior</li>\n<li>Have difficulty regulating emotions and behavior</li>\n<li>Experience major problems dealing with stress and adapting to change</li>\n<li>Feel depressed and moody because they fall short of perfection</li>\n<li>Have secret feelings of insecurity, shame, vulnerability and humiliation</li>\n</ul>\n\n\n<b>When to see a doctor</b>\nPeople with narcissistic personality disorder may not want to think that anything could be wrong, so they may be unlikely to seek treatment. If they do seek treatment, it's more likely to be for symptoms of depression, drug or alcohol use, or another mental health problem. But perceived insults to self-esteem may make it difficult to accept and follow through with treatment.\n\nIf you recognize aspects of your personality that are common to narcissistic personality disorder or you're feeling overwhelmed by sadness, consider reaching out to a trusted doctor or mental health provider. Getting the right treatment can help make your life more rewarding and enjoyable.", 
    "Title": "Narcissistic personality disorder", 
    "Treatment": "Treatment for narcissistic personality disorder is talk therapy (psychotherapy). Medications may be included in your treatment if you have other mental health conditions.\n\n<b>Psychotherapy</b>\nNarcissistic personality disorder treatment is centered around talk therapy, also called psychotherapy. Psychotherapy can help you:\n\n<ul>\n<li>Learn to relate better with others so your relationships are more intimate, enjoyable and rewarding</li>\n<li>Understand the causes of your emotions and what drives you to compete, to distrust others, and perhaps to despise yourself and others</li>\n</ul>\n\n\nAreas of change are directed at helping you accept responsibility and learning to:\n\n<ul>\n<li>Accept and maintain real personal relationships and collaboration with co-workers</li>\n<li>Recognize and accept your actual competence and potential so you can tolerate criticisms or failures</li>\n<li>Increase your ability to understand and regulate your feelings</li>\n<li>Understand and tolerate the impact of issues related to your self-esteem</li>\n<li>Release your desire for unattainable goals and ideal conditions and gain an acceptance of what's attainable and what you can accomplish</li>\n</ul>\n\n\nTherapy can be short term to help you manage during times of stress or crisis, or can be provided on an ongoing basis to help you achieve and maintain your goals. Often, including family members or significant others in therapy can be helpful.\n\n<b>Medications</b>\nThere are no medications specifically used to treat narcissistic personality disorder. However, if you have symptoms of depression, anxiety or other conditions, medications such as antidepressants or anti-anxiety drugs may be helpful."
}