{
    "Aliases": [], 
    "Causes": "Penicillin allergy occurs when your immune system becomes hypersensitive to the drug \u2014 mistakenly reacting to the drug as a harmful substance, as if it were a viral or bacterial infection.\n\nBefore the immune system can become sensitive to penicillin, you have to be exposed to the medication at least once. If and when your immune system misidentifies penicillin as a harmful substance, it develops an antibody to the drug.\n\nThe next time you take the drug, these specific antibodies flag it and direct immune system attacks on the substance. Chemicals released by this activity cause the signs and symptoms associated with an allergic reaction.\n\nPrevious exposure to penicillin may not be obvious. Some evidence suggests that trace amounts of it in the food supply may be sufficient for a person's immune system to create an antibody to it.\n\n<b>Penicillins and related drugs</b>\nPenicillins belong to a class of antibacterial drugs called beta-lactam antibiotics. Although the mechanisms of the drugs vary, generally they fight infections by attacking the walls of bacterial cells. In addition to penicillins, other beta-lactams more commonly associated with allergic reactions are a group called cephalosporins.\n\nIf you've had an allergic reaction to one type of penicillin, you may be \u2014 but are not necessarily \u2014 allergic to other types of penicillin or to some cephalosporins.\n\nPenicillins include:\n\n<ul>\n<li>Amoxicillin</li>\n<li>Ampicillin</li>\n<li>Dicloxacillin</li>\n<li>Nafcillin</li>\n<li>Oxacillin</li>\n<li>Penicillin G</li>\n<li>Penicillin V</li>\n<li>Piperacillin</li>\n<li>Ticarcillin</li>\n</ul>\n\n\nCephalosporins include:\n\n<ul>\n<li>Cefaclor</li>\n<li>Cefadroxil</li>\n<li>Cefazolin</li>\n<li>Cefdinir</li>\n<li>Cefotetan</li>\n<li>Cefprozil</li>\n<li>Cefuroxime</li>\n<li>Cephalexin (Keflex)</li>\n<li>Cefepime (Maxipine)</li>\n</ul>", 
    "Diagnosis": "A thorough exam and appropriate diagnostic tests are essential for an accurate diagnosis. A misdiagnosed penicillin allergy may result in the use of less-appropriate or more-expensive antibiotics.\n\nYour doctor will conduct a physical examination, ask questions about your symptoms, and order additional tests. You may be referred to an allergy specialist (allergist) for these tests. These may include the following.\n\n<b>Skin tests</b>\nWith a skin test, the allergist or nurse administers a small amount of the suspect penicillin to your skin with a tiny needle. A positive reaction to a test will cause a red, itchy, raised bump.\n\nA positive result indicates a high likelihood of penicillin allergy. A negative test result usually means you're not allergic to penicillin, but a negative result is more difficult to interpret because some kinds of drug reactions cannot be detected by skin tests.\n\n<b>Graded challenge</b>\nIf the diagnosis of a penicillin allergy is uncertain, a graded drug challenge may be recommended. With this procedure, you receive up to five doses of the suspect penicillin, starting with a small dose and increasing to the desired dose. If you reach the therapeutic dose with no reaction, then your doctor will conclude you aren't allergic to that type of penicillin. You will be able to take the drug as prescribed.\n\nIf you are allergic to one type of penicillin, your doctor may recommend a graded challenge with a type of penicillin or cephalosporin that's less likely \u2014 because of known chemical properties \u2014 to cause an allergic reaction. This would enable your doctor to identify an antibiotic that can be used safely.\n\nDuring a drug challenge, your doctor provides careful supervision, and supportive care services are available to treat an adverse reaction.", 
    "Id": "syc-20376222", 
    "Overview": "Penicillin allergy is an abnormal reaction of your immune system to the antibiotic drug penicillin. Penicillin is prescribed for treating various bacterial infections.\n\nCommon signs and symptoms of penicillin allergy include hives, rash and itching. Severe reactions include anaphylaxis, a life-threatening condition that affects multiple body systems.\n\nResearch has shown that penicillin allergies may be over-reported \u2014 a problem that can result in the use of less-appropriate and more-expensive antibiotic treatments. Therefore, an accurate diagnosis is needed when penicillin allergy is suspected to ensure the best treatment options in the future.\n\nOther antibiotics, particularly those with chemical properties similar to penicillin, also can result in allergic reactions.", 
    "Preparing for your appointment": "Be prepared to answer the following questions. These details will be important in helping your doctor determine the cause of your symptoms.\n\n<ul>\n<li>What symptoms did you experience?</li>\n<li>What is the name of the penicillin or other antibiotic you were taking?</li>\n<li>Why were you prescribed the drug?</li>\n<li>Have you had these symptoms in the past when you weren't taking this drug?</li>\n<li>How long after taking penicillin did the symptoms begin?</li>\n<li>How long did the symptoms last?</li>\n<li>Have you stopped taking the drug?</li>\n<li>What other drugs, herbal medications, vitamins or other dietary supplements do you take?</li>\n<li>At what time of day do you take your other medications or supplements?</li>\n<li>Have you increased the dosage of any regular drug or supplement?</li>\n<li>Have you stopped taking your regular medications or supplements?</li>\n<li>Did you take anything to treat your symptoms, and what was the effect?</li>\n<li>Have you had a reaction to any drug in the past? If so, what drug was it?</li>\n<li>Do you have hay fever, food allergy or other allergies?</li>\n<li>Is there a history of penicillin or other drug allergies in your family?</li>\n</ul>\n\n\nYou may want to take pictures of any condition, such as a rash or swelling, to show your doctor. These may help your doctor if symptoms have subsided by the time of your appointment.", 
    "Prevention": "If you have a penicillin allergy, the best prevention is to avoid the drug. Steps you can take to protect yourself include the following:\n\n<ul>\n<li>Inform health care workers. Be sure that your penicillin allergy or other antibiotic allergy is clearly identified in your medical records. Inform other health care providers, such as your dentist or any medical specialist.</li>\n<li>Wear a bracelet. Wear a medical alert bracelet that identifies your drug allergy. This information can ensure proper treatment in an emergency.</li>\n<li>Carry emergency epinephrine. If your allergy has caused anaphylaxis or other severe reactions, your doctor will likely prescribe a self-injecting syringe and needle device (epinephrine autoinjector). Your doctor or a member of the clinical staff will train you on how to use an autoinjector (Adrenaclick, AUVI-Q, EpiPen, others).</li>\n</ul>", 
    "Risk factors": "While anyone can have an allergic reaction to penicillin, a few factors can increase your risk. These include:\n\n<ul>\n<li>A history of other allergies, such as food allergy or hay fever</li>\n<li>Allergic reaction to another drug</li>\n<li>A family history of drug allergy</li>\n<li>Increased exposure to penicillin, because of high doses, repetitive use or prolonged use</li>\n<li>Certain illnesses commonly associated with allergic drug reactions, such as infection with HIV or the Epstein-Barr virus</li>\n</ul>", 
    "Symptoms": "Signs and symptoms of penicillin allergy often occur within an hour after taking the drug. Less commonly, reactions can occur hours, days or weeks later.\n\nPenicillin allergy signs and symptoms may include:\n\n<ul>\n<li>Skin rash</li>\n<li>Hives</li>\n<li>Itching</li>\n<li>Fever</li>\n<li>Swelling</li>\n<li>Shortness of breath</li>\n<li>Wheezing</li>\n<li>Runny nose</li>\n<li>Itchy, watery eyes</li>\n<li>Anaphylaxis</li>\n</ul>\n\n\n<b>Anaphylaxis</b>\nAnaphylaxis is a rare, life-threatening allergic reaction that causes the widespread dysfunction of body systems. Signs and symptoms of anaphylaxis include:\n\n<ul>\n<li>Tightening of the airways and throat, causing trouble breathing</li>\n<li>Nausea or abdominal cramps</li>\n<li>Vomiting or diarrhea</li>\n<li>Dizziness or lightheadedness</li>\n<li>Weak, rapid pulse</li>\n<li>Drop in blood pressure</li>\n<li>Seizures</li>\n<li>Loss of consciousness</li>\n</ul>\n\n\n<b>Other conditions resulting from penicillin allergy</b>\nLess-common penicillin allergy reactions occur days or weeks after exposure to the drug and may persist for some time after you stop taking it. These conditions include:\n\n<ul>\n<li>Serum sickness, which may cause fever, joint pain, rash, swelling and nausea</li>\n<li>Drug-induced anemia, a reduction in red blood cells, which can cause fatigue, irregular heartbeats, shortness of breath and other signs and symptoms</li>\n<li>Drug reaction with eosinophilia and systemic symptoms (DRESS), which results in rash, high white blood cell counts, general swelling, swollen lymph nodes and recurrence of dormant hepatitis infection</li>\n<li>Inflammation in the kidneys (nephritis), which can cause fever, blood in the urine, general swelling, confusion and other signs and symptoms</li>\n</ul>\n\n\n<b>Adverse events that are not allergic reactions</b>\nYou may experience side effects of penicillin \u2014 as happens with other medications \u2014 that are not an allergic reaction to the drug. Depending on the type of penicillin, common side effects may include mild nausea or diarrhea, headache, or vaginal itching. Signs or symptoms of an infection for which you are being treated \u2014 or unrelated symptoms \u2014 also may be mistaken as an allergic drug reaction.\n\n<b>When to see a doctor</b>\nSee your doctor as soon as possible if you experience signs or symptoms of penicillin allergy. It's important to understand and discuss what is an allergic reaction, what is a typical side effect and what you can tolerate in taking a medication.\n\nCall 911 or emergency medical help if you experience signs of a severe reaction or suspected anaphylaxis after taking penicillin.", 
    "Title": "Penicillin allergy", 
    "Treatment": "Interventions for a penicillin allergy can be divided into two general strategies:\n\n<ul>\n<li>Treatment for the current allergy symptoms</li>\n<li>Desensitization to penicillin</li>\n</ul>\n\n\n<b>Treating current symptoms</b>\nThe following interventions may be used to treat the symptoms of an allergic reaction to penicillin:\n\n<ul>\n<li>Withdrawal of the drug. If your doctor determines that you have a penicillin allergy \u2014 or likely allergy \u2014 discontinuing the drug is the first step in treatment.</li>\n<li>Antihistamines. Your doctor may prescribe an antihistamine or recommend an over-the-counter antihistamine such as diphenhydramine (Benadryl) that can block immune system chemicals activated during an allergic reaction.</li>\n<li>Corticosteroids. Either oral or injected corticosteroids may be used to treat inflammation associated with more-serious reactions.</li>\n<li>Treatment of anaphylaxis. Anaphylaxis requires an immediate epinephrine injection as well as hospital care to maintain blood pressure and support breathing.</li>\n</ul>\n\n\n<b>Drug desensitization</b>\nIf there are no other antibiotic treatment options available, your doctor may recommend a treatment called drug desensitization that would enable you to take a course of penicillin to treat an infection. With this treatment, you receive a very small dose and then progressively larger doses every 15 to 30 minutes over the course of several hours or a few days. If you can reach the desired dosage with no reaction, then you can continue the treatment.\n\nIt's important to take the drug as directed to maintain your tolerance to it during the entire course of treatment. If you need penicillin in the future, you will need to repeat the desensitization treatment.\n\nYou're carefully monitored during the intervention, and supportive care is available to treat reactions. Desensitization is rarely used if penicillin has caused a severe, life-threatening reaction in the past."
}