{
    "Aliases": [], 
    "Causes": "Nerve cells (neurons) in the brain create, send and receive electrical impulses, which allow the brain's nerve cells to communicate. Anything that disrupts these communication pathways can lead to a seizure.\n\nThe most common cause of seizures is epilepsy. But not every person who has a seizure has epilepsy. Sometimes seizures happen because of:\n\n<ul>\n<li>High fever, which can be associated with an infection such as meningitis</li>\n<li>Lack of sleep</li>\n<li>Low blood sodium (hyponatremia), which can happen with diuretic therapy</li>\n<li>Medications, such as certain pain relievers, antidepressants or smoking cessation therapies, that lower the seizure threshold</li>\n<li>Head trauma that causes an area of bleeding in the brain</li>\n<li>Stroke</li>\n<li>Brain tumor</li>\n<li>Illegal or recreational drugs, such as amphetamines or cocaine</li>\n<li>Alcohol abuse, during times of withdrawal or extreme intoxication</li>\n</ul>", 
    "Clinical trials": "Explore Mayo Clinic studies testing new treatments, interventions and tests as a means to prevent, detect, treat or manage this disease.", 
    "Complications": "Having a seizure at certain times can lead to circumstances that are dangerous for you or others. You might be at risk of:\n\n<ul>\n<li>Falling. If you fall during a seizure, you can injure your head or break a bone.</li>\n<li>Drowning. If you have a seizure while swimming or bathing, you're at risk of accidental drowning.</li>\n<li>Car accidents. A seizure that causes either loss of awareness or control can be dangerous if you're driving a car or operating other equipment.</li>\n<li>Pregnancy complications. Seizures during pregnancy pose dangers to both mother and baby, and certain anti-epileptic medications increase the risk of birth defects. If you have epilepsy and plan to become pregnant, work with your doctor so that he or she can adjust your medications and monitor your pregnancy, as needed.</li>\n<li>Emotional health issues. People with seizures are more likely to have psychological problems, such as depression and anxiety. Problems may be a result of difficulties dealing with the condition itself as well as medication side effects.</li>\n</ul>", 
    "Coping and support": "If you're living with a seizure disorder, you may feel anxious or stressed about what your future holds. Stress can affect your mental health, so it's important to talk with your health care professional about your feelings and seek ways you can find help.\n\n<b>At home</b>\nYour family can provide much-needed support. Tell them what you know about your seizure disorder. Let them know they can ask you questions, and be open to conversations about their worries. Help them understand your condition by sharing any educational materials or other resources that your health care professional has given you.\n\n<b>At work</b>\nMeet with your supervisor and talk about your seizure disorder and how it affects you. Discuss what you need from your supervisor or co-workers if a seizure happens while at work. Consider talking with your co-workers about seizure disorders \u2014 you can widen your support system and bring about acceptance and understanding.\n\n<b>You're not alone</b>\nRemember, you don't have to go it alone. Reach out to family and friends. Ask your health care professional about local support groups or join an online support community. Don't be afraid to ask for help. Having a strong support system is important to living with any medical condition.", 
    "Diagnosis": "After a seizure, your doctor will thoroughly review your symptoms and medical history. Your doctor may order several tests to determine the cause of your seizure and evaluate how likely it is that you'll have another one.\n\nTests may include:\n\n<ul>\n<li>A neurological exam. Your doctor may test your behavior, motor abilities and mental function to determine if you have a problem with your brain and nervous system.</li>\n<li>Blood tests. Your doctor may take a blood sample to check for signs of infections, genetic conditions, blood sugar levels or electrolyte imbalances.</li>\n<li>Lumbar puncture. If your doctor suspects an infection as the cause of a seizure, you may need to have a sample of cerebrospinal fluid removed for testing.</li>\n<li>An electroencephalogram (EEG). In this test, doctors attach electrodes to your scalp with a paste-like substance. The electrodes record the electrical activity of your brain, which shows up as wavy lines on an EEG recording. The EEG may reveal a pattern that tells doctors whether a seizure is likely to occur again. EEG testing may also help your doctor exclude other conditions that mimic epilepsy as a reason for your seizure. Depending on the details of your seizures, this test may be done as an outpatient in the clinic, overnight at home with an ambulatory device or over a few nights in the hospital.</li>\n<li>Computerized tomography (CT). A CT scan uses X-rays to obtain cross-sectional images of your brain. CT scans can reveal abnormalities in your brain that might cause a seizure, such as tumors, bleeding and cysts.</li>\n<li>Magnetic resonance imaging (MRI). An MRI scan uses powerful magnets and radio waves to create a detailed view of your brain. Your doctor may be able to detect lesions or abnormalities in your brain that could lead to seizures.</li>\n<li>Positron emission tomography (PET). A PET scan uses a small amount of low-dose radioactive material that's injected into a vein to help visualize active areas of the brain and detect abnormalities.</li>\n<li>Single-photon emission computerized tomography (SPECT). A SPECT test uses a small amount of low-dose radioactive material that's injected into a vein to create a detailed, 3-D map of the blood flow activity in your brain that happens during a seizure. Doctors also may conduct a form of a SPECT test called subtraction ictal SPECT coregistered to MRI (SISCOM), which may provide even more-detailed results. This test is usually done in a hospital with overnight EEG recording.</li>\n</ul>", 
    "Id": "syc-20365711", 
    "Lifestyle and home remedies": "Here are some steps you can take to help with seizure control:\n\n<ul>\n<li>Take medication correctly. Don't adjust the dosage before talking to your doctor. If you feel your medication should be changed, discuss it with your doctor.</li>\n<li>Get enough sleep. Lack of sleep can trigger seizures. Be sure to get adequate rest every night.</li>\n<li>Wear a medical alert bracelet. This will help emergency personnel know how to treat you correctly if you have another seizure.</li>\n<li>Be active. Exercising and being active may help keep you physically healthy and reduce depression. Make sure to drink enough water and rest if you get tired during exercise.</li>\n<li>Make healthy life choices. Managing stress, limiting alcoholic beverages and avoiding cigarettes all factor in to a healthy lifestyle.</li>\n</ul>\n\n\n<b>Personal safety</b>\nSeizures don't usually result in serious injury, but if you have recurrent seizures, injury is a possibility. These steps can help you avoid injury during a seizure:\n\n<ul>\n<li>Take care near water. Don't swim alone or relax in a boat without someone nearby.</li>\n<li>Wear a helmet for protection during activities such as bike riding or sports participation.</li>\n<li>Take showers instead of baths, unless someone is near you.</li>\n<li>Modify your furnishings. Pad sharp corners, buy furniture with rounded edges and choose chairs that have arms to keep you from falling off the chair. Consider carpet with thick padding to protect you if you do fall.</li>\n<li>Display seizure first-aid tips in a place where people can easily see them. Include any important phone numbers there, too.</li>\n</ul>\n\n\n<b>Seizure first aid</b>\nIt's helpful to know what to do if you witness someone having a seizure. If you're at risk of having seizures in the future, pass this information along to family, friends and co-workers so that they know what to do if you have a seizure.\n\nTo help someone during a seizure, take these steps:\n\n<ul>\n<li>Carefully roll the person onto one side</li>\n<li>Place something soft under his or her head</li>\n<li>Loosen tight neckwear</li>\n<li>Avoid putting your fingers or other objects in the person's mouth</li>\n<li>Don't try to restrain someone having a seizure</li>\n<li>Clear away dangerous objects, if the person is moving</li>\n<li>Stay with the person until medical personnel arrive</li>\n<li>Observe the person closely so that you can provide details on what happened</li>\n<li>Time the seizure</li>\n<li>Stay calm</li>\n</ul>", 
    "Overview": "A seizure is a sudden, uncontrolled electrical disturbance in the brain. It can cause changes in your behavior, movements or feelings, and in levels of consciousness. If you have two or more seizures or a tendency to have recurrent seizures, you have epilepsy.\n\nThere are many types of seizures, which range in severity. Seizure types vary by where and how they begin in the brain. Most seizures last from 30 seconds to two minutes. A seizure that lasts longer than five minutes is a medical emergency.\n\nSeizures are more common than you might think. Seizures can happen after a stroke, a closed head injury, an infection such as meningitis or another illness. Many times, though, the cause of a seizure is unknown.\n\nMost seizure disorders can be controlled with medication, but management of seizures can still have a significant impact on your daily life. The good news is you can work with your health care professional to balance seizure control and medication side effects.\n\nSeizure care at Mayo Clinic", 
    "Preparing for your appointment": "In some cases, seizures need immediate medical attention, and there's not always time to prepare for an appointment.\n\nIn other cases, your first appointment to evaluate a seizure may be with your family doctor or a general practitioner. Or you may be referred to a specialist, such as a doctor trained in brain and nervous system conditions (neurologist) or a neurologist trained in epilepsy (epileptologist).\n\nTo prepare for your appointment, consider what you can do to get ready and understand what to expect from your doctor.\n\n<b>What you can do</b>\n<ul>\n<li>Record information about the seizure. Include the time, location, symptoms you experienced and how long it lasted, if you know these details. Seek input from anyone who may have seen the seizure, such as a family member, friend or co-worker, so that you can record information you may not know.</li>\n<li>Be aware of any pre-appointment restrictions. At the time you make the appointment, ask if there's anything you need to do in advance to be ready for any medical tests or exams.</li>\n<li>Write down key personal information, including any major stresses or recent life changes.</li>\n<li>Make a list of all medications, vitamins or supplements that you're taking, including dosages.</li>\n<li>Take a family member or friend along, to help you remember all the information provided during an appointment. Also, because you may not be aware of everything that happens when you're having a seizure, your doctor may want to ask questions of someone who was a witness.</li>\n<li>Write down questions to ask your doctor. Preparing a list of questions will help you make the most of your time with your doctor.</li>\n</ul>\n\n\nFor seizures, some basic questions to ask your doctor include:\n\n<ul>\n<li>What do you think caused my seizure?</li>\n<li>Do I need to have any tests done?</li>\n<li>What treatment approach do you recommend?</li>\n<li>What are the alternatives to the primary approach that you're suggesting?</li>\n<li>How likely is it that I might have another seizure?</li>\n<li>How can I make sure that I don't hurt myself if I have another seizure?</li>\n<li>I have these other health conditions. How can I best manage them together?</li>\n<li>Are there any restrictions that I need to follow?</li>\n<li>Should I see a specialist? What will that cost, and will my insurance cover it?</li>\n<li>Is there a generic alternative to the medicine you're prescribing?</li>\n<li>Are there any brochures or other printed material that I can take home with me? What websites do you recommend?</li>\n</ul>\n\n\nIn addition to the questions that you've prepared to ask your doctor, don't hesitate to ask questions during your appointment at any time that you don't understand something.\n\n<b>What to expect from your doctor</b>\nYour doctor is likely to ask you a number of questions:\n\n<ul>\n<li>Can you describe your seizure episode?</li>\n<li>Where were you and what happened right before it started?</li>\n<li>Was anyone there to witness what happened?</li>\n<li>What do you remember feeling just before the seizure? What about right after the seizure?</li>\n<li>What symptoms did you experience?</li>\n<li>How long did the seizure last?</li>\n<li>Have you ever had a seizure or other neurological problem in the past?</li>\n<li>Do you have any family members who have been diagnosed with a seizure disorder or epilepsy?</li>\n<li>Have you recently traveled outside the country?</li>\n</ul>", 
    "Symptoms": "With a seizure, signs and symptoms can range from mild to severe and vary depending on the type of seizure. Seizure signs and symptoms may include:\n\n<ul>\n<li>Temporary confusion</li>\n<li>A staring spell</li>\n<li>Uncontrollable jerking movements of the arms and legs</li>\n<li>Loss of consciousness or awareness</li>\n<li>Cognitive or emotional symptoms, such as fear, anxiety or deja vu</li>\n</ul>\n\n\nDoctors generally classify seizures as either focal or generalized, based on how and where abnormal brain activity begins. Seizures may also be classified as unknown onset, if how the seizure began isn't known.\n\n<b>Focal seizures</b>\nFocal seizures result from abnormal electrical activity in one area of your brain. Focal seizures can occur with or without loss of consciousness:\n\n<ul>\n<li>Focal seizures with impaired awareness. These seizures involve a change or loss of consciousness or awareness. You may stare into space and not respond normally to your environment or perform repetitive movements, such as hand rubbing, chewing, swallowing or walking in circles.</li>\n<li>Focal seizures without loss of consciousness. These seizures may alter emotions or change the way things look, smell, feel, taste or sound, but you don't lose consciousness. These seizures may also result in the involuntary jerking of a body part, such as an arm or leg, and spontaneous sensory symptoms such as tingling, dizziness and flashing lights.</li>\n</ul>\n\n\nSymptoms of focal seizures may be confused with other neurological disorders, such as migraine, narcolepsy or mental illness.\n\n<b>Generalized seizures</b>\nSeizures that appear to involve all areas of the brain are called generalized seizures. Different types of generalized seizures include:\n\n<ul>\n<li>Absence seizures. Absence seizures, previously known as petit mal seizures, often occur in children and are characterized by staring into space or by subtle body movements, such as eye blinking or lip smacking. These seizures may occur in clusters and cause a brief loss of awareness.</li>\n<li>Tonic seizures. Tonic seizures cause stiffening of your muscles. These seizures usually affect muscles in your back, arms and legs and may cause you to fall to the ground.</li>\n<li>Atonic seizures. Atonic seizures, also known as drop seizures, cause a loss of muscle control, which may cause you to suddenly collapse or fall down.</li>\n<li>Clonic seizures. Clonic seizures are associated with repeated or rhythmic, jerking muscle movements. These seizures usually affect the neck, face and arms.</li>\n<li>Myoclonic seizures. Myoclonic seizures usually appear as sudden brief jerks or twitches of your arms and legs.</li>\n<li>Tonic-clonic seizures. Tonic-clonic seizures, previously known as grand mal seizures, are the most dramatic type of epileptic seizure and can cause an abrupt loss of consciousness, body stiffening and shaking, and sometimes loss of bladder control or biting your tongue.</li>\n</ul>\n\n\n<b>When to see a doctor</b>\nSeek immediate medical help if any of the following occurs:\n\n<ul>\n<li>The seizure lasts more than five minutes.</li>\n<li>Breathing or consciousness doesn't return after the seizure stops.</li>\n<li>A second seizure follows immediately.</li>\n<li>You have a high fever.</li>\n<li>You're experiencing heat exhaustion.</li>\n<li>You're pregnant.</li>\n<li>You have diabetes.</li>\n<li>You've injured yourself during the seizure.</li>\n</ul>\n\n\nIf you experience a seizure for the first time, seek medical advice.", 
    "Title": "Seizures", 
    "Treatment": "Not everyone who has one seizure will have another one, and because a seizure can be an isolated incident, your doctor may not decide to start treatment until you've had more than one.\n\nThe optimal goal in seizure treatment is to find the best possible therapy to stop seizures, with the fewest side effects.\n\n<b>Medication</b>\nTreatment for seizures often involves the use of anti-seizure medications. Several options exist for anti-seizure medications. The goal is to find the medicine that works best for you and that causes the fewest side effects. In some cases, your doctor might recommend more than one medication.\n\nFinding the right medication and dosage can be complex. Your doctor will consider your condition, your frequency of seizures, your age and other factors when choosing which medication to prescribe. Your doctor will also review any other medications you may be taking, to ensure the anti-epileptic medications won't interact with them.\n\n<b>Surgery and other therapies</b>\nIf anti-seizure medications aren't effective, other treatments may be an option:\n\n<ul>\n<li>Surgery. The goal of surgery is to stop seizures from happening. Surgeons locate and remove the area of your brain where seizures begin. Surgery works best for people who have seizures that always originate in the same place in their brains.</li>\n<li>Vagus nerve stimulation. A device implanted underneath the skin of your chest stimulates the vagus nerve in your neck, sending signals to your brain that inhibit seizures. With vagus nerve stimulation, you may still need to take medication, but you may be able to lower the dose.</li>\n<li>Responsive neurostimulation. During responsive neurostimulation, a device implanted on the surface of your brain or within brain tissue can detect seizure activity and deliver an electrical stimulation to the detected area to stop the seizure.</li>\n<li>Deep brain stimulation. Doctors implant electrodes within certain areas of your brain to produce electrical impulses that regulate abnormal brain activity. The electrodes attach to a pacemaker-like device placed under the skin of your chest, which controls the amount of stimulation produced.</li>\n<li>Dietary therapy. Following a diet that's high in fat and low in carbohydrates, known as a ketogenic diet, can improve seizure control. Variations on a high-fat, low-carbohydrate diet, such as the low glycemic index and modified Atkins diets, though less effective, aren't as restrictive as the ketogenic diet and may provide benefit.</li>\n</ul>\n\n\n<b>Pregnancy and seizures</b>\nWomen who've had previous seizures typically are able to have healthy pregnancies. Birth defects related to certain medications can sometimes occur.\n\nIn particular, valproic acid \u2014 one possible medication for generalized seizures \u2014 has been associated with cognitive deficits and neural tube defects, such as spina bifida. The American Academy of Neurology recommends that women avoid using valproic acid during pregnancy because of risks to the baby. Discuss these risks with your doctor. Because of the risk of birth defects and because pregnancy can alter medication levels, preconception planning is particularly important for women who've had seizures.\n\nIn some cases, it may be appropriate to change the dose of seizure medication before or during pregnancy. Medications may be switched in rare cases.\n\n<b>Contraception and anti-seizure medications</b>\nSome anti-seizure medications can alter the effectiveness of birth control (oral contraceptive) medication. If contraception is a high priority, check with your doctor to evaluate whether your medication interacts with your oral contraceptive, and if other forms of contraception need to be considered."
}