{
    "Aliases": [], 
    "Causes": "Many people carry staph bacteria and never develop staph infections. However, if you develop a staph infection, there's a good chance that it's from bacteria you've been carrying around for some time.\n\nThese bacteria can also be transmitted from person to person. Because staph bacteria are so hardy, they can live on inanimate objects such as pillowcases or towels long enough to transfer to the next person who touches them.\n\nStaph bacteria are able to survive:\n\n<ul>\n<li>Drying</li>\n<li>Extremes of temperature</li>\n<li>Stomach acid</li>\n<li>High levels of salt</li>\n</ul>", 
    "Clinical trials": "Explore Mayo Clinic studies testing new treatments, interventions and tests as a means to prevent, detect, treat or manage this disease.", 
    "Complications": "If staph bacteria invade your bloodstream, you may develop a type of infection that affects your entire body. Called sepsis, this infection can lead to septic shock \u2014 a life-threatening episode with extremely low blood pressure.", 
    "Diagnosis": "To diagnose a staph infection, your doctor will:\n\n<ul>\n<li>Perform a physical exam. During the exam, your doctor will closely examine any skin lesions you may have.</li>\n<li>Collect a sample for testing. Most often, doctors diagnose staph infections by checking a tissue sample or nasal secretions for signs of the bacteria.</li>\n</ul>", 
    "Id": "syc-20356221", 
    "Overview": "Staph infections are caused by staphylococcus bacteria, types of germs commonly found on the skin or in the nose of even healthy individuals. Most of the time, these bacteria cause no problems or result in relatively minor skin infections.\n\nBut staph infections can turn deadly if the bacteria invade deeper into your body, entering your bloodstream, joints, bones, lungs or heart. A growing number of otherwise healthy people are developing life-threatening staph infections.\n\nTreatment usually involves antibiotics and drainage of the infected area. However, some staph infections no longer respond to common antibiotics.", 
    "Preparing for your appointment": "While you may initially consult your family physician, he or she may refer you to a specialist, depending on which of your organ systems is affected by the infection. For example, a dermatologist specializes in skin conditions, while a cardiologist treats heart disorders. Or you may be referred to a doctor who specializes in infectious diseases.\n\n<b>What you can do</b>\nYou may want to write a list that includes:\n\n<ul>\n<li>Detailed descriptions of your symptoms</li>\n<li>Information about medical problems you've had</li>\n<li>Information about the medical problems of your parents or siblings</li>\n<li>All the medications and dietary supplements you take</li>\n<li>Questions you want to ask the doctor</li>\n</ul>\n\n\nFor staph infection, some basic questions to ask your doctor include:\n\n<ul>\n<li>What's the most likely cause of my symptoms?</li>\n<li>What kind of tests do I need?</li>\n<li>What's the best treatment for a staph infection?</li>\n<li>Am I contagious?</li>\n<li>How can I tell if my infection is getting better or worse?</li>\n<li>Are there any activity restrictions that I need to follow?</li>\n<li>I have other health conditions. How can I best manage these conditions together?</li>\n<li>Do you have any brochures or other printed material that I can take home with me? What websites do you recommend?</li>\n</ul>\n\n\n<b>What to expect from your doctor</b>\nYour doctor will likely ask you a number of questions, such as:\n\n<ul>\n<li>When did you first notice your symptoms? Could you describe them to me?</li>\n<li>How severe are your symptoms?</li>\n<li>Have you been around anyone with a staph infection?</li>\n<li>Do you have any implanted medical devices, such as an artificial joint or a pacemaker?</li>\n<li>Do you have any ongoing medical conditions, including an impaired immune system?</li>\n<li>Have you recently been in the hospital?</li>\n<li>Do you play contact sports?</li>\n</ul>\n\n\n<b>What you can do in the meantime</b>\nIf you suspect you have a staph infection on your skin, keep the area clean and covered until you see your doctor so that you don't spread the bacteria. And, until you know whether or not you have staph, don't prepare food.", 
    "Prevention": "These commonsense precautions can help lower your risk of developing staph infections:\n\n<ul>\n<li>Wash your hands. Careful hand-washing is your best defense against germs. Wash your hands briskly for at least 20 seconds, then dry them with a disposable towel and use another towel to turn off the faucet. If your hands aren't visibly dirty, you can use a hand sanitizer containing at least 60 percent alcohol.</li>\n<li>Keep wounds covered. Keep cuts and abrasions clean and covered with sterile, dry bandages until they heal. The pus from infected sores often contains staph bacteria, and keeping wounds covered will help keep the bacteria from spreading.</li>\n<li>Reduce tampon risks. Toxic shock syndrome is caused by staph bacteria. Since tampons left in for long periods can be a breeding ground for staph bacteria, you can reduce your chances of getting toxic shock syndrome by changing your tampon frequently, at least every four to eight hours. Use the lowest absorbency tampon you can, and try to alternate tampons with sanitary napkins whenever possible.</li>\n<li>Keep personal items personal. Avoid sharing personal items such as towels, sheets, razors, clothing and athletic equipment. Staph infections can spread on objects, as well as from person to person.</li>\n<li>Wash clothing and bedding in hot water. Staph bacteria can survive on clothing and bedding that isn't properly washed. To get bacteria off clothing and sheets, wash them in hot water whenever possible.\n\nAlso, use bleach on any bleach-safe materials. Drying in the dryer is better than air-drying, but staph bacteria may survive the clothes dryer.</li>\n<li>Take food safety precautions. Wash your hands before handling food. If food will be out for a while, make sure that hot foods stay hot \u2014 above 140 F (60 C) \u2014 and that cold foods stay at 40 F (4.4 C) or below. Refrigerate leftovers as soon as possible.</li>\n</ul>", 
    "Risk factors": "A variety of factors \u2014 including the status of your immune system to the types of sports you play \u2014 can increase your risk of developing staph infections.\n\nCertain disorders or the medications used to treat them can make you more susceptible to staph infections. People who may be more likely to get a staph infection include those with:\n\n<ul>\n<li>Diabetes who use insulin</li>\n<li>HIV/AIDS</li>\n<li>Kidney failure requiring dialysis</li>\n<li>Weakened immune systems \u2014 either from a disease or medications that suppress the immune system</li>\n<li>Cancer, especially those who are undergoing chemotherapy or radiation</li>\n<li>Skin damage from conditions such as eczema, insect bites or minor trauma that opens the skin</li>\n<li>Respiratory illness, such as cystic fibrosis or emphysema</li>\n</ul>\n\n\nDespite vigorous attempts to eradicate them, staph bacteria remain present in hospitals, where they attack the most vulnerable, including people with:\n\n<ul>\n<li>Weakened immune systems</li>\n<li>Burns</li>\n<li>Surgical wounds</li>\n</ul>\n\n\nStaph bacteria can travel along the medical tubing that connects the outside world with your internal organs. Examples include:\n\n<ul>\n<li>Dialysis tubing</li>\n<li>Urinary catheters</li>\n<li>Feeding tubes</li>\n<li>Breathing tubes</li>\n<li>Intravascular catheters</li>\n</ul>\n\n\nStaph bacteria can spread easily through cuts, abrasions and skin-to-skin contact. Staph infections may also spread in the locker room through shared razors, towels, uniforms or equipment.\n\nFood handlers who don't properly wash their hands can transfer staph from their skin to the food they're preparing. Foods that are contaminated with staph look and taste normal.", 
    "Symptoms": "Staph infections can range from minor skin problems to endocarditis, a life-threatening infection of the inner lining of your heart (endocardium). As a result, signs and symptoms of staph infections vary widely, depending on the location and severity of the infection.\n\nSkin infections caused by staph bacteria include:\n\n<ul>\n<li>\n    Boils. The most common type of staph infection is the boil, a pocket of pus that develops in a hair follicle or oil gland. The skin over the infected area usually becomes red and swollen.\n    If a boil breaks open, it will probably drain pus. Boils occur most often under the arms or around the groin or buttocks.\n    </li>\n<li>Impetigo. This contagious, often painful rash can be caused by staph bacteria. Impetigo usually features large blisters that may ooze fluid and develop a honey-colored crust.</li>\n<li>Cellulitis. Cellulitis \u2014 an infection of the deeper layers of skin \u2014 causes skin redness and swelling on the surface of your skin. Sores (ulcers) or areas of oozing discharge may develop, too.</li>\n<li>Staphylococcal scalded skin syndrome. Toxins produced as a result of a staph infection may lead to staphylococcal scalded skin syndrome. Affecting mostly babies and children, this condition features fever, a rash and sometimes blisters. When the blisters break, the top layer of skin comes off \u2014 leaving a red, raw surface that looks like a burn.</li>\n</ul>\n\n\nStaph bacteria are one of the most common causes of food poisoning. Symptoms come on quickly, usually within hours of eating a contaminated food. Symptoms usually disappear quickly, too, often lasting just half a day.\n\nA staph infection in food usually doesn't cause a fever. Signs and symptoms you can expect with this type of staph infection include:\n\n<ul>\n<li>Nausea and vomiting</li>\n<li>Diarrhea</li>\n<li>Dehydration</li>\n<li>Low blood pressure</li>\n</ul>\n\n\nAlso known as blood poisoning, septicemia occurs when staph bacteria enter a person's bloodstream. A fever and low blood pressure are signs of septicemia. The bacteria can travel to locations deep within your body, to produce infections affecting:\n\n<ul>\n<li>Internal organs, such as your brain, heart or lungs</li>\n<li>Bones and muscles</li>\n<li>Surgically implanted devices, such as artificial joints or cardiac pacemakers</li>\n</ul>\n\n\nThis life-threatening condition results from toxins produced by some strains of staph bacteria and has been linked to certain types of tampons, skin wounds and surgery. It usually develops suddenly with:\n\n<ul>\n<li>A high fever</li>\n<li>Nausea and vomiting</li>\n<li>A rash on your palms and soles that resembles sunburn</li>\n<li>Confusion</li>\n<li>Muscle aches</li>\n<li>Diarrhea</li>\n<li>Abdominal pain</li>\n</ul>\n\n\nSeptic arthritis is often caused by a staph infection. The bacteria often target the knees, shoulders, hips, and fingers or toes. Signs and symptoms may include:\n\n<ul>\n<li>Joint swelling</li>\n<li>Severe pain in the affected joint</li>\n<li>Fever</li>\n</ul>\n\n\nGo to the doctor if you or your child has:\n\n<ul>\n<li>An area of red, irritated or painful skin</li>\n<li>Pus-filled blisters</li>\n<li>Fever</li>\n</ul>\n\n\nYou may also want to consult your doctor if:\n\n<ul>\n<li>Skin infections are being passed from one family member to another</li>\n<li>Two or more family members have skin infections at the same time</li>\n</ul>", 
    "Title": "Staph infections", 
    "Treatment": "Treatment of a staph infection may include:\n\n<ul>\n<li>Antibiotics. Your doctor may perform tests to identify of the staph bacteria behind your infection, and to help choose the antibiotic that will work best. Antibiotics commonly prescribed to treat staph infections include certain cephalosporins, nafcillin or related antibiotics, sulfa drugs, or vancomycin.\n\nVancomycin increasingly is required to treat serious staph infections because so many strains of staph bacteria have become resistant to other traditional medicines. But vancomycin and some other antibiotics have to be given intravenously.\n\nIf you're given an oral antibiotic, be sure to take it as directed, and to finish all of the medication prescribed by your doctor. Ask your doctor what signs and symptoms you should watch for that might indicate your infection is worsening.</li>\n<li>Wound drainage. If you have a skin infection, your doctor will likely make an incision into the sore to drain fluid that has collected there.</li>\n<li>Device removal. If your infection involves a device or prosthetic, prompt removal of the device is needed. For some devices, removal might require surgery.</li>\n</ul>\n\n\n<b>Antibiotic resistance</b>\nStaph bacteria are very adaptable, and many varieties have become resistant to one or more antibiotics. For example, only about 10 percent of today's staph infections can be cured with penicillin.\n\nThe emergence of antibiotic-resistant strains of staph bacteria \u2014 often described as methicillin-resistant Staphylococcus aureus (MRSA) strains \u2014 has led to the use of IV antibiotics, such as vancomycin, with the potential for more side effects, such as vancomycin."
}