{
    "Aliases": [], 
    "Causes": "Your heart has four valves that keep blood flowing in the correct direction. These valves include the mitral valve, tricuspid valve, pulmonary valve and aortic valve. Each valve has flaps (leaflets or cusps) that open and close once during each heartbeat. Sometimes, the valves don't open or close properly, disrupting the blood flow through your heart to your body.\n\nHeart valve disease may be present at birth (congenital). It can also occur in adults due to many causes and conditions, such as infections and other heart conditions.\n\nHeart valve problems may include:\n\n<ul>\n<li>Regurgitation. In this condition, the valve flaps don't close properly, causing blood to leak backward in your heart. This commonly occurs due to valve flaps bulging back, a condition called prolapse.</li>\n<li>Stenosis. In valve stenosis, the valve flaps become thick or stiff, and they may fuse together. This results in a narrowed valve opening and reduced blood flow through the valve.</li>\n<li>Atresia. In this condition, the valve isn't formed, and a solid sheet of tissue blocks the blood flow between the heart chambers.</li>\n</ul>", 
    "Clinical trials": "Explore Mayo Clinic studies testing new treatments, interventions and tests as a means to prevent, detect, treat or manage this disease.", 
    "Complications": "Heart valve disease can cause many complications, including:\n\n<ul>\n<li>Heart failure</li>\n<li>Stroke</li>\n<li>Blood clots</li>\n<li>Heart rhythm abnormalities</li>\n<li>Death</li>\n</ul>", 
    "Coping and support": "If you have heart valve disease, here are some steps that may help you cope:\n\n<ul>\n<li>Take medications as prescribed. Take your medications as directed by your doctor.</li>\n<li>Get support. Having support from your family and friends can help you cope with your condition. Ask your doctor about support groups that may be helpful.</li>\n<li>Stay active. It's a good idea to stay physically active. Your doctor may give you recommendations about how much and what type of exercise is appropriate for you.</li>\n</ul>", 
    "Diagnosis": "Your doctor may evaluate your signs and symptoms and conduct a physical examination. In a physical examination, your doctor will likely listen for a heart murmur, as this can be a sign of a heart valve condition. Your doctor may order several tests to diagnose your condition.\n\nTests may include:\n\n<ul>\n<li>\n    Echocardiography. In this test, sound waves directed at your heart from a wandlike device (transducer) held on your chest produce video images of your heart in motion. This test assesses the structure of your heart, the heart valves and the blood flow through your heart. An echocardiogram helps your doctor get a close look at the heart valves and how well they're working. Doctors may also use a 3-D echocardiogram.\n    Doctors may conduct another type of echocardiogram called a transesophageal echocardiogram. In this test, a small transducer attached to the end of a tube is inserted down the tube leading from your mouth to your stomach (esophagus). This test allows doctors to have a closer look at the heart valves than is possible with a regular echocardiogram.\n    </li>\n<li>Electrocardiogram (ECG). In this test, wires (electrodes) attached to pads on your skin measure electrical impulses from your heart. An ECG can detect enlarged chambers of your heart, heart disease and abnormal heart rhythms.</li>\n<li>Chest X-ray. A chest X-ray can help your doctor to determine whether the heart is enlarged, which can indicate certain types of heart valve disease. A chest X-ray can also help doctors determine the condition of your lungs.</li>\n<li>Cardiac MRI. A cardiac MRI uses magnetic fields and radio waves to create detailed images of your heart. This test may be used to determine the severity of your condition and assess the size and function of your lower heart chambers (ventricles).</li>\n<li>Exercise tests or stress tests. Different exercise tests help measure your activity tolerance and monitor your heart's response to physical exertion. If you are unable to exercise, medications to mimic the effect of exercise on your heart may be used.</li>\n<li>\n    Cardiac catheterization. This test isn't often used to diagnose heart valve disease, but it may be used if other tests aren't able to diagnose the condition or to determine its severity.\n    In this procedure, a doctor threads a thin tube (catheter) through a blood vessel in your arm or groin to an artery in your heart and injects dye through the catheter to make the artery visible on an X-ray. This provides your doctor with a detailed picture of your heart arteries and how your heart functions. It can also measure the pressure inside the heart chambers.\n    </li>\n</ul>", 
    "Id": "syc-20353727", 
    "Lifestyle and home remedies": "You'll have regular follow-up appointments with your doctor to monitor your condition.\n\nYour doctor may suggest you incorporate several heart-healthy lifestyle changes into your life, including:\n\n<ul>\n<li>Eating a heart-healthy diet. Eat a variety of fruits and vegetables, low-fat or fat-free dairy products, poultry, fish and whole grains. Avoid saturated and trans fat, and excess salt and sugar.</li>\n<li>Maintaining a healthy weight. Aim to keep a healthy weight. If you're overweight or obese, your doctor may recommend losing weight.</li>\n<li>Getting regular physical activity. Aim to include about 30 minutes of physical activity, such as brisk walks, into your daily fitness routine.</li>\n<li>Managing stress. Find ways to help manage your stress, such as through relaxation activities, meditation, physical activity, and spending time with family and friends.</li>\n<li>Avoiding tobacco. If you smoke, quit. Ask your doctor about resources to help you quit smoking. Joining a support group may be helpful.</li>\n</ul>\n\n\nFor women with heart valve disease, it's important to talk with your doctor before you become pregnant. Your doctor can discuss with you which medications you can safely take, and whether you may need a procedure to treat your valve condition prior to pregnancy.\n\nYou'll likely require close monitoring by your doctor during pregnancy. Doctors may recommend women with severe valve conditions avoid pregnancy to reduce the risk of complications.", 
    "Overview": "In heart valve disease, one or more of the valves in your heart doesn't work properly.\n\nYour heart has four valves that keep blood flowing in the correct direction. In some cases, one or more of the valves don't open or close properly. This can cause the blood flow through your heart to your body to be disrupted.\n\nYour heart valve disease treatment depends on the heart valve affected and the type and severity of the valve disease. Sometimes heart valve disease requires surgery to repair or replace the heart valve.", 
    "Preparing for your appointment": "If you think you have heart valve disease, make an appointment to see your doctor. Here's some information to help you prepare for your appointment.\n\n<b>What you can do</b>\n<ul>\n<li>Be aware of pre-appointment restrictions. When you make the appointment, ask if there's anything you need to do beforehand.</li>\n<li>Write down your symptoms, including any that seem unrelated to heart valve disease.</li>\n<li>Write down key personal information, including a family history of heart disease, and any major stresses or recent life changes.</li>\n<li>Make a list of all medications, vitamins and supplements you take.</li>\n<li>Take a family member or friend along, if possible. Someone who accompanies you can help you remember information you receive.</li>\n<li>Be prepared to discuss your diet and exercise habits. If you don't already eat well and exercise, be ready to talk to your doctor about challenges you might face in getting started.</li>\n<li>Write down questions to ask your doctor.</li>\n</ul>\n\n\nFor heart valve disease, some basic questions to ask your doctor include:\n\n<ul>\n<li>What is likely causing my symptoms or condition?</li>\n<li>What are other possible causes for my symptoms or condition?</li>\n<li>What tests will I need?</li>\n<li>What's the best treatment?</li>\n<li>What are the alternatives to the primary approach you're suggesting?</li>\n<li>I have other health conditions. How can I best manage them together?</li>\n<li>Are there restrictions I need to follow?</li>\n<li>Should I see a specialist?</li>\n<li>If I need surgery, which surgeon do you recommend for heart valve surgery?</li>\n<li>Is there a generic alternative to the medicine you're prescribing?</li>\n<li>Are there brochures or other printed material I can take with me? What websites do you recommend?</li>\n</ul>\n\n\nDon't hesitate to ask other questions.\n\n<b>What to expect from your doctor</b>\nYour doctor is likely to ask you a number of questions, including:\n\n<ul>\n<li>When did your symptoms begin?</li>\n<li>Have your symptoms been continuous or occasional?</li>\n<li>How severe are your symptoms?</li>\n<li>What, if anything, seems to improve your symptoms?</li>\n<li>What, if anything, appears to worsen your symptoms?</li>\n</ul>", 
    "Risk factors": "Several factors can increase your risk of heart valve disease, including:\n\n<ul>\n<li>Older age</li>\n<li>History of certain infections that can affect the heart</li>\n<li>History of certain forms of heart disease or heart attack</li>\n<li>High blood pressure, high cholesterol, diabetes and other heart disease risk factors</li>\n<li>Heart conditions present at birth (congenital heart disease)</li>\n</ul>", 
    "Symptoms": "Some people with heart valve disease might not experience symptoms for many years. Signs and symptoms of heart valve disease may include:\n\n<ul>\n<li>Abnormal sound (heart murmur) when a doctor is listening to the heart beating with a stethoscope</li>\n<li>Fatigue</li>\n<li>Shortness of breath, particularly when you have been very active or when you lie down</li>\n<li>Swelling of your ankles and feet</li>\n<li>Dizziness</li>\n<li>Fainting</li>\n<li>Irregular heartbeat</li>\n</ul>\n\n\nIf you have a heart murmur, your doctor may recommend you visit a cardiologist. If you develop any symptoms that may suggest heart valve disease, see your doctor.", 
    "Title": "Heart valve disease", 
    "Treatment": "Heart valve disease treatment depends on how severe your condition is, if you're experiencing signs and symptoms, and if your condition is getting worse.\n\nA doctor trained in heart disease (cardiologist) will provide your care. If you have heart valve disease, consider being evaluated and treated at a medical center with a multidisciplinary team of doctors and medical staff trained and experienced in evaluating and treating heart valve disease. This team can work closely with you to determine the most appropriate treatment for your condition.\n\nYour doctor may suggest monitoring your condition with regular follow-up appointments. Your doctor may also recommend making healthy lifestyle changes and taking medications to treat symptoms.\n\nYou may eventually need heart valve surgery to repair or replace the diseased heart valve. Doctors may suggest heart valve surgery even if you aren't experiencing symptoms, as this may prevent complications and improve outcomes. If you need surgery for another heart condition, your doctor may repair or replace the diseased valve at the same time.\n\nHeart valve surgery is usually performed through a cut (incision) in the chest. Doctors may sometimes conduct minimally invasive heart surgery, which involves the use of smaller incisions than those used in open-heart surgery. In some medical centers, doctors may perform robot-assisted heart surgery, a type of minimally invasive heart surgery in which surgeons use robotic instruments to conduct the procedure.\n\nDoctors may also use less invasive procedures to repair certain valves using long, thin tubes (catheters) in some people. These procedures can involve the use of clips, plugs or other devices. In some cases, valves can be replaced during a catheter procedure. Doctors continue to study catheter procedures to repair or replace heart valves.\n\nSurgery options include:\n\n<b>Heart valve repair</b>\nYour doctor may often recommend heart valve repair when possible, as it preserves your heart valve and may preserve heart function. To repair a valve, surgeons may separate valve flaps (leaflets or cusps) that have fused, replace the cords that support the valve, remove excess valve tissue so that the leaflets or cusps can close tightly or patch holes in a valve. Surgeons may often tighten or reinforce the ring around a valve (annulus) by implanting an artificial ring.\n\nDoctors may conduct a procedure using a long, thin tube (catheter) to repair a valve with a narrowed opening. In this procedure, a doctor inserts a catheter with a balloon on the tip into an artery in your arm or groin and guides it to the valve.\n\nA doctor then inflates the balloon, which expands the opening of the valve. The balloon is then deflated, and the catheter and balloon are removed. You may need additional procedures to treat the narrowed valve over time.\n\n<b>Heart valve replacement</b>\nIn some cases, the valve can't be repaired, and surgeons may perform heart valve replacement. In heart valve replacement, your surgeon removes the damaged valve and replaces it with a mechanical valve or a valve made from cow, pig or human heart tissue (biological tissue valve).\n\nBiological tissue valves degenerate over time, and often eventually need to be replaced. People with mechanical valves will need to take blood-thinning medications for life to prevent blood clots. Your doctor will discuss with you the benefits and risks of each type of valve and discuss which valve may be appropriate for you."
}