{
    "Aliases": [], 
    "Causes": "Gastrointestinal bleeding can occur either in the upper or lower gastrointestinal tract. It can have a number of causes.\n\n<b>Upper GI bleeding</b>\nCauses can include:\n\n<ul>\n<li>Peptic ulcer. This is the most common cause of upper GI bleeding. Peptic ulcers are sores that develop on the lining of the stomach and upper portion of the small intestine. Stomach acid, either from bacteria or use of anti-inflammatory drugs, damages the lining, leading to formation of sores.</li>\n<li>Tears in the lining of the tube that connects your throat to your stomach (esophagus). Known as Mallory-Weiss tears, they can cause a lot of bleeding. These are most common in people who drink alcohol to excess.</li>\n<li>Abnormal, enlarged veins in the esophagus (esophageal varices). This condition occurs most often in people with serious liver disease.</li>\n<li>Esophagitis. This inflammation of the esophagus is most commonly caused by gastroesophageal reflux disease (GERD).</li>\n</ul>\n\n\n<b>Lower GI bleeding</b>\nCauses can include:\n\n<ul>\n<li>Diverticular disease. This involves the development of small, bulging pouches in the digestive tract (diverticulosis). If one or more of the pouches become inflamed or infected, it's called diverticulitis.</li>\n<li>Inflammatory bowel disease (IBD). This includes ulcerative colitis, which causes inflammation and sores in the colon and rectum, and Crohn's disease, and inflammation of the lining of the digestive tract.</li>\n<li>Tumors. Noncanerous (benign) or cancerous tumors of the esophagus, stomach, colon or rectum can weaken the lining of the digestive tract and cause bleeding.</li>\n<li>Colon polyps. Small clumps of cells that form on the lining of your colon can cause bleeding. Most are harmless, but some might be cancerous or can become cancerous if not removed.</li>\n<li>Hemorrhoids. These are swollen veins in your anus or lower rectum, similar to varicose veins.</li>\n<li>Anal fissures. These are small tears in the lining of the anus.</li>\n<li>Proctitis. Inflammation of the lining of the rectum can cause rectal bleeding.</li>\n</ul>", 
    "Clinical trials": "Explore Mayo Clinic studies testing new treatments, interventions and tests as a means to prevent, detect, treat or manage this disease.", 
    "Complications": "A gastrointestinal bleed can cause:\n\n<ul>\n<li>Shock</li>\n<li>Anemia</li>\n<li>Death</li>\n</ul>", 
    "Diagnosis": "Your doctor will take a medical history, including a history of previous bleeding, conduct a physical exam and possibly order tests. Tests might include:\n\n<ul>\n<li>Blood tests. You may need a complete blood count, a test to see how fast your blood clots, a platelet count and liver function tests.</li>\n<li>Stool tests. Analyzing your stool can help determine the cause of occult bleeding.</li>\n<li>Nasogastric lavage. A tube is passed through your nose into your stomach to remove your stomach contents. This might help determine the source of your bleed.</li>\n<li>Upper endoscopy. This procedure uses a tiny camera on the end of a long tube, which is passed through your mouth to enable your doctor to examine your upper gastrointestinal tract.</li>\n<li>Colonoscopy. This procedure uses a tiny camera on the end of a long tube, which is passed through your rectum to enable your doctor to examine your large intestine and rectum.</li>\n<li>Capsule endoscopy. In this procedure, you swallow a vitamin-size capsule with a tiny camera inside. The capsule travels through your digestive tract taking thousands of pictures that are sent to a recorder you wear on a belt around your waist. This enables your doctor to see inside your small intestine.</li>\n<li>Flexible sigmoidoscopy. A tube with a light and camera is placed in your rectum to look at your rectum and the last part of the large intestine that leads to your rectum (sigmoid colon).</li>\n<li>Balloon-assisted enteroscopy. A specialized scope inspects parts of your small intestine that other tests using an endoscope can't reach. Sometimes, the source of bleeding can be controlled or treated during this test.</li>\n<li>Angiography. A contrast dye is injected into an artery, and a series of X-rays are taken to look for and treat bleeding vessels or other abnormalities.</li>\n<li>Imaging tests. A variety of other imaging tests, such as an abdominal CT scan, might be used to find the source of the bleed.</li>\n</ul>\n\n\nIf your GI bleeding is severe, and noninvasive tests can't find the source, you might need surgery so that doctors can view the entire small intestine. Fortunately, this is rare.", 
    "Id": "syc-20372729", 
    "Overview": "Gastrointestinal (GI) bleeding is a symptom of a disorder in your digestive tract. The blood often appears in stool or vomit but isn't always visible, though it may cause the stool to look black or tarry. The level of bleeding can range from mild to severe and can be life-threatening.\n\nSophisticated imaging technology, when needed, can usually locate the cause of the bleeding. Treatment depends on the source of the bleeding.", 
    "Preparing for your appointment": "If your bleeding is not severe, you might start by seeing your primary care provider. Or you might be referred immediately to a specialist in gastrointestinal disorders (gastroenterologist).\n\nHere's some information to help you get ready for your appointment.\n\n<b>What you can do</b>\nWhen you make the appointment, ask if there's anything you need to do in advance, such as fasting before a specific test. Make a list of:\n\n<ul>\n<li>Your symptoms, including any that seem unrelated to the reason for your appointment and when they began</li>\n<li>All medications, vitamins or other supplements you take, including doses</li>\n<li>History of digestive disease you've been diagnosed with, such as GERD, peptic ulcers or IBD</li>\n<li>Questions to ask your doctor</li>\n</ul>\n\n\nTake a family member or friend along, if possible, to help you remember the information you're given.\n\nFor gastrointestinal bleeding, basic questions to ask your doctor include:\n\n<ul>\n<li>I'm not seeing blood, so why do you suspect a GI bleed?</li>\n<li>What's likely causing my symptoms?</li>\n<li>Other than the most likely cause, what are other possible causes for my symptoms?</li>\n<li>What tests do I need?</li>\n<li>Is my condition likely temporary or chronic?</li>\n<li>What's the best course of action?</li>\n<li>What are the alternatives to the primary approach you're suggesting?</li>\n<li>I have other health conditions. How can I best manage them while my bleeding is treated?</li>\n<li>Are there restrictions I need to follow?</li>\n<li>Should I see a specialist?</li>\n<li>Are there brochures or other printed material I can have? What websites do you recommend?</li>\n</ul>\n\n\nDon't hesitate to ask other questions.\n\n<b>What to expect from your doctor</b>\nYour doctor is likely to ask you questions, such as:\n\n<ul>\n<li>Have your symptoms been continuous or occasional?</li>\n<li>How severe are your symptoms?</li>\n<li>What, if anything, seems to improve your symptoms?</li>\n<li>What, if anything, appears to worsen your symptoms?</li>\n<li>Do you take non-steroidal anti-inflammatory medication, either over-the \u2013counter or prescribed, or do you take aspirin?</li>\n<li>Do you drink alcohol?</li>\n</ul>", 
    "Prevention": "To help prevent a GI bleed:\n\n<ul>\n<li>Limit your use of nonsteroidal anti-inflammatory drugs.</li>\n<li>Limit your use of alcohol.</li>\n<li>If you smoke, quit.</li>\n<li>If you have GERD, follow your doctor's instructions for treating it.</li>\n</ul>", 
    "Symptoms": "Signs and symptoms of GI bleeding can be either obvious (overt) or hidden (occult). Signs and symptoms depend on the location of the bleed, which can be anywhere on the GI tract, from where it starts \u2014 the mouth \u2014 to where it ends \u2014 the anus \u2014 and the rate of bleeding.\n\nOvert bleeding might show up as:\n\n<ul>\n<li>Vomiting blood, which might be red or might be dark brown and resemble coffee grounds in texture</li>\n<li>Black, tarry stool</li>\n<li>Rectal bleeding, usually in or with stool</li>\n</ul>\n\n\nWith occult bleeding, you might have:\n\n<ul>\n<li>Lightheadedness</li>\n<li>Difficulty breathing</li>\n<li>Fainting</li>\n<li>Chest pain</li>\n<li>Abdominal pain</li>\n</ul>\n\n\n<b>Symptoms of shock</b>\nIf your bleeding starts abruptly and progresses rapidly, you could go into shock. Signs and symptoms of shock include:\n\n<ul>\n<li>Drop in blood pressure</li>\n<li>Not urinating or urinating infrequently, in small amounts</li>\n<li>Rapid pulse</li>\n<li>Unconsciousness</li>\n</ul>\n\n\n<b>When to see a doctor</b>\nIf you have symptoms of shock, you or someone else should call 911 or your local emergency medical number. If you're vomiting blood, see blood in your stools or have black, tarry stools, seek immediate medical care. For other indications of GI bleeding, make an appointment with your doctor.", 
    "Title": "Gastrointestinal bleeding", 
    "Treatment": "Often, GI bleeding stops on its own. If it doesn't, treatment depends on where the bleed is from. In many cases, medication or a procedure to control the bleeding can be given during some tests. For example, it's sometimes possible to treat a bleeding peptic ulcer during an upper endoscopy or to remove polyps during a colonoscopy.\n\nIf you have an upper GI bleed, you might be given an IV drug known as a proton pump inhibitor (PPI) to suppress stomach acid production. Once the source of the bleeding is identified, your doctor will determine whether you need to continue taking a PPI.\n\nDepending on the amount of blood loss and whether you continue to bleed, you might require fluids through a needle (IV) and, possibly, blood transfusions. If you take blood-thinning medications, including aspirin or nonsteroidal anti-inflammatory medications, you might need to stop."
}