{
    "Aliases": [], 
    "Causes": "An actinic keratosis is caused by frequent or intense exposure to UV rays from the sun or tanning beds.", 
    "Complications": "If treated early, almost all actinic keratoses can be cleared up or removed before they develop into skin cancer. If left untreated, some of these spots may progress to squamous cell carcinoma \u2014 a type of cancer that usually isn't life-threatening if detected and treated early.", 
    "Diagnosis": "Your doctor will likely be able to determine whether you have an actinic keratosis simply by examining your skin. If there's any doubt, your doctor may do other tests, such as a skin biopsy. During a skin biopsy, your doctor takes a small sample of your skin for analysis in a lab. A biopsy can usually be done in a doctor's office after a numbing injection.\n\nEven after treatment for actinic keratosis, your doctor will likely suggest that you have your skin checked at least once a year for signs of skin cancer.", 
    "Id": "syc-20354969", 
    "Overview": "An actinic keratosis (ak-TIN-ik ker-uh-TOE-sis) is a rough, scaly patch on your skin that develops from years of exposure to the sun. It's most commonly found on your face, lips, ears, back of your hands, forearms, scalp or neck.\n\nAlso known as a solar keratosis, an actinic keratosis enlarges slowly and usually causes no signs or symptoms other than a patch or small spot on your skin. These patches take years to develop, usually first appearing in people over 40.\n\nA small percentage of actinic keratosis lesions can eventually become skin cancer. You can reduce your risk of actinic keratoses by minimizing your sun exposure and protecting your skin from ultraviolet (UV) rays.", 
    "Preparing for your appointment": "You're likely to start by seeing your family doctor or primary care doctor. In some cases when you call to set up an appointment, you may be referred directly to a specialist in skin diseases (dermatologist).\n\n<b>What you can do</b>\nYour time with your doctor is limited, so preparing a list of questions will help you make the most of your appointment. For actinic keratoses, some basic questions to ask your doctor include:\n\n<ul>\n<li>Are tests needed to confirm the diagnosis?</li>\n<li>What are my treatment options and the pros and cons of each?</li>\n<li>What will the treatments cost? Does medical insurance cover these costs?</li>\n<li>What suspicious changes in my skin should I look for?</li>\n<li>What kind of follow-up should I expect?</li>\n</ul>\n\n\n<b>What to expect from your doctor</b>\nQuestions your doctor may ask you include:\n\n<ul>\n<li>When did you first notice the lesions?</li>\n<li>Have you noticed multiple lesions?</li>\n<li>Have you noticed any changes in the appearance of the lesions?</li>\n<li>Is the condition bothersome?</li>\n<li>Have you experienced frequent or severe sunburns?</li>\n<li>How often are you exposed to sun or UV radiation?</li>\n<li>Do you regularly protect your skin from UV radiation?</li>\n</ul>", 
    "Prevention": "Prevention of actinic keratoses is important because the condition can precede cancer or be an early form of skin cancer. Sun safety is necessary to help prevent development and recurrence of actinic keratosis patches and spots.\n\nTake these steps to protect your skin from the sun:\n\n<ul>\n<li>Limit your time in the sun. Especially avoid time in the sun between 10 a.m. and 2 p.m. And avoid staying in the sun so long that you get a sunburn or a suntan. Both result in skin damage that can increase your risk of developing actinic keratoses and skin cancer. Sun exposure accumulated over time may also cause actinic keratoses.</li>\n<li>\n    Use sunscreen. Daily use of sunscreen reduces the development of actinic keratoses. Before spending time outdoors, apply a broad-spectrum sunscreen with a sun protection factor (SPF) of at least 30. The American Academy of Dermatology recommends using a broad-spectrum, water-resistant sunscreen with an SPF of at least 30.\n    Use sunscreen on all exposed skin, and use lip balm with sunscreen on your lips. Apply sunscreen 15 minutes before sun exposure and reapply it every two hours \u2014 or more often if you're swimming or perspiring.\n    </li>\n<li>Cover up. For extra protection from the sun, wear tightly woven clothing that covers your arms and legs. Also wear a broad-brimmed hat, which provides more protection than does a baseball cap or golf visor. You might also consider wearing clothing or outdoor gear specially designed to provide sun protection.</li>\n<li>Avoid tanning beds. The UV exposure from a tanning bed can cause just as much skin damage as a tan acquired from the sun.</li>\n<li>Check your skin regularly and report changes to your doctor. Examine your skin regularly, looking for the development of new skin growths or changes in existing moles, freckles, bumps and birthmarks. With the help of mirrors, check your face, neck, ears and scalp. Examine the tops and undersides of your arms and hands.</li>\n</ul>", 
    "Risk factors": "Anyone can develop actinic keratoses. But you may be more likely to develop the condition if you:\n\n<ul>\n<li>Are older than 40</li>\n<li>Live in a sunny place</li>\n<li>Have a history of frequent or intense sun exposure or sunburn</li>\n<li>Have red or blond hair, and blue or light-colored eyes</li>\n<li>Tend to freckle or burn when exposed to sunlight</li>\n<li>Have a personal history of an actinic keratosis or skin cancer</li>\n<li>Have a weak immune system as a result of chemotherapy, leukemia, AIDS or organ transplant medications</li>\n</ul>", 
    "Symptoms": "The signs and symptoms of an actinic keratosis include:\n\n<ul>\n<li>Rough, dry or scaly patch of skin, usually less than 1 inch (2.5 centimeters) in diameter</li>\n<li>Flat to slightly raised patch or bump on the top layer of skin</li>\n<li>In some cases, a hard, wartlike surface</li>\n<li>Color as varied as pink, red or brown</li>\n<li>Itching or burning in the affected area</li>\n</ul>\n\n\nActinic keratoses are found primarily on areas exposed to the sun, such as your face, lips, ears, hands, forearms, scalp and neck.\n\n<b>When to see a doctor</b>\nIt can be difficult to distinguish between noncancerous spots and cancerous ones. So it's best to have new skin changes evaluated by a doctor \u2014 especially if a spot or lesion persists, grows or bleeds.", 
    "Title": "Actinic keratosis", 
    "Treatment": "An actinic keratosis sometimes disappears on its own, but it typically returns after more sun exposure. Because it's impossible to tell which patches or lesions will develop into skin cancer, actinic keratoses are usually removed as a precaution.\n\n<b>Medications</b>\nIf you have several actinic keratoses, you prefer a medication that treats the entire affected area. Prescription products that can be applied to your skin for this purpose include:\n\n<ul>\n<li>Fluorouracil cream (Carac, Fluoroplex, Efudex)</li>\n<li>Imiquimod cream (Aldara, Zyclara)</li>\n<li>Ingenol mebutate gel (Picato) </li>\n<li>Diclofenac gel (Voltaren, Solaraze)</li>\n</ul>\n\n\nThese creams may cause redness, scaling or a burning sensation for a few weeks.\n\n<b>Surgical and other procedures</b>\nMethods used to remove actinic keratoses include:\n\n<ul>\n<li>Freezing (cryotherapy). Actinic keratoses can be removed by freezing them with liquid nitrogen. Your doctor applies the substance to the affected skin, which causes blistering or peeling. As your skin heals, the lesions slough off, allowing new skin to appear. Cryotherapy is the most common treatment. It takes only a few minutes and can be done in your doctor's office. Side effects may include blisters, scarring, changes to skin texture, infection and darkening of the skin at the site of treatment.</li>\n<li>Scraping (curettage). In this procedure, your surgeon uses a device called a curet to scrape off damaged cells. Scraping may be followed by electrosurgery, in which the doctor uses a pencil-shaped instrument to cut and destroy the affected tissue with an electric current. This procedure requires a local anesthetic. Side effects may include infection, scarring and changes in skin coloration at the site of treatment.</li>\n<li>Photodynamic therapy. Your doctor might apply a light-sensitive chemical solution to the affected skin and then expose it to a special light that will destroy the actinic keratosis. Side effects may include redness, swelling and a burning sensation during therapy.</li>\n</ul>"
}