{
    "Aliases": [], 
    "Alternative medicine": "Although a number of alternative treatments are commonly used to soothe a sore throat, evidence is limited about what works. If you need an antibiotic for a bacterial infection, don't rely on alternative treatments alone.\n\nCheck with your doctor before using any herbal remedies, as they can interact with prescription medications and may not be safe for children, pregnant women and people with certain health conditions.\n\nHerbal or alternative products for a sore throat are often packaged as teas, sprays or lozenges. Common alternative remedies include:\n\n<ul>\n<li>Slippery elm</li>\n<li>Licorice root</li>\n<li>Marshmallow root</li>\n<li>Honeysuckle flower and other Chinese medicine herbs</li>\n</ul>", 
    "Causes": "Viruses that cause the common cold and flu (influenza) also cause most sore throats. Less often, bacterial infections cause sore throats.\n\nViral illnesses that cause a sore throat include:\n\n<ul>\n<li>Common cold</li>\n<li>Flu (influenza)</li>\n<li>Mononucleosis (mono)</li>\n<li>Measles</li>\n<li>Chickenpox</li>\n<li>Croup \u2014 a common childhood illness characterized by a harsh, barking cough</li>\n</ul>\n\n\nA number of bacterial infections can cause a sore throat. The most common is Streptococcus pyogenes, or group A streptococcus, which causes strep throat.\n\nOther causes of a sore throat include:\n\n<ul>\n<li>Allergies. Allergies to pet dander, molds, dust and pollen can cause a sore throat. The problem may be complicated by postnasal drip, which can irritate and inflame the throat.</li>\n<li>Dryness. Dry indoor air, especially when buildings are heated, can make your throat feel rough and scratchy, particularly in the morning when you wake up. Breathing through your mouth \u2014 often because of chronic nasal congestion \u2014 also can cause a dry, sore throat.</li>\n<li>Irritants. Outdoor air pollution can cause ongoing throat irritation. Indoor pollution \u2014 tobacco smoke or chemicals \u2014 also can cause a chronic sore throat. Chewing tobacco, drinking alcohol and eating spicy foods also can irritate your throat.</li>\n<li>Muscle strain. You can strain muscles in your throat by yelling, such as at a sporting event; talking loudly; or talking for long periods without rest.</li>\n<li>Gastroesophageal reflux disease (GERD). GERD is a digestive system disorder in which stomach acids or other contents of the stomach back up in the food pipe (esophagus). Other signs or symptoms may include heartburn, hoarseness, regurgitation of stomach contents and the sensation of a lump in your throat.</li>\n<li>\n    HIV infection. A sore throat and other flu-like symptoms sometimes appear early after someone is infected with HIV. Also, someone who is HIV-positive might have a chronic or recurring sore throat due to a secondary infection, such as a fungal infection called oral thrush and cytomegalovirus (CMV) infection, a common viral infection that can be serious in people with compromised immune systems.\n    Both oral thrush and CMV can occur in anyone, but they're more likely to cause a sore throat and other symptoms in people with weakened immune systems.\n    </li>\n<li>Tumors. Cancerous tumors of the throat, tongue or voice box (larynx) can cause a sore throat. Other signs or symptoms may include hoarseness, difficulty swallowing, noisy breathing, a lump in the neck, and blood in saliva or phlegm.</li>\n</ul>\n\n\nRarely, an infected area of tissue (abscess) in the throat causes a sore throat. Another rare cause of a sore throat is a condition that occurs when the small cartilage \"lid\" that covers the windpipe swells, blocking airflow (epiglottitis). Both causes can block the airway, creating a medical emergency.", 
    "Diagnosis": "Your or your child's doctor will start with a physical exam that will include:\n\n<ul>\n<li>Using a lighted instrument to look at the throat, and likely the ears and nasal passages</li>\n<li>Gently feeling (palpating) the neck to check for swollen glands (lymph nodes) </li>\n<li>Listening to your or your child's breathing with a stethoscope </li>\n</ul>\n\n\n<b>Throat swab</b>\nWith this simple test, the doctor rubs a sterile swab over the back of the throat to get a sample of secretions. The sample will be checked in a lab for streptococcal bacteria, the cause of strep throat. Many clinics are equipped with a lab that can get a test result within a few minutes. However, a second, often more-reliable test is sometimes sent to a lab that returns results within 24 to 48 hours.\n\nIf the rapid, in-clinic test comes back positive, then you almost certainly have a bacterial infection. If the test comes back negative, then you likely have a viral infection. Your doctor might wait, however, for the out-of-clinic lab test to determine the cause of the infection.", 
    "Id": "syc-20351635", 
    "Lifestyle and home remedies": "Regardless of the cause of your sore throat, these at-home care strategies can help you ease your symptoms:\n\n<ul>\n<li>Rest. And rest your voice.</li>\n<li>Drink fluids. Fluids keep the throat moist and prevent dehydration. Avoid caffeine and alcohol, which can dehydrate you.</li>\n<li>Try comforting foods and beverage. Warm liquids \u2014 broth, caffeine-free tea or warm water with honey \u2014 and cold treats such as ice pops can soothe a sore throat.</li>\n<li>Gargle with saltwater. A saltwater gargle of 1/4 to 1/2 teaspoon of table salt to 4 to 8 ounces of warm water can help soothe a sore throat. Gargle the solution and then spit it out. </li>\n<li>Humidify the air. Use a cool-air humidifier to eliminate dry air that may further irritate a sore throat or sit for several minutes in a steamy bathroom.</li>\n<li>Consider lozenges or hard candy. Either can soothe a sore throat, but don't give them to children age 4 and younger because of choking risk.</li>\n<li>Avoid irritants. Keep your home free from cigarette smoke and cleaning products that can irritate the throat.</li>\n</ul>", 
    "Overview": "A sore throat is pain, scratchiness or irritation of the throat that often worsens when you swallow. The most common cause of a sore throat (pharyngitis) is a viral infection, such as a cold or the flu. A sore throat caused by a virus resolves on its own.\n\nStrep throat (streptococcal infection), a less common type of sore throat caused by bacteria, requires treatment with antibiotics to prevent complications. Other less common causes of sore throat might require more complex treatment.", 
    "Preparing for your appointment": "If you or your child has a sore throat, make an appointment with your family doctor or your child's pediatrician. In some cases, you may be referred to a specialist in ear, nose and throat (ENT) disorders or an allergy specialist (allergist).\n\nHere's some information to help you get ready for your appointment.\n\n<b>What you can do</b>\nMake a list of:\n\n<ul>\n<li>Symptoms you or your child has, and for how long</li>\n<li>Key personal information, such as recent contact with someone who was ill</li>\n<li>All medications, vitamins or other supplements you or your child takes, including doses</li>\n<li>Questions to ask the doctor.</li>\n</ul>\n\n\nFor a sore throat, some basic questions to ask your doctor include:\n\n<ul>\n<li>What's likely causing these symptoms?</li>\n<li>Are there other possible causes?</li>\n<li>What tests are needed?</li>\n<li>What treatment do you recommend?</li>\n<li>How soon do you expect symptoms to improve with treatment?</li>\n<li>How long will this be contagious? When is it safe to return to school or work?</li>\n<li>What self-care steps might help?</li>\n</ul>\n\n\nDon't hesitate to ask other questions.\n\n<b>What to expect from your doctor</b>\nYour doctor is likely to ask questions about you or your child. Your doctor might ask:\n\n<ul>\n<li>Are there symptoms other than a sore throat?</li>\n<li>Have these symptoms included a fever? How high?</li>\n<li>Has there been difficulty breathing?</li>\n<li>Does anything worsen the sore throat, such as swallowing?</li>\n<li>Does anything seem to make the symptoms better?</li>\n<li>Has anyone else at home been ill?</li>\n<li>Is a sore throat a recurring problem?</li>\n<li>Do you smoke? Are you or your child regularly exposed to secondhand smoke?</li>\n</ul>", 
    "Prevention": "The best way to prevent sore throats is to avoid the germs that cause them and practice good hygiene. Follow these tips and teach your child to do the same:\n\n<ul>\n<li>Wash your hands thoroughly and frequently, especially after using the toilet, before eating, and after sneezing or coughing.</li>\n<li>Avoid sharing food, drinking glasses or utensils.</li>\n<li>Cough or sneeze into a tissue and throw it away. When necessary, sneeze into your elbow.</li>\n<li>Use alcohol-based hand sanitizers as an alternative to washing hands when soap and water aren't available.</li>\n<li>Avoid touching public phones or drinking fountains with your mouth.</li>\n<li>Regularly clean telephones, TV remotes and computer keyboards with sanitizing cleanser. When you travel, clean phones and remotes in your hotel room.</li>\n<li>Avoid close contact with people who are sick.</li>\n</ul>", 
    "Risk factors": "Although anyone can get a sore throat, some factors make you more susceptible, including:\n\n<ul>\n<li>Age. Children and teens are most likely to develop sore throats. Children are also more likely to have strep throat, the most common bacterial infection associated with a sore throat.</li>\n<li>Exposure to tobacco smoke. Smoking and secondhand smoke can irritate the throat. The use of tobacco products also increases the risk of cancers of the mouth, throat and voice box.</li>\n<li>Allergies. Seasonal allergies or ongoing allergic reactions to dust, molds or pet dander, make developing a sore throat more likely.</li>\n<li>Exposure to chemical irritants. Particles in the air from burning fossil fuels and common household chemicals can cause throat irritation.</li>\n<li>Chronic or frequent sinus infections. Drainage from your nose can irritate your throat or spread infection.</li>\n<li>Close quarters. Viral and bacterial infections spread easily anywhere people gather, whether in child care centers, classrooms, offices or airplanes.</li>\n<li>Weakened immunity. You're more susceptible to infections in general if your resistance is low. Common causes of lowered immunity include HIV, diabetes, treatment with steroids or chemotherapy drugs, stress, fatigue, and poor diet.</li>\n</ul>", 
    "Symptoms": "Symptoms of a sore throat can vary depending on the cause. Signs and symptoms might include:\n\n<ul>\n<li>Pain or a scratchy sensation in the throat</li>\n<li>Pain that worsens with swallowing or talking</li>\n<li>Difficulty swallowing</li>\n<li>Sore, swollen glands in your neck or jaw</li>\n<li>Swollen, red tonsils</li>\n<li>White patches or pus on your tonsils</li>\n<li>Hoarse or muffled voice</li>\n</ul>\n\n\nCommon infections causing a sore throat might result in other signs and symptoms, including:\n\n<ul>\n<li>Fever</li>\n<li>Cough</li>\n<li>Runny nose</li>\n<li>Sneezing</li>\n<li>Body aches</li>\n<li>Headache</li>\n<li>Nausea or vomiting</li>\n</ul>\n\n\nTake your child to a doctor if your child's sore throat doesn't go away with the first drink in the morning, recommends the American Academy of Pediatrics.\n\nGet immediate care if your child has severe signs such as:\n\n<ul>\n<li>Difficulty breathing</li>\n<li>Difficulty swallowing</li>\n<li>Unusual drooling, which might indicate an inability to swallow</li>\n</ul>\n\n\nIf you're an adult, see your doctor if you have a sore throat and any of the following associated problems occur, according to the American Academy of Otolaryngology:\n\n<ul>\n<li>A sore throat that is severe or lasts longer than a week</li>\n<li>Difficulty swallowing</li>\n<li>Difficulty breathing</li>\n<li>Difficulty opening your mouth</li>\n<li>Joint pain</li>\n<li>Earache</li>\n<li>Rash</li>\n<li>Fever higher than 101 F (38.3 C)</li>\n<li>Blood in saliva or phlegm</li>\n<li>Frequently recurring sore throats</li>\n<li>A lump in your neck</li>\n<li>Hoarseness lasting more than two weeks</li>\n</ul>", 
    "Title": "Sore throat", 
    "Treatment": "A sore throat caused by a viral infection usually lasts five to seven days and doesn't require medical treatment. However, to ease pain and fever, many people turn to acetaminophen (Tylenol, others) or other mild pain relievers. Use acetaminophen for the shortest time possible and follow label directions to avoid side effects. \n\nConsider giving your child over-the-counter (OTC) pain medications designed for infants or children. These include acetaminophen (Tylenol, Infant's Feverall, others) or ibuprofen (Pediatric Advil, Motrin Infant, others) to ease symptoms.\n\nUse caution when giving aspirin to children or teenagers. Children and teenagers recovering from chickenpox or flu-like symptoms should never take aspirin. This is because aspirin has been linked to Reye's syndrome, a rare but potentially life-threatening condition, in such children.\n\n<b>Treating bacterial infections</b>\nIf your sore throat is caused by a bacterial infection, your doctor will prescribe antibiotics.\n\nYou must take the full course of antibiotics as prescribed even if the symptoms are gone. Failure to take all of the medication as directed can result in the infection worsening or spreading to other parts of the body. Not completing the full course of antibiotics to treat strep throat can increase a child's risk of rheumatic fever or serious kidney inflammation. \n\nTalk to your doctor or pharmacist about what to do if you forget a dose.\n\n<b>Other treatments</b>\nIf a sore throat is a symptom of a condition other than a viral or bacterial infection, other treatments will likely be considered depending on the diagnosis."
}