{
    "Aliases": [], 
    "Causes": "Mosquito bites are caused by female mosquitoes feeding on your blood. Female mosquitoes have a mouthpart made to pierce skin and siphon off blood. Males lack this blood-sucking ability because they don't produce eggs and so have no need for protein in blood.\n\nAs a biting mosquito fills itself with blood, it injects saliva into your skin. Proteins in the saliva trigger a mild immune system reaction that results in the characteristic itching and bump.\n\nMosquitoes select their victims by evaluating scent, exhaled carbon dioxide and the chemicals in a person's sweat.", 
    "Complications": "Scratching bites can lead to infection.\n\n Mosquitoes can carry certain diseases, such as West Nile virus, malaria, yellow fever and dengue fever. The mosquito obtains a virus or parasite by biting an infected person or animal. Then, when biting you, the mosquito can transfer that virus or parasite to you through its saliva. West Nile and encephalitis viruses are found in the United States. Dengue fever has been reported in several southern states and Hawaii. Other diseases, such as malaria and yellow fever, are far more common in tropical areas of the world.", 
    "Diagnosis": "Doctors can usually identify mosquito bites by sight.\n\nThe red, itchy, painful swelling referred to as skeeter syndrome is sometimes mistaken for a secondary bacterial infection brought on by scratching and broken skin. Skeeter syndrome is actually the result of an allergic reaction to proteins in mosquito saliva. There's no simple blood test to detect mosquito antibodies in blood, so mosquito allergy is diagnosed by determining whether the large, red areas of swelling and itching occurred after you were bitten by mosquitoes.", 
    "Id": "syc-20375310", 
    "Lifestyle and home remedies": "Most mosquito bites stop itching and heal on their own in a few days. These self-care tips may make you more comfortable.\n\n<ul>\n<li>Apply a lotion, cream or paste. Putting calamine lotion or nonprescription hydrocortisone cream on the bite can help ease the itch. Or try dabbing the bite with a paste made of baking soda and water. Reapply several times daily until your symptoms go away.</li>\n<li>Apply a cool compress. Try soothing the bite by applying a cold pack or a cool, moist cloth for a few minutes.</li>\n<li>Take an oral antihistamine. For stronger reactions, try taking a nonprescription antihistamine (Benadryl, Chlor-Trimeton, others).</li>\n</ul>", 
    "Overview": "Mosquito bites are the itchy bumps that appear after mosquitoes use their mouthparts to puncture your skin and feed on your blood. The bump usually clears up on its own in a few days. Occasionally a mosquito bite causes a large area of swelling, soreness and redness. This type of reaction, most common in children, is sometimes referred to as skeeter syndrome.\n\nBites from mosquitoes carrying certain viruses or parasites can cause severe illness. Infected mosquitoes in many parts of the world transmit West Nile virus to humans. Other mosquito-borne infections include yellow fever, malaria and some types of brain infection (encephalitis).", 
    "Preparing for your appointment": "You won't need to see your doctor for a mosquito bite, unless you develop a fever or other signs and symptoms that sometimes develop after such bites.\n\nHere's some information to help you get ready for your appointment.\n\nWhat you can do\n\nBefore your appointment make a list of:\n\n<ul>\n<li>Symptoms you've been having and for how long</li>\n<li>All medications, vitamins and supplements you take, including the doses</li>\n<li>Questions to ask your doctor</li>\n</ul>\n\n\nIf you're having signs and symptoms you think might be related to a mosquito bite, some basic questions to ask your doctor include:\n\n<ul>\n<li>What can I do to stop the itch?</li>\n<li>Is the area around my mosquito bite infected?</li>\n<li>Does the medication you're prescribing have any side effects?</li>\n<li>How will I know if I need additional care?</li>\n</ul>\n\n\n<b>What you can do in the meantime</b>\nIf itching is a problem, an over-the-counter antihistamine (Benadryl, Chlor-Trimeton, others) may help.", 
    "Prevention": "You can take several steps to protect yourself from mosquito bites.\n\n<b>Avoid and exclude mosquitoes</b>\nLimit exposure to mosquitoes by:\n\n<ul>\n<li>Avoiding outdoor activities when they're most active, dusk to dawn</li>\n<li>Repairing any tears in the screens on your windows, doors and camping gear</li>\n<li>Using mosquito netting over strollers and cribs or when sleeping outdoors</li>\n</ul>\n\n\n<b>Use insect repellent</b>\nThe most effective insect repellents in the United States include one of three active ingredients:\n\n<ul>\n<li>DEET</li>\n<li>Icaridin (also called picaridin)</li>\n<li>Oil of lemon eucalyptus (a plant-based compound)</li>\n</ul>\n\n\nThese repellents temporarily repel mosquitoes and ticks. DEET may offer longer lasting protection. Whichever product you choose, read the label before you apply it. If you're using a spray repellent, apply it outdoors and away from food.\n\nIf you're also using sunscreen, put it on first, about 20 minutes before applying the repellent. Avoid products that combine sunscreen and repellent, because you'll likely need to reapply sunscreen more often than repellent. And it's better to use only as much repellent as you need.\n\nUsed according to package directions, these products are generally safe for children and adults, with a few exceptions:\n\n<ul>\n<li>Don't use DEET-containing products on infants younger than 2 months.</li>\n<li>Don't let young children get DEET or icaridin-containing products on their hands or faces.</li>\n<li>Don't use oil of lemon eucalyptus on children under age 3 years.</li>\n<li>Don't apply repellent under clothing.</li>\n<li>Don't apply repellent over sunburns, cuts, wounds or rashes.</li>\n<li>When you go indoors, wash with soap and water to remove any remaining repellent.</li>\n</ul>\n\n\n<b>Treat clothing and outdoor gear</b>\nPermethrin is an insecticide and insect repellent used for additional protection. This product is applied to clothing and outdoor gear, not skin. Check the product label for specific application instructions. Some sporting goods stores sell clothing pretreated with permethrin.\n\n<b>Use protective clothing and gear</b>\nWeather permitting, wear:\n\n<ul>\n<li>Long sleeves</li>\n<li>Socks and closed-toe shoes</li>\n<li>Long pants, possibly tucked into the tops of your socks</li>\n<li>Light colors</li>\n<li>A hat that protects your ears and neck or one with mosquito netting that covers your face</li>\n</ul>\n\n\n<b>Take preventive medication</b>\nIf you tend to have large or severe reactions to mosquito bites (skeeter syndrome), consider taking a nondrowsy, nonprescription antihistamine when you know you'll be exposed to mosquitoes.\n\n<b>Reduce mosquitoes around your home</b>\nEliminate standing water, which mosquitoes need to breed. To keep your house and yard free of mosquito pools:\n\n<ul>\n<li>Unclog roof gutters.</li>\n<li>Empty children's wading pools at least once a week, and preferably more often.</li>\n<li>Change water in birdbaths at least weekly.</li>\n<li>Get rid of old tires in your yard.</li>\n<li>Empty outdoor flower pots regularly or store them upside down so that they can't collect water.</li>\n<li>Drain your fire pit if water collects there.</li>\n</ul>", 
    "Symptoms": "Mosquito bite signs include:\n\n<ul>\n<li>A puffy, white and reddish bump that appears a few minutes after the bite</li>\n<li>A hard, itchy, reddish-brown bump, or multiple bumps, appearing a day or so after the bite or bites</li>\n<li>Small blisters instead of hard bumps</li>\n<li>Dark spots that look like bruises</li>\n</ul>\n\n\nMore-severe reactions may be experienced by children, adults not previously exposed to the type of mosquito that bit them, and people with immune system disorders. In these people, mosquito bites sometimes trigger:\n\n<ul>\n<li>A large area of swelling and redness</li>\n<li>Low-grade fever</li>\n<li>Hives</li>\n<li>Swollen lymph nodes</li>\n</ul>\n\n\nChildren are more likely to develop a severe reaction than are adults, because many adults have had mosquito bites throughout their lives and become desensitized.\n\n<b>When to see a doctor</b>\nIf mosquito bites seem to be associated with more-serious warning signs \u2014 such as fever, headache, body aches and signs of infection \u2014 contact your doctor.", 
    "Title": "Mosquito bites"
}