{
    "Aliases": [], 
    "Alternative medicine": "Alternative therapies commonly used for low back pain include:\n\n<ul>\n<li>Acupuncture. In acupuncture, the practitioner inserts hair-thin needles into your skin at specific points on your body. Some studies have suggested that acupuncture can help back pain, while others have found no benefit. If you decide to try acupuncture, choose a licensed practitioner to ensure that he or she has had extensive training.</li>\n<li>Chiropractic. Spinal adjustment (manipulation) is one form of therapy chiropractors use to treat restricted spinal mobility. The goal is to restore spinal movement and, as a result, improve function and decrease pain. Spinal manipulation appears to be as effective and safe as standard treatments for low back pain, but might not be appropriate for radiating pain.</li>\n</ul>", 
    "Causes": "Sciatica occurs when the sciatic nerve becomes pinched, usually by a herniated disk in your spine or by an overgrowth of bone (bone spur) on your vertebrae. More rarely, the nerve can be compressed by a tumor or damaged by a disease such as diabetes.", 
    "Complications": "Although most people recover fully from sciatica, often without treatment, sciatica can potentially cause permanent nerve damage. Seek immediate medical attention if you have:\n\n<ul>\n<li>Loss of feeling in the affected leg</li>\n<li>Weakness in the affected leg</li>\n<li>Loss of bowel or bladder function</li>\n</ul>", 
    "Diagnosis": "During the physical exam, your doctor may check your muscle strength and reflexes. For example, you may be asked to walk on your toes or heels, rise from a squatting position and, while lying on your back, lift your legs one at a time. Pain that results from sciatica will usually worsen during these activities.\n\n<b>Imaging tests</b>\nMany people have herniated disks or bone spurs that will show up on X-rays and other imaging tests but have no symptoms. So doctors don't typically order these tests unless your pain is severe, or it doesn't improve within a few weeks.\n\n<ul>\n<li>X-ray. An X-ray of your spine may reveal an overgrowth of bone (bone spur) that may be pressing on a nerve.</li>\n<li>MRI. This procedure uses a powerful magnet and radio waves to produce cross-sectional images of your back. An MRI produces detailed images of bone and soft tissues such as herniated disks. During the test, you lie on a table that moves into the MRI machine.</li>\n<li>CT scan. When a CT is used to image the spine, you may have a contrast dye injected into your spinal canal before the X-rays are taken \u2014 a procedure called a CT myelogram. The dye then circulates around your spinal cord and spinal nerves, which appear white on the scan.</li>\n<li>Electromyography (EMG). This test measures the electrical impulses produced by the nerves and the responses of your muscles. This test can confirm nerve compression caused by herniated disks or narrowing of your spinal canal (spinal stenosis).</li>\n</ul>", 
    "Id": "syc-20377435", 
    "Lifestyle and home remedies": "For most people, sciatica responds to self-care measures. Although resting for a day or so may provide some relief, prolonged inactivity will make your signs and symptoms worse.\n\nOther self-care treatments that might help include:\n\n<ul>\n<li>Cold packs. Initially, you might get relief from a cold pack placed on the painful area for up to 20 minutes several times a day. Use an ice pack or a package of frozen peas wrapped in a clean towel.</li>\n<li>Hot packs. After two to three days, apply heat to the areas that hurt. Use hot packs, a heat lamp or a heating pad on the lowest setting. If you continue to have pain, try alternating warm and cold packs.</li>\n<li>Stretching. Stretching exercises for your low back can help you feel better and might help relieve nerve root compression. Avoid jerking, bouncing or twisting during the stretch, and try to hold the stretch for at least 30 seconds.</li>\n<li>Over-the-counter medications. Pain relievers such as ibuprofen (Advil, Motrin IB, others) and naproxen sodium (Aleve) are sometimes helpful for sciatica.</li>\n</ul>", 
    "Overview": "Sciatica refers to pain that radiates along the path of the sciatic nerve, which branches from your lower back through your hips and buttocks and down each leg. Typically, sciatica affects only one side of your body.\n\nSciatica most commonly occurs when a herniated disk, bone spur on the spine or narrowing of the spine (spinal stenosis) compresses part of the nerve. This causes inflammation, pain and often some numbness in the affected leg.\n\nAlthough the pain associated with sciatica can be severe, most cases resolve with non-operative treatments in a few weeks. People who have severe sciatica that's associated with significant leg weakness or bowel or bladder changes might be candidates for surgery.", 
    "Preparing for your appointment": "Not everyone who has sciatica needs medical care. If your symptoms are severe or persist for more than a month, though, make an appointment with your primary care doctor.\n\n<b>What you can do</b>\n<ul>\n<li>Write down your symptoms and when they began.</li>\n<li>List key medical information, including other conditions you have and the names of medications, vitamins or supplements you take.</li>\n<li>Note recent accidents or injuries that might have damaged your back.</li>\n<li>Take a family member or friend along, if possible. Someone who accompanies you can help you remember what your doctor tells you.</li>\n<li>Write down questions to ask your doctor to make the most of your appointment time.</li>\n</ul>\n\n\nFor radiating low back pain, some basic questions to ask your doctor include:\n\n<ul>\n<li>What's the most likely cause of my back pain?</li>\n<li>Are there other possible causes?</li>\n<li>Do I need diagnostic tests?</li>\n<li>What treatment do you recommend?</li>\n<li>If you're recommending medications, what are the possible side effects?</li>\n<li>For how long will I need to take medication?</li>\n<li>Am I a candidate for surgery? Why or why not?</li>\n<li>Are there restrictions I need to follow?</li>\n<li>What self-care measures should I take?</li>\n<li>What can I do to prevent my symptoms from recurring?</li>\n</ul>\n\n\nDon't hesitate to ask other questions.\n\n<b>What to expect from your doctor</b>\nYour doctor is likely to ask you a number of questions, such as:\n\n<ul>\n<li>Do you have numbness or weakness in your legs?</li>\n<li>Do certain body positions or activities make your pain better or worse?</li>\n<li>How limiting is your pain?</li>\n<li>Do you do heavy physical work?</li>\n<li>Do you exercise regularly? If yes, with what types of activities?</li>\n<li>What treatments or self-care measures have you tried? Has anything helped?</li>\n</ul>", 
    "Prevention": "It's not always possible to prevent sciatica, and the condition may recur. The following can play a key role in protecting your back:\n\n<ul>\n<li>Exercise regularly. To keep your back strong, pay special attention to your core muscles \u2014 the muscles in your abdomen and lower back that are essential for proper posture and alignment. Ask your doctor to recommend specific activities.</li>\n<li>Maintain proper posture when you sit. Choose a seat with good lower back support, armrests and a swivel base. Consider placing a pillow or rolled towel in the small of your back to maintain its normal curve. Keep your knees and hips level.</li>\n<li>Use good body mechanics. If you stand for long periods, rest one foot on a stool or small box from time to time. When you lift something heavy, let your lower extremities do the work. Move straight up and down. Keep your back straight and bend only at the knees. Hold the load close to your body. Avoid lifting and twisting simultaneously. Find a lifting partner if the object is heavy or awkward.</li>\n</ul>", 
    "Risk factors": "Risk factors for sciatica include:\n\n<ul>\n<li>Age. Age-related changes in the spine, such as herniated disks and bone spurs, are the most common causes of sciatica.</li>\n<li>Obesity. By increasing the stress on your spine, excess body weight can contribute to the spinal changes that trigger sciatica.</li>\n<li>Occupation. A job that requires you to twist your back, carry heavy loads or drive a motor vehicle for long periods might play a role in sciatica, but there's no conclusive evidence of this link.</li>\n<li>Prolonged sitting. People who sit for prolonged periods or have a sedentary lifestyle are more likely to develop sciatica than active people are.</li>\n<li>Diabetes. This condition, which affects the way your body uses blood sugar, increases your risk of nerve damage.</li>\n</ul>", 
    "Symptoms": "Pain that radiates from your lower (lumbar) spine to your buttock and down the back of your leg is the hallmark of sciatica. You might feel the discomfort almost anywhere along the nerve pathway, but it's especially likely to follow a path from your low back to your buttock and the back of your thigh and calf.\n\nThe pain can vary widely, from a mild ache to a sharp, burning sensation or excruciating pain. Sometimes it can feel like a jolt or electric shock. It can be worse when you cough or sneeze, and prolonged sitting can aggravate symptoms. Usually only one side of your body is affected.\n\nSome people also have numbness, tingling or muscle weakness in the affected leg or foot. You might have pain in one part of your leg and numbness in another part.\n\n<b>When to see a doctor</b>\nMild sciatica usually goes away over time. Call your doctor if self-care measures fail to ease your symptoms or if your pain lasts longer than a week, is severe or becomes progressively worse. Get immediate medical care if:\n\n<ul>\n<li>You have sudden, severe pain in your low back or leg and numbness or muscle weakness in your leg</li>\n<li>The pain follows a violent injury, such as a traffic accident</li>\n<li>You have trouble controlling your bowels or bladder</li>\n</ul>", 
    "Title": "Sciatica", 
    "Treatment": "If your pain doesn't improve with self-care measures, your doctor might suggest some of the following treatments.\n\n<b>Medications</b>\nThe types of drugs that might be prescribed for sciatica pain include:\n\n<ul>\n<li>Anti-inflammatories</li>\n<li>Muscle relaxants</li>\n<li>Narcotics</li>\n<li>Tricyclic antidepressants</li>\n<li>Anti-seizure medications</li>\n</ul>\n\n\n<b>Physical therapy</b>\nOnce your acute pain improves, your doctor or a physical therapist can design a rehabilitation program to help you prevent future injuries. This typically includes exercises to correct your posture, strengthen the muscles supporting your back and improve your flexibility.\n\n<b>Steroid injections</b>\nIn some cases, your doctor might recommend injection of a corticosteroid medication into the area around the involved nerve root. Corticosteroids help reduce pain by suppressing inflammation around the irritated nerve. The effects usually wear off in a few months. The number of steroid injections you can receive is limited because the risk of serious side effects increases when the injections occur too frequently.\n\n<b>Surgery</b>\nThis option is usually reserved for when the compressed nerve causes significant weakness, loss of bowel or bladder control, or when you have pain that progressively worsens or doesn't improve with other therapies. Surgeons can remove the bone spur or the portion of the herniated disk that's pressing on the pinched nerve."
}