{
    "Aliases": [], 
    "Causes": "If you are exposed to high levels of asbestos dust over a long period of time, some of the airborne fibers can become lodged within your alveoli \u2014 the tiny sacs inside your lungs where oxygen is exchanged for carbon dioxide in your blood. The asbestos fibers irritate and scar lung tissue, causing the lungs to become stiff. This makes it difficult to breathe. \n\nAs asbestosis progresses, more and more lung tissue becomes scarred. Eventually, your lung tissue becomes so stiff that it can't contract and expand normally.\n\nSmoking cigarettes appears to increase the retention of asbestos fibers in the lungs, and often results in a faster progression of the disease.", 
    "Complications": "If you have asbestosis, you're at increased risk of developing lung cancer \u2014 especially if you smoke or have a history of smoking.", 
    "Diagnosis": "Asbestosis can be difficult to diagnose because its signs and symptoms are similar to those of many other types of respiratory diseases. A variety of diagnostic tests might be needed to help pinpoint the diagnosis.\n\n<b>Imaging tests</b>\n<ul>\n<li>Chest X-ray. Advanced asbestosis appears as excessive whiteness in your lung tissue. If the asbestosis is severe, the tissue in both lungs might be affected, giving them a honeycomb appearance.</li>\n<li>Computerized tomography (CT). CT scans combine a series of X-ray views taken from many different angles to produce cross-sectional images of the bones and soft tissues inside your body. These scans generally provide greater detail and might help detect asbestosis in its early stages, even before it shows up on a chest X-ray.</li>\n</ul>\n\n\n<b>Pulmonary function tests</b>\nThese tests determine how well your lungs are functioning. Pulmonary function tests measure how much air your lungs can hold and the airflow in and out of your lungs.\n\nDuring the test, you might be asked to blow as hard as you can into an air-measurement device called a spirometer. More-complete pulmonary function tests can measure the amount of oxygen being transferred to your bloodstream.", 
    "Id": "syc-20354637", 
    "Lifestyle and home remedies": "<ul>\n<li>Stop smoking. Asbestosis increases the risk of lung cancer. Quitting smoking can reduce this risk. Try to avoid secondhand smoke. Smoking might also cause emphysema, which further reduces your lung reserves.</li>\n<li>Get vaccinated. Talk to your doctor about flu and pneumonia vaccines, which can help lower your risk of lung infections. Promptly treat respiratory infections.</li>\n</ul>", 
    "Overview": "Asbestosis (as-bes-TOE-sis) is a chronic lung disease caused by inhaling asbestos fibers. Prolonged exposure to these fibers can cause lung tissue scarring and shortness of breath. Asbestosis symptoms can range from mild to severe, and usually don't appear until many years after continued exposure.\n\nAsbestos is a natural mineral product that's resistant to heat and corrosion. It was used extensively in the past in products such as insulation, cement and some floor tiles.\n\nMost people with asbestosis acquired it on the job before the federal government began regulating the use of asbestos and asbestos products in the 1970s. Today, its handling is strictly regulated. Acquiring asbestosis is extremely unlikely if you follow your employer's safety procedures. Treatment focuses on relieving your symptoms.", 
    "Preparing for your appointment": "You're likely to start by seeing your family doctor for the disorder's most common symptom \u2014 shortness of breath. He or she might refer you to a doctor specializing in lung problems (pulmonologist).\n\n<b>What you can do</b>\nBefore your appointment, you might want to write a list of answers to the following questions:\n\n<ul>\n<li>What are your symptoms and when did they start?</li>\n<li>Have your symptoms stayed the same or gotten worse?</li>\n<li>What kind of work have you done in your career? Be specific.</li>\n<li>Have you been involved in any home-remodeling projects or other building renovations occurring over a long period of time?</li>\n<li>Do you or did you smoke? If so, how much?</li>\n<li>What medications and supplements do you take?</li>\n</ul>\n\n\nIf you have had chest X-rays in the past, you might want to bring along copies of the images so your doctor can compare them to your current imaging tests.\n\n<b>What to expect from your doctor</b>\nDuring the physical exam, your doctor will use a stethoscope to listen carefully to your lungs to determine if you make a crackling sound while inhaling.", 
    "Prevention": "Reducing exposure to asbestos is the best prevention against asbestosis. In the United States, federal law requires employers in industries that work with asbestos products \u2014 such as construction \u2014 to take special safety measures.\n\nMany homes built before the 1970s have materials such as pipes and floor tiles that contain asbestos. Generally, there's no cause for concern as long as the asbestos is enclosed and undisturbed. It's when materials containing asbestos are damaged that there's a danger of asbestos fibers being released into the air.", 
    "Risk factors": "People who worked in mining, milling, manufacturing, installation or removal of asbestos products before the late 1970s are at risk of asbestosis. Examples include:\n\n<ul>\n<li>Asbestos miners</li>\n<li>Aircraft and auto mechanics</li>\n<li>Boiler operators</li>\n<li>Building construction workers</li>\n<li>Electricians</li>\n<li>Railroad workers</li>\n<li>Shipyard workers</li>\n<li>Workers removing asbestos insulation around steam pipes in older buildings</li>\n</ul>\n\n\nIn general, it's safe to be around materials that are made with asbestos as long as the asbestos fibers are contained. This prevents them from getting into the air.", 
    "Symptoms": "The effects of long-term exposure to asbestos typically don't show up for 10 to 40 years after initial exposure. Asbestosis signs and symptoms can include:\n\n<ul>\n<li>Shortness of breath</li>\n<li>A persistent, dry cough</li>\n<li>Loss of appetite with weight loss</li>\n<li>Fingertips and toes that appear wider and rounder than normal (clubbing)</li>\n<li>Chest tightness or pain</li>\n</ul>\n\n\n<b>When to see a doctor</b>\nIf you have a history of exposure to asbestos and you're experiencing increasing shortness of breath, talk to your doctor about the possibility of asbestosis.", 
    "Title": "Asbestosis", 
    "Treatment": "There's no treatment to reverse the effects of asbestos on the alveoli. Treatment focuses on slowing the progression of the disease and relieving symptoms.\n\nYou'll need routine follow-up care, such as chest X-rays and lung function tests, at regular intervals depending on the severity of your condition.\n\n<b>Therapy</b>\nTo ease breathing difficulty caused by advanced asbestosis, your doctor might prescribe supplemental oxygen. This is delivered by thin plastic tubing with prongs that fit into your nostrils or a mask.\n\n<b>Surgery</b>\nIf your symptoms are severe, you might be a candidate for a lung transplant."
}