{
    "Aliases": [], 
    "Causes": "There's no known cause of pulmonary atresia. To understand the problems pulmonary atresia causes, it's helpful to know how the heart works.\n\n<b>How the heart works</b>\nThe heart is divided into four hollow chambers, two on the right and two on the left. In performing its basic job \u2014 pumping blood throughout the body \u2014 the heart uses its left and right sides for different tasks.\n\nThe right side of the heart moves blood to the lungs through vessels called pulmonary arteries. In the lungs, blood picks up oxygen then returns to the heart's left side through the pulmonary veins. The left side of the heart then pumps the blood through the aorta and out to the rest of the body to supply your baby's body with oxygen.\n\nBlood moves through your baby's heart in one direction through valves that open and close as the heart beats. The valve that allows blood out of your baby's heart and into the lungs to pick up oxygen is called the pulmonary valve.\n\nIn pulmonary atresia, the pulmonary valve doesn't develop properly, preventing it from opening. Blood can't flow from the right ventricle to the lungs.\n\nBefore birth, the improperly formed valve isn't life-threatening, because the placenta provides oxygen for your baby instead of the lungs. Blood entering the right side of your baby's heart passes through a hole (foramen ovale) between the top chambers of your baby's heart, so the oxygen-rich blood can be pumped out to the rest of your baby's body through the aorta.\n\nAfter birth, your baby's lungs must provide oxygen for his or her body. In pulmonary atresia, without a working pulmonary valve, blood must find another route to reach your baby's lungs.\n\nThe foramen ovale usually shuts soon after birth, but may stay open in pulmonary atresia. Newborn babies also have a temporary connection (ductus arteriosus) between the aorta and the pulmonary artery.\n\nThis passage allows some of the oxygen-poor blood to travel to the lungs where it can pick up oxygen to supply your baby's body. The ductus arteriosus normally closes soon after birth, but can be kept open with medications.\n\nIn some cases, there may be a second hole in the tissue that separates the main pumping chambers of your baby's heart, called a ventricular septal defect (VSD).\n\nThe VSD allows a pathway for blood to pass through the right ventricle into the left ventricle. Children with pulmonary atresia and a VSD often have additional abnormalities of the lungs and the arteries that bring blood to the lungs.\n\nIf there's no VSD, the right ventricle receives little blood flow before birth and often doesn't develop fully. This is a condition called pulmonary atresia with intact ventricular septum (PA/IVS).", 
    "Clinical trials": "Explore Mayo Clinic studies testing new treatments, interventions and tests as a means to prevent, detect, treat or manage this disease.", 
    "Complications": "Without treatment, pulmonary atresia is nearly always fatal. Even after surgical repairs, you'll need to carefully monitor your child's health for any changes that could signal a problem.\n\nPeople with structural heart problems, such as pulmonary atresia, are at a higher risk of infectious endocarditis than the general population. Infectious endocarditis is an inflammation of the valves and inner lining of the heart caused by a bacterial infection.\n\nEven after treatment, people born with pulmonary atresia appear to face a higher risk of certain heart problems, such as abnormal heart rhythms (arrhythmias) and heart failure as adults.", 
    "Coping and support": "It's natural for many parents to feel worried about their child's health, even after treatment of a congenital heart defect. Although many children who have congenital heart defects can do the same things children without heart defects can, here are a few things to keep in mind if your child has a congenital heart defect:\n\n<ul>\n<li>Developmental difficulties. Because some children who have congenital heart defects may have had a long recovery time from surgeries or procedures, they may developmentally lag behind other children their age. Talk to your child's doctor about ways to help your child through his or her developmental difficulties.</li>\n<li>Emotional difficulties. Many children who have developmental difficulties may feel insecure about their abilities and may have emotional difficulties as they reach school age. Talk to your child's doctor about ways you can help your child cope with these problems, which may include support groups for parents, or a visit to a therapist or psychologist for your child.</li>\n<li>Support groups. Having a child with a serious medical problem isn't easy and, depending on the severity of the defect, may be very difficult and frightening. You may find that talking with other parents who've been through the same situation brings you comfort and encouragement. Ask your child's doctor if there are any local support groups.</li>\n</ul>", 
    "Diagnosis": "Tests to diagnose pulmonary atresia may include:\n\n<ul>\n<li>X-ray. An X-ray shows the size and shape of your child's internal tissues, bones and organs. This can help your baby's doctor see the extent of your baby's pulmonary atresia.</li>\n<li>Electrocardiogram (ECG). In this test, sensor patches with wires attached (electrodes) measure the electrical impulses given off by your child's heart. This test detects any abnormal heart rhythms (arrhythmias or dysrhythmias) and may show heart muscle stress.</li>\n<li>Echocardiogram. In an echocardiogram, sound waves create detailed images of your child's heart. Your child's doctor usually uses an echocardiogram to diagnose pulmonary atresia. Your doctor may diagnose your baby's pulmonary atresia through an echocardiogram of your abdomen before you deliver your baby (fetal echocardiogram).</li>\n<li>Cardiac catheterization. In this test, your child's doctor inserts a thin, flexible tube (catheter) into a blood vessel in your child's groin and guides it to your child's heart using X-ray imaging. This test provides detailed information about your child's heart structure and the blood pressure and oxygen levels in your child's heart, pulmonary artery and aorta. Your child's doctor may inject a special dye into the catheter to make the arteries visible under X-ray.</li>\n</ul>", 
    "Id": "syc-20350727", 
    "Lifestyle and home remedies": "Here are some tips for caring for your child after coming home from the hospital:\n\n<ul>\n<li>Keep regular follow-up appointments with your child's doctor. Your child will likely need regular appointments with a doctor trained in congenital heart conditions. These appointments need to continue even after your child is an adult. Ask your child's doctor how frequently your child needs to be seen.</li>\n<li>Help your child stay active. Encourage as much normal play and activity as your child is able to tolerate, with ample opportunity for rest and nap time. Staying active helps your child's heart stay fit. As your child grows, talk with the cardiologist about which activities are best for your child. If some are off-limits, such as competitive sports, encourage your child in other pursuits rather than focusing on what he or she can't do.</li>\n<li>Keep up with routine well-child care. Standard vaccinations are encouraged for children with congenital heart defects, as well as vaccines against the flu, pneumonia and respiratory syncytial virus infections.</li>\n<li>Preventive antibiotics. Your child's cardiologist may recommend that your child take preventive antibiotics before certain dental and other procedures to prevent bacteria from entering the bloodstream and infecting the inner lining of the heart (infective endocarditis). Practicing good oral hygiene \u2014 brushing and flossing teeth, getting regular dental checkups \u2014 is another good way of preventing infection.</li>\n</ul>", 
    "Overview": "Pulmonary atresia (uh-TREE-zhuh) is a heart defect present at birth (congenital) that's normally diagnosed soon after birth. In pulmonary atresia, the valve that lets blood out of the heart to go to your or your baby's lungs (pulmonary valve) doesn't form correctly.\n\nInstead of opening and closing to allow blood to travel from the heart to the lungs, a solid sheet of tissue forms. So blood can't travel by its normal route to pick up oxygen from the lungs. Instead, some blood travels to the lungs through other natural passages within the heart and its arteries.\n\nThese passages are necessary when your baby is developing in the womb and they normally close soon after birth. Babies with pulmonary atresia typically have a bluish cast to their skin because they aren't getting enough oxygen.\n\nPulmonary atresia is a life-threatening situation. Procedures to correct your baby's heart condition and medications to help your baby's heart work more effectively are the first steps to treat pulmonary atresia.", 
    "Preparing for your appointment": "It's most likely that your child would be diagnosed with pulmonary atresia soon after birth while still in the hospital. If your child is diagnosed with pulmonary atresia, you'll be referred to a heart specialist (cardiologist) for ongoing care.\n\nBecause appointments can be brief, and because there's often a lot to discuss, it's a good idea to be prepared for your appointment. Here's some information to help you get ready for your appointment, and what to expect from your doctor.\n\n<b>What you can do</b>\n<ul>\n<li>Be aware of any pre-appointment restrictions. At the time you make the appointment, be sure to ask if there's anything you need to do in advance, such as fill out forms or restrict your child's diet. For some imaging tests, for example, your child may need to fast for a period of time beforehand.</li>\n<li>Write down any symptoms your child has, including any that may seem unrelated to pulmonary atresia. Try to recall when they began. Be specific, such as days, weeks, months, and avoid vague terms such as \"some time ago.\"</li>\n<li>Write down key personal information, including a family history of heart defects, pulmonary hypertension, lung disease, heart disease, stroke, high blood pressure or diabetes, and any major stresses or recent life changes.</li>\n<li>Make a list of all medications, as well as any vitamins or supplements that your child is taking. Also, be sure to tell your doctor if you've recently stopped taking any medications, or if you took any medications during pregnancy.</li>\n<li>Take a family member or friend along, if possible. Sometimes it can be difficult to remember all the information provided to you during an appointment. Someone who accompanies you may remember something that you missed or forgot.</li>\n<li>Write down questions to ask your child's doctor.</li>\n</ul>\n\n\nYour time with your doctor is limited, so preparing a list of questions will help you make the most of your time together. List your questions from most important to least important in case time runs out. For pulmonary atresia, some basic questions to ask your doctor include:\n\n<ul>\n<li>What are other possible causes for my child's symptoms or condition?</li>\n<li>What kinds of tests will my child need?</li>\n<li>What's the best treatment?</li>\n<li>Are there any activities my child should avoid as he or she grows up?</li>\n<li>How often should my child be screened for changes in his or her condition?</li>\n<li>What are the alternatives to the primary approach that you're suggesting?</li>\n<li>Could you recommend a specialist who has experience treating congenital heart defects?</li>\n<li>Is there a generic alternative to the medicine you're prescribing?</li>\n<li>Are there any brochures or other printed material that I can take home with me? What websites do you recommend?</li>\n</ul>\n\n\nIn addition to the questions that you've prepared to ask your child's doctor, don't hesitate to ask other questions during your appointment if you don't understand something.\n\n<b>What to expect from your child's doctor</b>\nYour doctor is likely to ask you a number of questions. Being ready to answer them may reserve time to go over any points you want to spend more time on. Your child's doctor may ask:\n\n<ul>\n<li>Has anyone else in your family been diagnosed with pulmonary atresia or another heart defect?</li>\n<li>Have your child's symptoms been continuous or occasional?</li>\n<li>How severe are your child's symptoms?</li>\n<li>What, if anything, seems to improve your child's symptoms?</li>\n<li>What, if anything, appears to worsen your child's symptoms?</li>\n</ul>", 
    "Prevention": "Because the exact cause of pulmonary atresia is unknown, it may not be possible to prevent it. However, there are some things you can do that might reduce your child's overall risk of congenital heart defects, such as:\n\n<ul>\n<li>Control chronic medical conditions. If you have diabetes, keeping your blood sugar in check can reduce the risk of heart defects. If you have other chronic conditions, such as high blood pressure or epilepsy, that require the use of medications, discuss the risks and benefits of these drugs with your doctor.</li>\n<li>Don't smoke. Smoking cigarettes during pregnancy may increase the risk of heart defects in your baby.</li>\n<li>Maintain a healthy weight. If you're obese, you have a higher risk of having a baby with a congenital heart defect.</li>\n<li>Get a German measles (rubella) vaccine. If you develop German measles during pregnancy, it may affect your baby's heart development. Being vaccinated before you try to conceive likely eliminates this risk. However, no link has been shown between rubella and the development of pulmonary atresia.</li>\n</ul>", 
    "Risk factors": "In most cases, the exact cause of a congenital heart defect, such as pulmonary atresia, is unknown. However, several factors may increase the risk of a baby being born with a congenital heart defect, including:\n\n<ul>\n<li>A parent who has a congenital heart defect</li>\n<li>A mother who is obese before getting pregnant</li>\n<li>Smoking before or during pregnancy</li>\n<li>A mother who has poorly controlled diabetes</li>\n<li>Use of some types of medications during pregnancy, such as certain acne drugs and blood pressure medications</li>\n</ul>", 
    "Symptoms": "If your baby is born with pulmonary atresia, symptoms will be noticeable soon after birth. Your baby's signs and symptoms may include:\n\n<ul>\n<li>Blue- or gray-toned skin (cyanosis)</li>\n<li>Fast breathing or shortness of breath</li>\n<li>Easily tiring or being fatigued</li>\n<li>Feeding problems</li>\n</ul>\n\n\n<b>When to see a doctor</b>\nYour baby will most likely be diagnosed with pulmonary atresia soon after birth. However, if your baby has any symptoms of pulmonary atresia after you've returned home, seek emergency medical attention.", 
    "Title": "Pulmonary atresia", 
    "Treatment": "Your baby will need urgent medical attention once pulmonary atresia symptoms develop. The choice of surgeries or procedures depends on the severity of your child's condition.\n\n<b>Medications</b>\nAn intravenous drug called prostaglandin will prevent closure of the natural connection (ductus arteriosus) between the pulmonary artery and the aorta. This is not a permanent solution, but it gives your doctors additional time to determine what type of surgery or procedure might be best for your child.\n\n<b>Procedures via catheterization</b>\nIn some cases, repairs can be made via a long, thin tube (catheter) inserted into a large vein in your baby's groin and threaded up to the heart. These procedures include:\n\n<ul>\n<li>Balloon atrial septostomy. A balloon can also be used to enlarge the natural hole (foramen ovale) in the wall between the upper two chambers of the heart. This hole usually closes shortly after birth. Enlarging it increases the amount of blood available to travel to the lungs.</li>\n<li>Stent placement. Your baby's doctor may place a rigid tube (stent) in the natural connection between the aorta and pulmonary artery (ductus arteriosus). This opening also usually closes soon after birth. Keeping it open allows blood to travel to the lungs.</li>\n</ul>\n\n\n<b>Heart surgery</b>\nThe type of surgical repair needed will depend on the size of your child's right ventricle and pulmonary artery. Babies with pulmonary atresia often require a series of heart operations over time. Some examples include:\n\n<ul>\n<li>Shunting. Creating a bypass (shunt) from the main blood vessel leading out of the heart (aorta) to the pulmonary arteries allows for adequate blood flow to the lungs. However, babies usually outgrow this shunt within a few months.</li>\n<li>Glenn procedure. In this surgery, one of the large veins that normally returns blood to the heart is connected directly to the pulmonary artery instead. Another large vein continues to provide blood to the right side of the heart, which pumps it through the surgically repaired pulmonary valve. This can help the right ventricle grow larger.</li>\n<li>Fontan procedure. If the right ventricle remains too small to be useful, surgeons may use a Fontan procedure to create a pathway that allows most, if not all, of the blood coming to the heart to flow directly into the pulmonary artery.</li>\n<li>Heart transplant. In some cases, the heart is too damaged to repair and a heart transplant may be necessary.</li>\n</ul>\n\n\n<b>Potential future treatments</b>\nIt's possible that pulmonary atresia might someday be repaired with fetal surgery during pregnancy. A recent small study showed promising results, but more research needs to be done."
}