{
    "Aliases": [], 
    "Causes": "Bacterial vaginosis results from overgrowth of one of several bacteria naturally found in your vagina. Usually, \"good\" bacteria (lactobacilli) outnumber \"bad\" bacteria (anaerobes). But if there are too many anaerobic bacteria, they upset the natural balance of microorganisms in your vagina and cause bacterial vaginosis.", 
    "Complications": "Bacterial vaginosis doesn't generally cause complications. Sometimes, having bacterial vaginosis may lead to:\n\n<ul>\n<li>Preterm birth. In pregnant women, bacterial vaginosis is linked to premature deliveries and low birth weight babies.</li>\n<li>Sexually transmitted infections. Having bacterial vaginosis makes women more susceptible to sexually transmitted infections, such as HIV, herpes simplex virus, chlamydia or gonorrhea. If you have HIV, bacterial vaginosis increases the odds that you'll pass the virus on to your partner.</li>\n<li>Infection risk after gynecologic surgery. Having bacterial vaginosis may increase the risk of developing a post-surgical infection after procedures such as hysterectomy or dilation and curettage (D&C).</li>\n<li>Pelvic inflammatory disease (PID). Bacterial vaginosis can sometimes cause PID, an infection of the uterus and the fallopian tubes that can increase the risk of infertility.</li>\n</ul>", 
    "Diagnosis": "To diagnose bacterial vaginosis, your doctor may:\n\n\n\n<ul>\n<li>Ask questions about your medical history. Your doctor may ask about any previous vaginal infections or sexually transmitted infections.</li>\n<li>Perform a pelvic exam. During a pelvic exam, your doctor visually examines your vagina for signs of infection, and inserts two fingers into your vagina while pressing on your abdomen with the other hand to check your pelvic organs for signs that may indicate disease.</li>\n<li>Take a sample of vaginal secretions. This may be done to check for an overgrowth of anaerobic bacteria in your vaginal flora. Your doctor may examine the vaginal secretions under a microscope, looking for \"clue cells,\" vaginal cells covered with bacteria that are a sign of bacterial vaginosis.</li>\n<li>Test your vaginal pH. Your doctor may check the acidity of your vagina by placing a pH test strip in your vagina. A vaginal pH of 4.5 or higher is a sign of bacterial vaginosis.</li>\n</ul>", 
    "Id": "syc-20352279", 
    "Overview": "Bacterial vaginosis is a type of vaginal inflammation caused by the overgrowth of bacteria naturally found in the vagina, which upsets the natural balance.\n\nWomen in their reproductive years are most likely to get bacterial vaginosis, but it can affect women of any age. The cause isn't completely understood, but certain activities, such as unprotected sex or frequent douching, increase your risk.", 
    "Preparing for your appointment": "Try to schedule your appointment on a day when you don't have your period. That way, your primary care doctor or gynecologist can observe and evaluate your vaginal discharge without menstrual discharge getting in the way. Avoid using tampons and vaginal deodorant sprays, and don't douche or have sex for 24 hours before your appointment.\n\n<b>What you can do</b>\nTo make the best use of your time with your doctor and prevent you from forgetting an important question:\n\n<ul>\n<li>Make a list of any symptoms you're experiencing. Include all of your symptoms, even if you don't think they're related.</li>\n<li>Make a list of any medications, vitamins, herbs or other supplements you take. Include how often you take them and the doses.</li>\n<li>Take a notepad or electronic device with you. Take notes of important information during your visit.</li>\n<li>Prepare a list of questions to ask your doctor. List your most important questions first, in case time runs out.</li>\n</ul>\n\n\nFor bacterial vaginosis, some basic questions to ask your doctor include:\n\n<ul>\n<li>Can I do anything to prevent bacterial vaginosis?</li>\n<li>What signs and symptoms should I look for?</li>\n<li>Do I need to take medicine?</li>\n<li>Does my partner also need to be tested or treated?</li>\n<li>Are there any special instructions for taking the medicine?</li>\n<li>Are there any over-the-counter products that will treat my condition?</li>\n<li>What can I do if my symptoms return after treatment?</li>\n</ul>\n\n\nDon't hesitate to ask questions during your appointment if you don't understand something.\n\n<b>Questions your doctor may ask</b>\nBe prepared to answer questions your doctor may have, such as:\n\n<ul>\n<li>What symptoms are you experiencing?</li>\n<li>How long have you had your symptoms?</li>\n<li>Do you notice a strong vaginal odor?</li>\n<li>Have you ever been treated for a vaginal infection?</li>\n<li>Have you tried any over-the-counter products to treat your condition?</li>\n<li>Have you recently taken antibiotics for any reason?</li>\n<li>Are you sexually active?</li>\n<li>Are you pregnant?</li>\n<li>Do you use scented soap or bubble bath?</li>\n<li>Do you douche or use feminine hygiene spray?</li>\n</ul>", 
    "Prevention": "To help prevent bacterial vaginosis:\n\n<ul>\n<li>Minimize vaginal irritation. Use mild, nondeodorant soaps and unscented tampons or pads.</li>\n<li>Don't douche. Your vagina doesn't require cleansing other than normal bathing. Frequent douching disrupts the vaginal balance and may increase your risk of vaginal infection. Douching won't clear up a vaginal infection.</li>\n<li>Avoid a sexually transmitted infection. Use a male latex condom, limit your number of sex partners or abstain from intercourse to minimize your risk of a sexually transmitted infection.</li>\n</ul>", 
    "Risk factors": "Risk factors for bacterial vaginosis include:\n\n<ul>\n<li>Having multiple sex partners or a new sex partner. Doctors don't fully understand the link between sexual activity and bacterial vaginosis, but the condition occurs more often in women who have multiple sex partners or a new sex partner. Bacterial vaginosis also occurs more frequently in women who have sex with women.</li>\n<li>Douching. The practice of rinsing out your vagina with water or a cleansing agent (douching) upsets the natural balance of your vagina. This can lead to an overgrowth of anaerobic bacteria, and cause bacterial vaginosis. Since the vagina is self-cleaning, douching isn't necessary.</li>\n<li>Natural lack of lactobacilli bacteria. If your natural vaginal environment doesn't produce enough of the good lactobacilli bacteria, you're more likely to develop bacterial vaginosis.</li>\n</ul>", 
    "Symptoms": "Bacterial vaginosis signs and symptoms may include:\n\n<ul>\n<li>Thin, gray, white or green vaginal discharge</li>\n<li>Foul-smelling \"fishy\" vaginal odor</li>\n<li>Vaginal itching</li>\n<li>Burning during urination</li>\n</ul>\n\n\nMany women with bacterial vaginosis have no signs or symptoms.\n\nMake an appointment to see your doctor if:\n\n<ul>\n<li>You have vaginal discharge that's new and associated with an odor or fever. Your doctor can help determine the cause and identify signs and symptoms.</li>\n<li>You've had vaginal infections before, but the color and consistency of your discharge seems different this time.</li>\n<li>You have multiple sex partners or a recent new partner. Sometimes, the signs and symptoms of a sexually transmitted infection are similar to those of bacterial vaginosis.</li>\n<li>You try self-treatment for a yeast infection with an over-the-counter treatment and your symptoms persist.</li>\n</ul>", 
    "Title": "Bacterial vaginosis", 
    "Treatment": "To treat bacterial vaginosis, your doctor may prescribe one of the following medications:\n\n<ul>\n<li>Metronidazole (Flagyl, Metrogel-Vaginal, others). This medicine may be taken as a pill by mouth (orally). Metronidazole is also available as a topical gel that you insert into your vagina. To reduce the risk of stomach upset, abdominal pain or nausea while using this medication, avoid alcohol during treatment and for at least one day after completing treatment \u2014 check the instructions on the product.</li>\n<li>Clindamycin (Cleocin, Clindesse, others). This medicine is available as a cream that you insert into your vagina. Clindamycin cream may weaken latex condoms during treatment and for at least three days after you stop using the cream.</li>\n<li>Tinidazole (Tindamax). This medication is taken orally. Tinidazole has the same potential for stomach upset and nausea as oral metronidazole does, so avoid alcohol during treatment and for at least one day after completing treatment.</li>\n</ul>\n\n\nIt's generally not necessary to treat an infected woman's male sexual partner, but bacterial vaginosis can spread between female sexual partners. Female partners should seek testing and may need treatment. It's especially important for pregnant women with symptoms to be treated to help decrease the risk of premature delivery or low birth weight.\n\nTake your medicine or use the cream or gel for as long as your doctor prescribes it \u2014 even if your symptoms go away. Stopping treatment early may increase the risk of recurrence.\n\n<b>Recurrence</b>\nIt's common for bacterial vaginosis to recur within three to 12 months, despite treatment. Researchers are exploring treatments for recurrent bacterial vaginosis. If your symptoms recur soon after treatment, talk with your doctor about treatments. One option may be extended-use metronidazole therapy.\n\nA self-help approach is lactobacillus colonization therapy \u2014 which attempts to boost the number of good bacteria in your vagina and re-establish a balanced vaginal environment \u2014 possibly accomplished by eating certain types of yogurt or other foods containing lactobacilli. While current research shows there may be some benefit to probiotic therapy, more research is needed on the subject."
}