{
    "Aliases": [], 
    "Alternative medicine": "There are no alternative medicine therapies that have been proved to cure urinary incontinence. Early studies have shown that acupuncture can provide some short-term benefit, but more research is needed. Yoga may also provide some benefit for urinary incontinence, but more study is needed.", 
    "Causes": "Urinary incontinence isn't a disease, it's a symptom. It can be caused by everyday habits, underlying medical conditions or physical problems. A thorough evaluation by your doctor can help determine what's behind your incontinence.\n\nCertain drinks, foods and medications may act as diuretics \u2014 stimulating your bladder and increasing your volume of urine. They include:\n\n<ul>\n<li>Alcohol</li>\n<li>Caffeine</li>\n<li>Carbonated drinks and sparkling water</li>\n<li>Artificial sweeteners</li>\n<li>Chocolate</li>\n<li>Chili peppers</li>\n<li>Foods that are high in spice, sugar or acid, especially citrus fruits</li>\n<li>Heart and blood pressure medications, sedatives, and muscle relaxants</li>\n<li>Large doses of vitamin C</li>\n</ul>\n\n\nUrinary incontinence may also be caused by an easily treatable medical condition, such as:\n\n<ul>\n<li>Urinary tract infection. Infections can irritate your bladder, causing you to have strong urges to urinate, and sometimes incontinence.</li>\n<li>Constipation. The rectum is located near the bladder and shares many of the same nerves. Hard, compacted stool in your rectum causes these nerves to be overactive and increase urinary frequency.</li>\n</ul>\n\n\nUrinary incontinence can also be a persistent condition caused by underlying physical problems or changes, including:\n\n<ul>\n<li>Pregnancy. Hormonal changes and the increased weight of the fetus can lead to stress incontinence.</li>\n<li>Childbirth. Vaginal delivery can weaken muscles needed for bladder control and also damage bladder nerves and supportive tissue, leading to a dropped (prolapsed) pelvic floor. With prolapse, the bladder, uterus, rectum or small intestine can get pushed down from the usual position and protrude into the vagina. Such protrusions can be associated with incontinence.</li>\n<li>Changes with age. Aging of the bladder muscle can decrease the bladder's capacity to store urine. Also, involuntary bladder contractions become more frequent as you get older.</li>\n<li>Menopause. After menopause women produce less estrogen, a hormone that helps keep the lining of the bladder and urethra healthy. Deterioration of these tissues can aggravate incontinence.</li>\n<li>Hysterectomy. In women, the bladder and uterus are supported by many of the same muscles and ligaments. Any surgery that involves a woman's reproductive system, including removal of the uterus, may damage the supporting pelvic floor muscles, which can lead to incontinence.</li>\n<li>Enlarged prostate. Especially in older men, incontinence often stems from enlargement of the prostate gland, a condition known as benign prostatic hyperplasia.</li>\n<li>Prostate cancer. In men, stress incontinence or urge incontinence can be associated with untreated prostate cancer. But more often, incontinence is a side effect of treatments for prostate cancer.</li>\n<li>Obstruction. A tumor anywhere along your urinary tract can block the normal flow of urine, leading to overflow incontinence. Urinary stones \u2014 hard, stone-like masses that form in the bladder \u2014 sometimes cause urine leakage.</li>\n<li>Neurological disorders. Multiple sclerosis, Parkinson's disease, a stroke, a brain tumor or a spinal injury can interfere with nerve signals involved in bladder control, causing urinary incontinence.</li>\n</ul>", 
    "Clinical trials": "Explore Mayo Clinic studies testing new treatments, interventions and tests as a means to prevent, detect, treat or manage this disease.", 
    "Complications": "Complications of chronic urinary incontinence include:\n\n<ul>\n<li>Skin problems. Rashes, skin infections and sores can develop from constantly wet skin.</li>\n<li>Urinary tract infections. Incontinence increases your risk of repeated urinary tract infections.</li>\n<li>Impacts on your personal life. Urinary incontinence can affect your social, work and personal relationships.</li>\n</ul>", 
    "Coping and support": "If you're embarrassed about a bladder control problem, you may try to cope on your own by wearing absorbent pads, carrying extra clothes or even avoiding going out.\n\nBut effective treatments are available for urinary incontinence. It's important to ask your doctor about treatment. You'll be on your way to regaining an active and confident life.", 
    "Diagnosis": "It's important to determine the type of urinary incontinence that you have, and your symptoms often tell your doctor which type you have. That information will guide treatment decisions.\n\nYour doctor is likely to start with a thorough history and physical exam. You may then be asked to do a simple maneuver that can demonstrate incontinence, such as coughing.\n\nAfter that, your doctor will likely recommend:\n\n<ul>\n<li>Urinalysis. A sample of your urine is checked for signs of infection, traces of blood or other abnormalities.</li>\n<li>Bladder diary. For several days you record how much you drink, when you urinate, the amount of urine you produce, whether you had an urge to urinate and the number of incontinence episodes.</li>\n<li>Post-void residual measurement. You're asked to urinate (void) into a container that measures urine output. Then your doctor checks the amount of leftover urine in your bladder using a catheter or ultrasound test. A large amount of leftover urine in your bladder may mean that you have an obstruction in your urinary tract or a problem with your bladder nerves or muscles.</li>\n</ul>\n\n\nIf further information is needed, your doctor may recommend more-involved tests, such as urodynamic testing and pelvic ultrasound. These tests are usually done if you're considering surgery.", 
    "Id": "syc-20352808", 
    "Lifestyle and home remedies": "Problems with urine leakage may require you to take extra care to prevent skin irritation:\n\n<ul>\n<li>Use a washcloth to clean yourself</li>\n<li>Allow your skin to air-dry</li>\n<li>Avoid frequent washing and douching because these can overwhelm your body's natural defenses against bladder infections</li>\n<li>Consider using a barrier cream, such as petroleum jelly or cocoa butter, to protect your skin from urine</li>\n<li>Ask your doctor about special cleansers made to remove urine that may be less drying than other products.</li>\n</ul>\n\n\nIf you have urge incontinence or nighttime incontinence, make the toilet more convenient:\n\n<ul>\n<li>Move any rugs or furniture you might trip over or collide with on the way to the toilet</li>\n<li>Use a night light to illuminate your path and reduce your risk of falling</li>\n</ul>\n\n\nIf you have functional incontinence, you might:\n\n<ul>\n<li>Keep a bedside commode in your bedroom</li>\n<li>Install an elevated toilet seat</li>\n<li>Widen an existing bathroom doorway</li>\n</ul>", 
    "Overview": "Urinary incontinence \u2014 the loss of bladder control \u2014 is a common and often embarrassing problem. The severity ranges from occasionally leaking urine when you cough or sneeze to having an urge to urinate that's so sudden and strong you don't get to a toilet in time.\n\nThough it occurs more often as people get older, urinary incontinence isn't an inevitable consequence of aging. If urinary incontinence affects your daily activities, don't hesitate to see your doctor. For most people, simple lifestyle changes or medical treatment can ease discomfort or stop urinary incontinence.\n\nUrinary incontinence care at Mayo Clinic.", 
    "Preparing for your appointment": "If you have urinary incontinence, you're likely to start by seeing your primary care doctor. You may be referred to a doctor who specializes in urinary tract disorders (urologist), or if you're a woman, a gynecologist with special training in female bladder problems and urinary function (urogynecologist).\n\n<b>What you can do</b>\nTo get ready for your appointment, it helps to:\n\n<ul>\n<li>Be aware of any pre-appointment restrictions, such as restricting your diet.</li>\n<li>Write down your symptoms, including how often you urinate, nighttime bladder activity and episodes of incontinence.</li>\n<li>Make a list of all your medications, vitamins and supplements, including doses and how often you take the medication.</li>\n<li>Write down key medical information, including other conditions you may have.</li>\n<li>Ask a relative or friend to accompany you, to help you remember what the doctor says.</li>\n<li>Take a notebook or electronic device with you, and use it to note important information during your visit.</li>\n<li>Write down questions to ask your doctor.</li>\n</ul>\n\n\nFor urinary incontinence, some basic questions to ask your doctor include:\n\n<ul>\n<li>What's the most likely cause of my symptoms?</li>\n<li>What kinds of tests do I need? Do these tests require any special preparation?</li>\n<li>Is my urinary incontinence temporary?</li>\n<li>What treatments are available?</li>\n<li>Should I anticipate any side effects of the treatment?</li>\n<li>Is there a generic alternative to the medicine you're prescribing for me?</li>\n<li>I have other health conditions. How can I best manage these conditions together?</li>\n</ul>\n\n\nDon't hesitate to ask other questions during your appointment as they occur to you.\n\n<b>What to expect from your doctor</b>\nYour doctor may ask you a number of questions, such as:\n\n<ul>\n<li>When did you first experience symptoms, and how severe are they?</li>\n<li>Have your symptoms been continuous or occasional?</li>\n<li>What, if anything, seems to improve or worsen your symptoms?</li>\n<li>How often do you need to urinate?</li>\n<li>When do you leak urine?</li>\n<li>Do you have trouble emptying your bladder?</li>\n<li>Have you noticed blood in your urine?</li>\n<li>Do you smoke?</li>\n<li>How often do you drink alcohol and caffeinated beverages?</li>\n<li>How often do you eat spicy, sugary or acidic foods?</li>\n</ul>", 
    "Prevention": "Urinary incontinence isn't always preventable. However, to help decrease your risk:\n\n<ul>\n<li>Maintain a healthy weight</li>\n<li>Practice pelvic floor exercises</li>\n<li>Avoid bladder irritants, such as caffeine, alcohol and acidic foods</li>\n<li>Eat more fiber, which can prevent constipation, a cause of urinary incontinence</li>\n<li>Don't smoke, or seek help to quit smoking</li>\n</ul>", 
    "Risk factors": "Factors that increase your risk of developing urinary incontinence include:\n\n<ul>\n<li>Gender. Women are more likely to have stress incontinence. Pregnancy, childbirth, menopause and normal female anatomy account for this difference. However, men with prostate gland problems are at increased risk of urge and overflow incontinence.</li>\n<li>Age. As you get older, the muscles in your bladder and urethra lose some of their strength. Changes with age reduce how much your bladder can hold and increase the chances of involuntary urine release.</li>\n<li>Being overweight. Extra weight increases pressure on your bladder and surrounding muscles, which weakens them and allows urine to leak out when you cough or sneeze.</li>\n<li>Smoking. Tobacco use may increase your risk of urinary incontinence.</li>\n<li>Family history. If a close family member has urinary incontinence, especially urge incontinence, your risk of developing the condition is higher.</li>\n<li>Other diseases. Neurological disease or diabetes may increase your risk of incontinence.</li>\n</ul>", 
    "Symptoms": "Many people experience occasional, minor leaks of urine. Others may lose small to moderate amounts of urine more frequently.\n\nTypes of urinary incontinence include:\n\n<ul>\n<li>Stress incontinence. Urine leaks when you exert pressure on your bladder by coughing, sneezing, laughing, exercising or lifting something heavy.</li>\n<li>Urge incontinence. You have a sudden, intense urge to urinate followed by an involuntary loss of urine. You may need to urinate often, including throughout the night. Urge incontinence may be caused by a minor condition, such as infection, or a more-severe condition such as a neurologic disorder or diabetes.</li>\n<li>Overflow incontinence. You experience frequent or constant dribbling of urine due to a bladder that doesn't empty completely.</li>\n<li>Functional incontinence. A physical or mental impairment keeps you from making it to the toilet in time. For example, if you have severe arthritis, you may not be able to unbutton your pants quickly enough.</li>\n<li>Mixed incontinence. You experience more than one type of urinary incontinence.</li>\n</ul>\n\n\nYou may feel uncomfortable discussing incontinence with your doctor. But if incontinence is frequent or is affecting your quality of life, it's important to seek medical advice because urinary incontinence may:\n\n<ul>\n<li>Indicate a more-serious underlying condition</li>\n<li>Cause you to restrict your activities and limit your social interactions</li>\n<li>Increase the risk of falls in older adults as they rush to the toilet</li>\n</ul>", 
    "Title": "Urinary incontinence", 
    "Treatment": "Treatment for urinary incontinence depends on the type of incontinence, its severity and the underlying cause. A combination of treatments may be needed. If an underlying condition is causing your symptoms, your doctor will first treat that condition.\n\nYour doctor is likely to suggest the least invasive treatments first and move on to other options only if these techniques fail.\n\n<b>Behavioral techniques</b>\nYour doctor may recommend:\n\n<ul>\n<li>Bladder training, to delay urination after you get the urge to go. You may start by trying to hold off for 10 minutes every time you feel an urge to urinate. The goal is to lengthen the time between trips to the toilet until you're urinating only every 2.5 to 3.5 hours.</li>\n<li>Double voiding, to help you learn to empty your bladder more completely to avoid overflow incontinence. Double voiding means urinating, then waiting a few minutes and trying again.</li>\n<li>Scheduled toilet trips, to urinate every two to four hours rather than waiting for the need to go.</li>\n<li>Fluid and diet management, to regain control of your bladder. You may need to cut back on or avoid alcohol, caffeine or acidic foods. Reducing liquid consumption, losing weight or increasing physical activity also can ease the problem.</li>\n</ul>\n\n\n<b>Pelvic floor muscle exercises</b>\nYour doctor may recommend that you do these exercises frequently to strengthen the muscles that help control urination. Also known as Kegel exercises, these exercises are especially effective for stress incontinence but may also help urge incontinence.\n\nTo do pelvic floor muscle exercises, imagine that you're trying to stop your urine flow. Then:\n\n<ul>\n<li>Tighten (contract) the muscles you would use to stop urinating and hold for five seconds, and then relax for five seconds. (If this is too difficult, start by holding for two seconds and relaxing for three seconds.)</li>\n<li>Work up to holding the contractions for 10 seconds at a time.</li>\n<li>Aim for at least three sets of 10 repetitions each day.</li>\n</ul>\n\n\nTo help you identify and contract the right muscles, your doctor may suggest you work with a physical therapist or try biofeedback techniques.\n\n<b>Electrical stimulation</b>\nElectrodes are temporarily inserted into your rectum or vagina to stimulate and strengthen pelvic floor muscles. Gentle electrical stimulation can be effective for stress incontinence and urge incontinence, but you may need multiple treatments over several months.\n\n<b>Medications</b>\nMedications commonly used to treat incontinence include:\n\n<ul>\n<li>Anticholinergics. These medications can calm an overactive bladder and may be helpful for urge incontinence. Examples include oxybutynin (Ditropan XL), tolterodine (Detrol), darifenacin (Enablex), fesoterodine (Toviaz), solifenacin (Vesicare) and trospium (Sanctura).</li>\n<li>Mirabegron (Myrbetriq). Used to treat urge incontinence, this medication relaxes the bladder muscle and can increase the amount of urine your bladder can hold. It may also increase the amount you are able to urinate at one time, helping to empty your bladder more completely.</li>\n<li>Alpha blockers. In men with urge or overflow incontinence, these medications relax bladder neck muscles and muscle fibers in the prostate and make it easier to empty the bladder. Examples include tamsulosin (Flomax), alfuzosin (Uroxatral), silodosin (Rapaflo), doxazosin (Cardura) and terazosin.</li>\n<li>Topical estrogen. For women, applying low-dose, topical estrogen in the form of a vaginal cream, ring or patch may help tone and rejuvenate tissues in the urethra and vaginal areas. Systemic estrogen \u2014 taking the hormone as a pill \u2014 isn't recommended for urinary incontinence and may even make it worse.</li>\n</ul>\n\n\n<b>Medical devices</b>\nDevices designed to treat women with incontinence include:\n\n<ul>\n<li>Urethral insert, a small, tampon-like disposable device inserted into the urethra before a specific activity, such as tennis, that can trigger incontinence. The insert acts as a plug to prevent leakage, and is removed before urination.</li>\n<li>Pessary, a stiff ring that you insert into your vagina and wear all day. The device is typically used in someone who has a prolapse that is causing incontinence. The pessary helps hold up your bladder, which lies near the vagina, to prevent urine leakage.</li>\n</ul>\n\n\n<b>Interventional therapies</b>\nInterventional therapies that may help with incontinence include:\n\n<ul>\n<li>Bulking material injections. A synthetic material is injected into tissue surrounding the urethra. The bulking material helps keep the urethra closed and reduce urine leakage. This procedure is generally much less effective than more-invasive treatments such as surgery for stress incontinence and usually needs to be repeated regularly.</li>\n<li>Botulinum toxin type A (Botox). Injections of Botox into the bladder muscle may benefit people who have an overactive bladder. Botox is generally prescribed to people only if other first line medications haven't been successful.</li>\n<li>Nerve stimulators. A device resembling a pacemaker is implanted under your skin to deliver painless electrical pulses to the nerves involved in bladder control (sacral nerves). Stimulating the sacral nerves can control urge incontinence if other therapies haven't worked. The device may be implanted under the skin in your buttock and connected to wires on the lower back, above the pubic area or with the use of a special device, inserted into the vagina.</li>\n</ul>\n\n\n<b>Surgery</b>\nIf other treatments aren't working, several surgical procedures can treat the problems that cause urinary incontinence:\n\n<ul>\n<li>Sling procedures. Strips of your body's tissue, synthetic material or mesh are used to create a pelvic sling around your urethra and the area of thickened muscle where the bladder connects to the urethra (bladder neck). The sling helps keep the urethra closed, especially when you cough or sneeze. This procedure is used to treat stress incontinence.</li>\n<li>Bladder neck suspension. This procedure is designed to provide support to your urethra and bladder neck \u2014 an area of thickened muscle where the bladder connects to the urethra. It involves an abdominal incision, so it's done during general or spinal anesthesia.</li>\n<li>Prolapse surgery. In women with mixed incontinence and pelvic organ prolapse, surgery may include a combination of a sling procedure and prolapse surgery.</li>\n<li>Artificial urinary sphincter. In men, a small, fluid-filled ring is implanted around the bladder neck to keep the urinary sphincter shut until you're ready to urinate. To urinate, you press a valve implanted under your skin that causes the ring to deflate and allows urine from your bladder to flow.</li>\n</ul>\n\n\n<b>Absorbent pads and catheters</b>\nIf medical treatments can't completely eliminate your incontinence, you can try products that help ease the discomfort and inconvenience of leaking urine:\n\n<ul>\n<li>Pads and protective garments. Most products are no more bulky than normal underwear and can be easily worn under everyday clothing. Men who have problems with dribbles of urine can use a drip collector \u2014 a small pocket of absorbent padding that's worn over the penis and held in place by close-fitting underwear.</li>\n<li>Catheter. If you're incontinent because your bladder doesn't empty properly, your doctor may recommend that you learn to insert a soft tube (catheter) into your urethra several times a day to drain your bladder. You'll be instructed on how to clean these catheters for safe reuse.</li>\n</ul>"
}