{
    "Aliases": [], 
    "Causes": "A number of disorders can result in a scrotal mass or an abnormality in the scrotum, including:\n\n<ul>\n<li>Testicular cancer. Testicular cancer is a tumor containing abnormal testicular tissue, which can usually be felt as a nontender lump in the scrotum.\nSome men experience pain and swelling, but most tumors don't cause symptoms. See your doctor if you notice any new lump in your scrotum.\n</li>\n<li>Spermatocele. Also known as a spermatic cyst or epididymal cyst, spermatocele is a typically painless, noncancerous (benign), fluid-filled sac in the scrotum, usually above the testicle.\n</li>\n<li>Epididymitis. This is inflammation of the epididymis, the comma-shaped structure above and behind the testicle that stores and transports sperm.\n\nEpididymitis is often caused by a bacterial infection, including sexually transmitted bacterial infections, such as chlamydia. Less commonly, epididymitis is caused by a viral infection or an abnormal flow of urine into the epididymis.\n</li>\n<li>Orchitis. This is inflammation of the testicle usually due to a viral infection \u2014 most commonly mumps. When orchitis is caused by a bacterial infection, the epididymis also might be infected.\n</li>\n<li>Hydrocele. Hydrocele occurs when there is excess fluid between the layers of a sac that surrounds each testicle. A small amount of fluid in this space is normal, but the excess fluid of a hydrocele usually results in a painless swelling of the scrotum.\n\nIn infants, a hydrocele occurs usually because an opening between the abdomen and the scrotum hasn't properly sealed during development.\n\nIn adults, a hydrocele occurs usually because of an imbalance in the production or absorption of fluid, often as a result of injury or infection in the scrotum.\n</li>\n<li>Hematocele. Hematocele occurs where there is blood between the layers of a sac that surrounds each testicle. Traumatic injury, such as a direct blow to the testicles, is the most likely cause.\n</li>\n<li>Varicocele. This is the enlargement of the veins within the scrotum that carry oxygen-depleted blood from each testicle and the epididymis. Varicocele is more common on the left side of the scrotum because of differences in how blood circulates from each side.\n\nA varicocele might cause infertility.\n</li>\n<li>Inguinal hernia. This is a condition in which a portion of the small intestine pushes through an opening or weak spot in the tissue separating the abdomen and groin.\n\nIn infants, an inguinal hernia usually occurs because the passageway from the abdomen to the scrotum has failed to close during development.\n\nAn inguinal hernia might appear as a mass in the scrotum or higher in the groin.\n</li>\n<li>Testicular torsion. This is a twisting of the spermatic cord, the bundle of blood vessels, nerves and the tube that carries semen from the testicle to the penis.\n\nThis painful condition cuts off blood to the testicle and can result in the loss of the testicle if not promptly treated. The affected testicle might be sideways, enlarged and higher than normal.\n</li>\n</ul>", 
    "Complications": "Not all scrotal masses result in long-term complications. However, any mass that affects the health or function of the testicle can lead to:\n\n<ul>\n<li>Delayed or poor development during puberty</li>\n<li>Infertility</li>\n</ul>", 
    "Diagnosis": "Your doctor will rely on a number of factors to diagnose a scrotal mass. These may include:\n\n<ul>\n<li>A physical exam. Your doctor will feel your scrotum, its contents and nearby areas of the groin while you're standing and lying down.</li>\n<li>Transillumination. Shining a bright light through the scrotum might provide information about the size, location and makeup of a scrotal mass.</li>\n<li>Ultrasound. Using sound waves to create an image of internal organs, this test can provide detailed information about the size, location and makeup of a scrotal mass, as well as the condition of the testicles. An ultrasound usually is necessary to diagnose a scrotal mass.</li>\n<li>Urine test. Laboratory tests of a sample of urine might detect a bacterial or viral infection or the presence of blood or pus in the urine.</li>\n<li>Blood test. Laboratory tests of a blood sample might detect a bacterial or viral infection or elevated levels of certain proteins that are associated with testicular cancer.</li>\n<li>Computerized tomography (CT) scan. If other tests indicate testicular cancer, you'll likely undergo a specialized X-ray exam (CT scan) of your chest, abdomen and groin to see if cancer has spread to other tissues or organs.\n</li>\n</ul>", 
    "Id": "syc-20352604", 
    "Lifestyle and home remedies": "Testicular self-exams might help you find a scrotal mass early, allowing you to get prompt medical care. If you perform this exam regularly, you'll understand what \"normal\" feels like and be better prepared to detect abnormality. To do a testicular self-exam, follow these steps:\n\nIf you find a lump or other abnormality, call your doctor as soon as possible.", 
    "Overview": "Scrotal masses are abnormalities in the bag of skin hanging behind the penis (scrotum). The scrotum contains the testicles and related structures that produce, store and transport sperm and male sex hormones.\n\n\n\nScrotal masses might be an accumulation of fluids, the growth of abnormal tissue, or normal contents of the scrotum that have become swollen, inflamed or hardened.\n\n\n\nScrotal masses need to be examined by a doctor, even if you're not in pain or having other symptoms. Scrotal masses could be cancerous or caused by another condition that affects testicular function and health.\n\n\n\nSelf-examination and regular doctor exams of the scrotum are important for prompt recognition, diagnosis and treatment of scrotal masses.", 
    "Preparing for your appointment": "If you're having pain, seek emergency care. If you detect a scrotal mass, you'll probably start by seeing your family doctor. You might be referred to a specialist in urinary tract and male genital disorders (urologist).\n\nPreparing for your or your child's appointment with your doctor or a urologist will help you make the most of your time with the doctor.\n\n<b>What you can do</b>\nWrite down information to share with your doctor, including:\n\n<ul>\n<li>Symptoms you're experiencing, including any that may seem unrelated to a scrotal mass</li>\n<li>Key personal information, including major stresses or recent life changes</li>\n<li>Medications, vitamins and supplements you're taking</li>\n<li>Family history of testicular cancer or other disorders of the scrotum</li>\n<li>Personal medical history, including previous scrotal masses, undescended testicle or congenital defects related to the genitals</li>\n<li>Questions to ask your doctor</li>\n</ul>\n\n\nQuestions about scrotal masses might include:\n\n<ul>\n<li>What tests will I need?</li>\n<li>How long will it take to get the test results?</li>\n<li>If the scrotal mass is cancerous (malignant), what are the next steps?</li>\n<li>If the scrotal mass isn't cancerous, will I need treatment?</li>\n<li>Are there brochures or other printed material that I can take with me? What websites do you recommend?</li>\n</ul>\n\n\nDon't hesitate to ask any other questions.\n\n<b>What to expect from your doctor</b>\nYour doctor is likely to ask you a number of questions, including:\n\n<ul>\n<li>When did you discover a lump or experience other symptoms associated with a scrotal mass?</li>\n<li>Are you having or have you had pain in or near your scrotum?</li>\n<li>Have you had fever or blood or pus in your urine?</li>\n<li>Have you had a recent injury to the groin?</li>\n<li>Does anything, such as pain medication, improve your symptoms?</li>\n<li>Does anything worsen symptoms, such as exercise or exertion that puts a strain on the groin?</li>\n<li>Did you have an undescended or retractile testicle that was corrected with surgery?</li>\n<li>Have you ever had a sexually transmitted infection?</li>\n<li>Do you have multiple sex partners or a new sex partner?</li>\n</ul>", 
    "Risk factors": "Factors that increase the risk of a scrotal mass vary because of the various causes of scrotal abnormalities. Significant risk factors include:\n\nAn undescended testicle doesn't leave the abdomen and enter the scrotum during fetal development or early infancy. A retractile testicle descends into the scrotum, but retreats to the abdomen. Either might increase the risk of:\n\n<ul>\n<li>Inguinal hernia</li>\n<li>Testicular torsion</li>\n<li>Testicular cancer</li>\n</ul>\n\n\nAbnormalities of the testicles, penis or kidneys present at birth (congenital) might increase the risk of a scrotal mass and testicular cancer later in life.\n\nIf you have had cancer in one testicle, you're at increased risk of cancer affecting the other testicle. Having a father or brother who has had testicular cancer also increases your risk.", 
    "Symptoms": "Signs and symptoms of scrotal masses vary depending on the abnormality. Signs and symptoms might include:\n\n<ul>\n<li>\nAn unusual lump\n</li>\n<li>\nSudden pain\n</li>\n<li>\nA dull aching pain or feeling of heaviness in the scrotum\n</li>\n<li>\nPain that radiates throughout the groin, abdomen or lower back\n</li>\n<li>\nTender, swollen or hardened testicle\n</li>\n<li>\nTender, swollen or hardened epididymis (ep-ih-DID-uh-miss), the soft, comma-shaped tube above and behind the testicle that stores and transports sperm\n</li>\n<li>\nSwelling in the scrotum\n</li>\n<li>\nRedness of the skin of the scrotum\n</li>\n<li>\nNausea or vomiting\n</li>\n</ul>\n\n\nIf the cause of a scrotal mass is an infection, signs and symptoms also might include:\n\n<ul>\n<li>Fever\n</li>\n<li>\nUrinary frequency\n</li>\n<li>\nPus or blood in the urine\n</li>\n</ul>\n\n\nSeek emergency medical care if you develop sudden pain in your scrotum. Some conditions require prompt treatment to avoid permanent damage to a testicle.\n\nSee your doctor if you detect a lump in your scrotum, even if it's not painful or tender, or if you experience other symptoms of a scrotal mass.\n\nSome scrotal masses are more common in children. See your doctor if your child experiences symptoms of a scrotal mass, if you have any concerns about the development of the genitals or if a testicle is \u201cmissing\u201d \u2014 an undescended or retractile testicle, which might increase the risk of some scrotal masses later in life.", 
    "Title": "Scrotal masses", 
    "Treatment": "Most scrotal masses require minimally invasive or no treatment, but some require medicine or more-serious procedures.\n\n<b>Infections</b>\nScrotal masses caused by a bacterial infection, as is usually the case with epididymitis, are treated with antibiotics. Viral infections causing epididymitis or orchitis are usually treated with rest, ice and pain relief medication.\n\n<b>Noncancerous (benign) scrotal masses</b>\nBenign scrotal masses might be left untreated or surgically removed, repaired, or drained. These treatment decisions depend on factors such as whether the scrotal mass:\n\n<ul>\n<li>Causes discomfort or pain</li>\n<li>Contributes to or increases the risk of infertility</li>\n<li>Becomes infected</li>\n</ul>\n\n\n<b>Testicular cancer</b>\nA specialist in cancer treatment (oncologist) will recommend treatments based on whether the cancer is isolated to a testicle or has spread to other tissues in the body. Your age and overall health also are factors in choosing treatment options for testicular cancer.\n\n<ul>\n<li>Radical inguinal orchiectomy. This is the primary treatment for testicular cancer. It's a surgical procedure to remove the affected testicle and spermatic cord through an incision in the groin. Lymph nodes in your abdomen also might be removed if the cancer has spread to them.</li>\n<li>Chemotherapy. This is a drug treatment that uses powerful chemicals to kill cancer cells.</li>\n</ul>\n\n\nIn some cases radiation therapy also may be used. This type of therapy uses high-dose X-rays or other high-energy radiation to kill cancer cells that may remain after removal of the affected testicle.\n\nMost cases of testicular cancer can be cured, but follow-up care is necessary to watch for possible recurrences."
}