{
    "Aliases": [], 
    "Causes": "Metabolic syndrome is closely linked to overweight or obesity and inactivity.\n\nIt's also linked to a condition called insulin resistance. Normally, your digestive system breaks down the foods you eat into sugar. Insulin is a hormone made by your pancreas that helps sugar enter your cells to be used as fuel.\n\nIn people with insulin resistance, cells don't respond normally to insulin and glucose can't enter the cells as easily. As a result, your blood sugar levels rise even as your body churns out more and more insulin to try to lower your blood sugar.", 
    "Complications": "Having metabolic syndrome can increase your risk of developing:\n\n<ul>\n<li>Type 2 diabetes. If you don't make lifestyle changes to control your excess weight, you may develop insulin resistance, which can cause your blood sugar levels to rise. Eventually, insulin resistance can lead to type 2 diabetes.</li>\n<li>Heart and blood vessel disease. High cholesterol and high blood pressure can contribute to the buildup of plaques in your arteries. These plaques can narrow and harden your arteries, which can lead to a heart attack or stroke.</li>\n</ul>", 
    "Diagnosis": "The National Institutes of Health guidelines define metabolic syndrome as having three or more of the following traits, including traits you're taking medication to control:\n\n<ul>\n<li>Large waist \u2014 A waistline that measures at least 35 inches (89 centimeters) for women and 40 inches (102 centimeters) for men</li>\n<li>High triglyceride level \u2014 150 milligrams per deciliter (mg/dL), or 1.7 millimoles per liter (mmol/L), or higher of this type of fat found in blood</li>\n<li>Reduced \"good\" or HDL cholesterol \u2014 Less than 40 mg/dL (1.04 mmol/L) in men or less than 50 mg/dL (1.3 mmol/L) in women of high-density lipoprotein (HDL) cholesterol</li>\n<li>Increased blood pressure \u2014 130/85 millimeters of mercury (mm Hg) or higher</li>\n<li>Elevated fasting blood sugar \u2014 100 mg/dL (5.6 mmol/L) or higher</li>\n</ul>", 
    "Id": "syc-20351916", 
    "Lifestyle and home remedies": "If you've been diagnosed with metabolic syndrome or any of its components, making healthy lifestyle changes can help prevent or delay serious health problems, such a heart attack or stroke. A healthy lifestyle includes:\n\n<b>Regular physical activity</b>\nHealth experts recommend getting at least 30 minutes of exercise, such as brisk walking, daily. But you don't have to do that activity all at once. Look for ways to increase activity any chance you get, such as walking instead of driving and using the stairs instead of an elevator.\n\n<b>Weight loss</b>\nLosing 7 to 10 percent of your body weight can reduce insulin resistance and blood pressure and decrease your risk of diabetes. It's also important to maintain your weight loss. If you're struggling with taking off weight and keeping it off, talk to your doctor about what options might be available to help you, such as medications or weight-loss surgery.\n\n<b>Healthy diet</b>\nHealthy-eating plans, such as the Dietary Approaches to Stop Hypertension (DASH) diet and the Mediterranean diet, emphasize eating:\n\n<ul>\n<li>Vegetables</li>\n<li>Fruits</li>\n<li>High-fiber whole grains</li>\n<li>Lean protein</li>\n</ul>\n\n\nAnd healthy-eating plans tend to recommend limiting:\n\n<ul>\n<li>Sugar-sweetened beverages</li>\n<li>Alcohol</li>\n<li>Salt</li>\n<li>Sugar</li>\n<li>Fat, especially saturated fat and trans fat</li>\n</ul>\n\n\n<b>Stopping smoking</b>\nGiving up cigarettes greatly improves your overall health. Talk to your doctor if you need help quitting.\n\n<b>Reducing or managing stress</b>\nPhysical activity, meditation, yoga and other programs can help you handle stress and improve your emotional and physical health.", 
    "Overview": "Metabolic syndrome is a cluster of conditions that occur together, increasing your risk of heart disease, stroke and type 2 diabetes. These conditions include increased blood pressure, high blood sugar, excess body fat around the waist, and abnormal cholesterol or triglyceride levels.\n\nHaving just one of these conditions doesn't mean you have metabolic syndrome. But it does mean you have a greater risk of serious disease. And if you develop more of these conditions, your risk of complications, such as type 2 diabetes and heart disease, rises even higher.\n\nMetabolic syndrome is increasingly common, and up to one-third of U.S. adults have it. If you have metabolic syndrome or any of its components, aggressive lifestyle changes can delay or even prevent the development of serious health problems.", 
    "Preparing for your appointment": "You're likely to start by seeing your primary care provider. He or she may then refer you to a doctor who specializes in diabetes and other endocrine disorders (endocrinologist) or one who specializes in heart disease (cardiologist).\n\n<b>What you can do</b>\nWhen you make the appointment, ask if there's anything you need to do in advance, such as fasting for a specific test. Make a list of:\n\n<ul>\n<li>Your symptoms, including any that seem unrelated to the reason for your appointment</li>\n<li>Key personal information, including major stresses, recent life changes and family medical history</li>\n<li>All medications, vitamins or other supplements you take, including the doses</li>\n<li>Questions to ask your doctor</li>\n</ul>\n\n\nTake a family member or friend with you if possible, to help you remember the information you're given.\n\nFor metabolic syndrome, basic questions to ask your doctor include:\n\n<ul>\n<li>What conditions are causing metabolic syndrome for me?</li>\n<li>How can I reduce the risk of other health conditions caused by metabolic syndrome?</li>\n<li>Will losing weight help my condition? What about exercise?</li>\n<li>Do I need any additional tests?</li>\n<li>I have other health conditions. How can I best manage them together?</li>\n<li>Should I see a specialist?</li>\n<li>Are there brochures or other printed material I can have? What websites do you recommend?</li>\n</ul>\n\n\nDon't hesitate to ask other questions.\n\n<b>What to expect from your doctor</b>\nYour doctor is likely to ask about your diet, exercise and other lifestyle habits.", 
    "Prevention": "A lifelong commitment to a healthy lifestyle may prevent the conditions that cause metabolic syndrome. A healthy lifestyle includes:\n\n<ul>\n<li>Getting at least 30 minutes of physical activity most days</li>\n<li>Eating plenty of vegetables, fruits, lean protein and whole grains</li>\n<li>Limiting saturated fat and salt in your diet</li>\n<li>Maintaining a healthy weight</li>\n<li>Not smoking</li>\n</ul>", 
    "Risk factors": "The following factors increase your chances of having metabolic syndrome:\n\n<ul>\n<li>Age. Your risk of metabolic syndrome increases with age.</li>\n<li>Ethnicity. In the United States, Hispanics\u2014 especially Hispanic women \u2014 appear to be at the greatest risk of developing metabolic syndrome.</li>\n<li>Obesity. Carrying too much weight, especially in your abdomen, increases your risk of metabolic syndrome.</li>\n<li>Diabetes. You're more likely to have metabolic syndrome if you had diabetes during pregnancy (gestational diabetes) or if you have a family history of type 2 diabetes. </li>\n<li>Other diseases. Your risk of metabolic syndrome is higher if you've ever had nonalcoholic fatty liver disease, polycystic ovary syndrome or sleep apnea.</li>\n</ul>", 
    "Symptoms": "Most of the disorders associated with metabolic syndrome don't have obvious signs or symptoms. One sign that is visible is a large waist circumference. And if your blood sugar is high, you might notice the signs and symptoms of diabetes \u2014 such as increased thirst and urination, fatigue, and blurred vision.\n\n<b>When to see a doctor</b>\nIf you know you have at least one component of metabolic syndrome, ask your doctor whether you need testing for other components of the syndrome.", 
    "Title": "Metabolic syndrome", 
    "Treatment": "If aggressive lifestyle changes such as diet and exercise aren't enough, your doctor might suggest medications to help control your blood pressure, cholesterol, and blood sugar levels."
}