{
    "Aliases": [], 
    "Causes": "The exact cause of somatic symptom disorder isn't clear, but any of these factors may play a role:\n\n<ul>\n<li>Genetic and biological factors, such as an increased sensitivity to pain</li>\n<li>Family influence, which may be genetic or environmental, or both</li>\n<li>Personality trait of negativity, which can impact how you identify and perceive illness and bodily symptoms</li>\n<li>Decreased awareness of or problems processing emotions, causing physical symptoms to become the focus rather than the emotional issues</li>\n<li>Learned behavior \u2014 for example, the attention or other benefits gained from having an illness; or \"pain behaviors\" in response to symptoms, such as excessive avoidance of activity, which can increase your level of disability</li>\n</ul>", 
    "Complications": "Somatic symptom disorder can be associated with:\n\n<ul>\n<li>Poor health</li>\n<li>Problems functioning in daily life, including physical disability</li>\n<li>Problems with relationships</li>\n<li>Problems at work or unemployment</li>\n<li>Other mental health disorders, such as anxiety, depression and personality disorders</li>\n<li>Increased suicide risk related to depression</li>\n<li>Financial problems due to excessive health care visits</li>\n</ul>", 
    "Diagnosis": "To determine a diagnosis, you'll likely have a physical exam and any tests your doctor recommends. Your doctor or other health care provider can help determine if you have any health conditions that need treatment.\n\nYour medical care provider may also refer you to a mental health professional, who may:\n\n<ul>\n<li>Conduct a psychological evaluation to talk about your symptoms, fears or concerns, stressful situations, relationship problems, situations you may be avoiding, and family history</li>\n<li>Have you fill out a psychological self-assessment or questionnaire</li>\n<li>Ask you about alcohol, drug or other substance use</li>\n</ul>\n\n\n<b>Criteria for diagnosis</b>\nThe Diagnostic and Statistical Manual of Mental Disorders (DSM-5), published by the American Psychiatric Association, emphasizes these points in the diagnosis of somatic symptom disorder:\n\n<ul>\n<li>You have one or more somatic symptoms \u2014 for example, pain or fatigue \u2014 that are distressing or cause problems in your daily life</li>\n<li>You have excessive and persistent thoughts about the seriousness of your symptoms, you have a persistently high level of anxiety about your health or symptoms, or you devote too much time and energy to your symptoms or health concerns</li>\n<li>You continue to have symptoms that concern you, typically for more than six months, even though the symptoms may vary</li>\n</ul>", 
    "Id": "syc-20377776", 
    "Lifestyle and home remedies": "While somatic symptom disorder benefits from professional treatment, you can take some lifestyle and self-care steps, including these:\n\n<ul>\n<li>Work with your care providers. Work with your medical care provider and mental health professional to determine a regular schedule for visits to discuss your concerns and build a trusting relationship. Also discuss setting reasonable limits on tests, evaluations and specialist referrals. Avoid seeking advice from multiple doctors or emergency room visits that can make your care more difficult to coordinate and may subject you to duplicate testing.</li>\n<li>Practice stress management and relaxation techniques. Learning stress management and relaxation techniques, such as progressive muscle relaxation, may help improve symptoms.</li>\n<li>Get physically active. A graduated activity program may have a calming effect on your mood, improve your physical symptoms and help improve your physical function.</li>\n<li>Participate in activities. Stay involved in your work and in social and family activities. Don't wait until your symptoms are resolved to participate.</li>\n<li>Avoid alcohol and recreational drugs. Substance use can make your care more difficult. Talk to your health care provider if you need help quitting.</li>\n</ul>", 
    "Overview": "Somatic symptom disorder is characterized by an extreme focus on physical symptoms \u2014 such as pain or fatigue \u2014 that causes major emotional distress and problems functioning. You may or may not have another diagnosed medical condition associated with these symptoms, but your reaction to the symptoms is not normal.\n\nYou often think the worst about your symptoms and frequently seek medical care, continuing to search for an explanation even when other serious conditions have been excluded. Health concerns may become such a central focus of your life that it's hard to function, sometimes leading to disability.\n\nIf you have somatic symptom disorder, you may experience significant emotional and physical distress. Treatment can help ease symptoms, help you cope and improve your quality of life.", 
    "Preparing for your appointment": "In addition to a medical evaluation, your primary care provider may refer you to a psychiatrist or psychologist for evaluation and treatment.\n\n<b>What you can do</b>\nBefore your appointment, make a list of:\n\n<ul>\n<li>Your symptoms, including when they first occurred and how they impact your daily life</li>\n<li>Key personal information, including traumatic events in your past and any stressful, major events</li>\n<li>Medical information, including other physical or mental health conditions that you have</li>\n<li>Medications, vitamins, herbs and other supplements, and the dosages</li>\n<li>Questions to ask your medical care provider or mental health professional</li>\n</ul>\n\n\nAsk a trusted family member or friend to go with you to your appointment, if possible, to lend support and help you remember information.\n\nQuestions to ask may include:\n\n<ul>\n<li>Do I have somatic symptom disorder?</li>\n<li>What treatment approach do you recommend?</li>\n<li>Would therapy be helpful in my case?</li>\n<li>If you're recommending therapy, how often will I need it and for how long?</li>\n<li>If you're recommending medications, are there any possible side effects?</li>\n<li>For how long will I need to take medication?</li>\n<li>How will you monitor whether my treatment is working?</li>\n<li>Are there any self-care steps I can take to help manage my condition?</li>\n<li>Are there any brochures or other printed material that I can have?</li>\n<li>What websites do you recommend?</li>\n</ul>\n\n\nDon't hesitate to ask any other questions.\n\n<b>What to expect from your doctor</b>\nYour medical care provider or mental health professional may ask you questions, such as:\n\n<ul>\n<li>What are your symptoms, and when did they first occur?</li>\n<li>How do your symptoms affect your life, such as at school, at work and in personal relationships?</li>\n<li>Have you or any of your close relatives been diagnosed with a mental health disorder?</li>\n<li>Have you been diagnosed with any medical conditions?</li>\n<li>Do you use alcohol or recreational drugs? How often?</li>\n<li>Do you get regular physical activity?</li>\n</ul>\n\n\nYour medical care provider or mental health professional will ask additional questions based on your responses, symptoms and needs. Preparing and anticipating questions will help you make the most of your appointment time.", 
    "Prevention": "Little is known about how to prevent somatic symptom disorder. However, these recommendations may help.\n\n<ul>\n<li>If you have problems with anxiety or depression, seek professional help as soon as possible.</li>\n<li>Learn to recognize when you're stressed and how this affects your body \u2014 and regularly practice stress management and relaxation techniques.</li>\n<li>If you think you have somatic symptom disorder, get treatment early to help stop symptoms from getting worse and impairing your quality of life.</li>\n<li>Stick with your treatment plan to help prevent relapses or worsening of symptoms.</li>\n</ul>", 
    "Risk factors": "Risk factors for somatic symptom disorder include:\n\n<ul>\n<li>Having anxiety or depression</li>\n<li>Having a medical condition or recovering from one</li>\n<li>Being at risk of developing a medical condition, such as having a strong family history of a disease</li>\n<li>Experiencing stressful life events, trauma or violence</li>\n<li>Having experienced past trauma, such as childhood sexual abuse</li>\n<li>Having a lower level of education and socio-economic status</li>\n</ul>", 
    "Symptoms": "Symptoms of somatic symptom disorder may be:\n\n<ul>\n<li>Specific sensations, such as pain or shortness of breath, or more general symptoms, such as fatigue or weakness</li>\n<li>Unrelated to any medical cause that can be identified, or related to a medical condition such as cancer or heart disease, but more significant than what's usually expected</li>\n<li>A single symptom, multiple symptoms or varying symptoms</li>\n<li>Mild, moderate or severe</li>\n</ul>\n\n\nPain is the most common symptom, but whatever your symptoms, you have excessive thoughts, feelings or behaviors related to those symptoms, which cause significant problems, make it difficult to function and sometimes can be disabling.\n\nThese thoughts, feelings and behaviors can include:\n\n<ul>\n<li>Constant worry about potential illness</li>\n<li>Viewing normal physical sensations as a sign of severe physical illness</li>\n<li>Fearing that symptoms are serious, even when there is no evidence</li>\n<li>Thinking that physical sensations are threatening or harmful</li>\n<li>Feeling that medical evaluation and treatment have not been adequate</li>\n<li>Fearing that physical activity may cause damage to your body</li>\n<li>Repeatedly checking your body for abnormalities</li>\n<li>Frequent health care visits that don't relieve your concerns or that make them worse</li>\n<li>Being unresponsive to medical treatment or unusually sensitive to medication side effects</li>\n<li>Having a more severe impairment than is usually expected from a medical condition</li>\n</ul>\n\n\nFor somatic symptom disorder, more important than the specific physical symptoms you experience is the way you interpret and react to the symptoms and how they impact your daily life.\n\n<b>When to see a doctor</b>\nBecause physical symptoms can be related to medical problems, it's important to be evaluated by your primary care provider if you aren't sure what's causing your symptoms. If your primary care provider believes that you may have somatic symptom disorder, he or she can refer you to a mental health professional.\n\n<b>Caring for a loved one</b>\nWhen physical symptoms considered to be somatic symptom disorder occur, it can be difficult to accept that a life-threatening illness has been eliminated as the cause. Symptoms cause very real distress for the person and reassurance isn't always helpful. Encourage your loved one to consider the possibility of a mental health referral to learn ways to cope with the reaction to symptoms and any disability it causes.\n\nPhysical disability may cause the person to be dependent and need extra physical care and emotional support that can exhaust caregivers and cause stress on families and relationships. If you feel overwhelmed by your role as caregiver, you may want to talk to a mental health professional to address your own needs.", 
    "Title": "Somatic symptom disorder", 
    "Treatment": "The goal of treatment is to improve your symptoms and your ability to function in daily life. Psychotherapy, also called talk therapy, can be helpful for somatic symptom disorder. Sometimes medications may be added, especially if you're struggling with feeling depressed.\n\n<b>Psychotherapy</b>\nBecause physical symptoms can be related to psychological distress and a high level of health anxiety, psychotherapy \u2014 specifically, cognitive behavioral therapy (CBT) \u2014 can help improve physical symptoms.\n\nCBT can help you:\n\n<ul>\n<li>Examine and adapt your beliefs and expectations about health and physical symptoms</li>\n<li>Learn how to reduce stress</li>\n<li>Learn how to cope with physical symptoms</li>\n<li>Reduce preoccupation with symptoms</li>\n<li>Reduce avoidance of situations and activities due to uncomfortable physical sensations</li>\n<li>Improve daily functioning at home, at work, in relationships and in social situations</li>\n<li>Address depression and other mental health disorders</li>\n</ul>\n\n\nFamily therapy may also be helpful by examining family relationships and improving family support and functioning.\n\n<b>Medications</b>\nAntidepressant medication can help reduce symptoms associated with depression and pain that often occur with somatic symptom disorder.\n\nIf one medication doesn't work well for you, your doctor may recommend switching to another or combining certain medications to boost effectiveness. Keep in mind that it can take several weeks after first starting a medication to notice an improvement in symptoms.\n\nTalk with your doctor about medication options and the possible side effects and risks."
}