{
    "Aliases": [], 
    "Alternative medicine": "Some report relief from endometriosis pain after acupuncture treatment. However, little research is available on this \u2014 or any other \u2014 alternative treatment for endometriosis. If you're interested in pursuing this therapy in the hope that it could help you, ask your doctor to recommend a reputable acupuncturist. Check with your insurance company to see if the expense will be covered.", 
    "Causes": "Although the exact cause of endometriosis is not certain, possible explanations include:\n\n<ul>\n<li>Retrograde menstruation. In retrograde menstruation, menstrual blood containing endometrial cells flows back through the fallopian tubes and into the pelvic cavity instead of out of the body. These displaced endometrial cells stick to the pelvic walls and surfaces of pelvic organs, where they grow and continue to thicken and bleed over the course of each menstrual cycle.</li>\n<li>Transformation of peritoneal cells. In what's known as the \"induction theory,\" experts propose that hormones or immune factors promote transformation of peritoneal cells \u2014 cells that line the inner side of your abdomen \u2014 into endometrial cells.</li>\n<li>Embryonic cell transformation. Hormones such as estrogen may transform embryonic cells \u2014 cells in the earliest stages of development \u2014 into endometrial cell implants during puberty.</li>\n<li>Surgical scar implantation. After a surgery, such as a hysterectomy or C-section, endometrial cells may attach to a surgical incision.</li>\n<li>Endometrial cell transport. The blood vessels or tissue fluid (lymphatic) system may transport endometrial cells to other parts of the body.</li>\n<li>Immune system disorder. A problem with the immune system may make the body unable to recognize and destroy endometrial tissue that's growing outside the uterus.</li>\n</ul>", 
    "Clinical trials": "Explore Mayo Clinic studies testing new treatments, interventions and tests as a means to prevent, detect, treat or manage this disease.", 
    "Complications": "<b>Infertility</b>\nThe main complication of endometriosis is impaired fertility. Approximately one-third to one-half of women with endometriosis have difficulty getting pregnant.\n\nFor pregnancy to occur, an egg must be released from an ovary, travel through the neighboring fallopian tube, become fertilized by a sperm cell and attach itself to the uterine wall to begin development. Endometriosis may obstruct the tube and keep the egg and sperm from uniting. But the condition also seems to affect fertility in less-direct ways, such as by damaging the sperm or egg.\n\nEven so, many with mild to moderate endometriosis can still conceive and carry a pregnancy to term. Doctors sometimes advise those with endometriosis not to delay having children because the condition may worsen with time.\n\n<b>Cancer</b>\nOvarian cancer does occur at higher than expected rates in those with endometriosis. But the overall lifetime risk of ovarian cancer is low to begin with. Some studies suggest that endometriosis increases that risk, but it's still relatively low. Although rare, another type of cancer \u2014 endometriosis-associated adenocarcinoma \u2014 can develop later in life in those who have had endometriosis.", 
    "Coping and support": "If you're dealing with endometriosis or its complications, consider joining a support group for women with endometriosis or fertility problems. Sometimes it helps simply to talk to other women who can relate to your feelings and experiences. If you can't find a support group in your community, look for one online.", 
    "Diagnosis": "To diagnose endometriosis and other conditions that can cause pelvic pain, your doctor will ask you to describe your symptoms, including the location of your pain and when it occurs.\n\nTests to check for physical clues of endometriosis include:\n\n<ul>\n<li>Pelvic exam. During a pelvic exam, your doctor manually feels (palpates) areas in your pelvis for abnormalities, such as cysts on your reproductive organs or scars behind your uterus. Often it's not possible to feel small areas of endometriosis unless they've caused a cyst to form.</li>\n<li>Ultrasound. This test uses high-frequency sound waves to create images of the inside of your body. To capture the images, a device called a transducer is either pressed against your abdomen or inserted into your vagina (transvaginal ultrasound). Both types of ultrasound may be done to get the best view of the reproductive organs. A standard ultrasound imaging test won't definitively tell your doctor whether you have endometriosis, but it can identify cysts associated with endometriosis (endometriomas).</li>\n<li>Magnetic resonance imaging (MRI). An MRI is an exam that uses a magnetic field and radio waves to create detailed images of the organs and tissues within your body. For some, an MRI helps with surgical planning, giving your surgeon detailed information about the location and size of endometrial implants.</li>\n<li>\n    Laparoscopy. In some cases, your doctor may refer you to a surgeon for a procedure that allows the surgeon to view inside your abdomen (laparoscopy). While you're under general anesthesia, your surgeon makes a tiny incision near your navel and inserts a slender viewing instrument (laparoscope), looking for signs of endometrial tissue outside the uterus.\n    A laparoscopy can provide information about the location, extent and size of the endometrial implants. Your surgeon may take a tissue sample (biopsy) for further testing. Often, with proper surgical planning, your surgeon can fully treat endometriosis during the laparoscopy so that you need only one surgery.\n    </li>\n</ul>", 
    "Id": "syc-20354656", 
    "Lifestyle and home remedies": "If your pain persists or if finding a treatment that works takes some time, you can try measures at home to relieve your discomfort.\n\n<ul>\n<li>Warm baths and a heating pad can help relax pelvic muscles, reducing cramping and pain.</li>\n<li>Over-the-counter nonsteroidal anti-inflammatory drugs (NSAIDs), such as ibuprofen (Advil, Motrin IB, others) or naproxen sodium (Aleve), can help ease painful menstrual cramps.</li>\n</ul>", 
    "Overview": "Endometriosis (en-doe-me-tree-O-sis) is an often painful disorder in which tissue that normally lines the inside of your uterus \u2014 the endometrium \u2014 grows outside your uterus. Endometriosis most commonly involves your ovaries, fallopian tubes and the tissue lining your pelvis. Rarely, endometrial tissue may spread beyond pelvic organs.\n\nWith endometriosis, displaced endometrial tissue continues to act as it normally would \u2014 it thickens, breaks down and bleeds with each menstrual cycle. Because this displaced tissue has no way to exit your body, it becomes trapped. When endometriosis involves the ovaries, cysts called endometriomas may form. Surrounding tissue can become irritated, eventually developing scar tissue and adhesions \u2014 abnormal bands of fibrous tissue that can cause pelvic tissues and organs to stick to each other.\n\nEndometriosis can cause pain \u2014 sometimes severe \u2014 especially during menstrual periods. Fertility problems also may develop. Fortunately, effective treatments are available.", 
    "Preparing for your appointment": "Your first appointment will likely be with either your primary care physician or a gynecologist. If you're seeking treatment for infertility, you may be referred to a doctor who specializes in reproductive hormones and optimizing fertility (reproductive endocrinologist).\n\nBecause appointments can be brief and it can be difficult to remember everything you want to discuss, it's a good idea to prepare in advance of your appointment.\n\n<b>What you can do</b>\n<ul>\n<li>Make a list of any symptoms you're experiencing. Include all of your symptoms, even if you don't think they're related.</li>\n<li>Make a list of any medications, herbs or vitamin supplements you take. Include how often you take them and the doses.</li>\n<li>Have a family member or close friend accompany you, if possible. You may get a lot of information at your visit, and it can be difficult to remember everything.</li>\n<li>Take a notepad or electronic device with you. Use it to make notes of important information during your visit.</li>\n<li>Prepare a list of questions to ask your doctor. List your most important questions first, to be sure you address those points.</li>\n</ul>\n\n\nFor endometriosis, some basic questions to ask your doctor include:\n\n<ul>\n<li>How is endometriosis diagnosed?</li>\n<li>What medications are available to treat endometriosis? Is there a medication that can improve my symptoms?</li>\n<li>What side effects can I expect from medication use?</li>\n<li>Under what circumstances do you recommend surgery?</li>\n<li>Will I take a medication before or after surgery?</li>\n<li>Will endometriosis affect my ability to become pregnant?</li>\n<li>Can treatment of endometriosis improve my fertility?</li>\n<li>Can you recommend any alternative treatments I might try?</li>\n</ul>\n\n\nMake sure that you understand everything your doctor tells you. Don't hesitate to ask your doctor to repeat information or to ask follow-up questions for clarification.\n\n<b>What to expect from your doctor</b>\nSome potential questions your doctor might ask include:\n\n<ul>\n<li>How often do you experience these symptoms?</li>\n<li>How long have you had these symptoms?</li>\n<li>How severe are your symptoms?</li>\n<li>Do your symptoms seem to be related to your menstrual cycle?</li>\n<li>Does anything improve your symptoms?</li>\n<li>Does anything make your symptoms worse?</li>\n</ul>", 
    "Risk factors": "Several factors place you at greater risk of developing endometriosis, such as:\n\n<ul>\n<li>Never giving birth</li>\n<li>Starting your period at an early age</li>\n<li>Going through menopause at an older age</li>\n<li>Short menstrual cycles \u2014 for instance, less than 27 days</li>\n<li>Heavy menstrual periods that last longer than seven days</li>\n<li>Having higher levels of estrogen in your body or a greater lifetime exposure to estrogen your body produces</li>\n<li>Low body mass index</li>\n<li>One or more relatives (mother, aunt or sister) with endometriosis</li>\n<li>Any medical condition that prevents the normal passage of menstrual flow out of the body</li>\n<li>Reproductive tract abnormalities</li>\n</ul>\n\n\nEndometriosis usually develops several years after the onset of menstruation (menarche). Signs and symptoms of endometriosis may temporarily improve with pregnancy and may go away completely with menopause, unless you're taking estrogen.", 
    "Symptoms": "The primary symptom of endometriosis is pelvic pain, often associated with menstrual periods. Although many experience cramping during their menstrual periods, those with endometriosis typically describe menstrual pain that's far worse than usual. Pain also may increase over time.\n\nCommon signs and symptoms of endometriosis include:\n\n<ul>\n<li>Painful periods (dysmenorrhea). Pelvic pain and cramping may begin before and extend several days into a menstrual period. You may also have lower back and abdominal pain.</li>\n<li>Pain with intercourse. Pain during or after sex is common with endometriosis.</li>\n<li>Pain with bowel movements or urination. You're most likely to experience these symptoms during a menstrual period.</li>\n<li>Excessive bleeding. You may experience occasional heavy menstrual periods or bleeding between periods (intermenstrual bleeding).</li>\n<li>Infertility. Sometimes, endometriosis is first diagnosed in those seeking treatment for infertility.</li>\n<li>Other signs and symptoms. You may experience fatigue, diarrhea, constipation, bloating or nausea, especially during menstrual periods.</li>\n</ul>\n\n\nThe severity of your pain isn't necessarily a reliable indicator of the extent of the condition. You could have mild endometriosis with severe pain, or you could have advanced endometriosis with little or no pain.\n\nEndometriosis is sometimes mistaken for other conditions that can cause pelvic pain, such as pelvic inflammatory disease (PID) or ovarian cysts. It may be confused with irritable bowel syndrome (IBS), a condition that causes bouts of diarrhea, constipation and abdominal cramping. IBS can accompany endometriosis, which can complicate the diagnosis.\n\n<b>When to see a doctor</b>\nSee your doctor if you have signs and symptoms that may indicate endometriosis.\n\nEndometriosis can be a challenging condition to manage. An early diagnosis, a multidisciplinary medical team and an understanding of your diagnosis may result in better management of your symptoms.", 
    "Title": "Endometriosis", 
    "Treatment": "Treatment for endometriosis usually involves medication or surgery. The approach you and your doctor choose will depend on how severe your signs and symptoms are and whether you hope to become pregnant.\n\nDoctors typically recommend trying conservative treatment approaches first, opting for surgery if initial treatment fails.\n\n<b>Pain medication</b>\nYour doctor may recommend that you take an over-the-counter pain reliever, such as the nonsteroidal anti-inflammatory drugs (NSAIDs) ibuprofen (Advil, Motrin IB, others) or naproxen sodium (Aleve) to help ease painful menstrual cramps.\n\nYour doctor may recommend hormone therapy in combination with pain relievers if you're not trying to get pregnant.\n\n<b>Hormone therapy</b>\nSupplemental hormones are sometimes effective in reducing or eliminating the pain of endometriosis. The rise and fall of hormones during the menstrual cycle causes endometrial implants to thicken, break down and bleed. Hormone medication may slow endometrial tissue growth and prevent new implants of endometrial tissue.\n\nHormone therapy isn't a permanent fix for endometriosis. You could experience a return of your symptoms after stopping treatment.\n\nTherapies used to treat endometriosis include:\n\n<ul>\n<li>Hormonal contraceptives. Birth control pills, patches and vaginal rings help control the hormones responsible for the buildup of endometrial tissue each month. Many have lighter and shorter menstrual flow when they're using a hormonal contraceptive. Using hormonal contraceptives \u2014 especially continuous-cycle regimens \u2014 may reduce or eliminate pain in some cases.</li>\n<li>Gonadotropin-releasing hormone (Gn-RH) agonists and antagonists. These drugs block the production of ovarian-stimulating hormones, lowering estrogen levels and preventing menstruation. This causes endometrial tissue to shrink. Because these drugs create an artificial menopause, taking a low dose of estrogen or progestin along with Gn-RH agonists and antagonists may decrease menopausal side effects, such as hot flashes, vaginal dryness and bone loss. Menstrual periods and the ability to get pregnant return when you stop taking the medication.</li>\n<li>Progestin therapy. A variety of progestin therapies, including an intrauterine device with levonorgestrel (Mirena, Skyla), contraceptive implant (Nexplanon), contraceptive injection (Depo-Provera) or progestin pill (Camila), can halt menstrual periods and the growth of endometrial implants, which may relieve endometriosis signs and symptoms.</li>\n<li>Aromatase inhibitors. Aromatase inhibitors are a class of medicines that reduce the amount of estrogen in your body. Your doctor may recommend an aromatase inhibitor along with a progestin or combination hormonal contraceptive to treat endometriosis.</li>\n</ul>\n\n\n<b>Conservative surgery</b>\nIf you have endometriosis and are trying to become pregnant, surgery to remove the endometriosis implants while preserving your uterus and ovaries (conservative surgery) may increase your chances of success. If you have severe pain from endometriosis, you may also benefit from surgery \u2014 however, endometriosis and pain may return.\n\nYour doctor may do this procedure laparoscopically or, less commonly, through traditional abdominal surgery in more-extensive cases. Even in severe cases of endometriosis, most can be treated with laparoscopic surgery.\n\nIn laparoscopic surgery, your surgeon inserts a slender viewing instrument (laparoscope) through a small incision near your navel and inserts instruments to remove endometrial tissue through another small incision. After surgery, your doctor may recommend taking hormone medication to help improve pain.\n\n<b>Fertility treatment</b>\nEndometriosis can lead to trouble conceiving. If you're having difficulty getting pregnant, your doctor may recommend fertility treatment supervised by a fertility specialist. Fertility treatment ranges from stimulating your ovaries to make more eggs to in vitro fertilization. Which treatment is right for you depends on your personal situation.\n\n<b>Hysterectomy with removal of the ovaries</b>\nSurgery to remove the uterus (hysterectomy) and ovaries (oophorectomy) was once considered the most effective treatment for endometriosis. But endometriosis experts are moving away from this approach, instead focusing on the careful and thorough removal of all endometriosis tissue.\n\nHaving your ovaries removed results in menopause. The lack of hormones produced by the ovaries may improve endometriosis pain for some, but for others, endometriosis that remains after surgery continues to cause symptoms. Early menopause also carries a risk of heart and blood vessel (cardiovascular) diseases, certain metabolic conditions and early death.\n\nRemoval of the uterus (hysterectomy) can sometimes be used to treat signs and symptoms associated with endometriosis, such as heavy menstrual bleeding and painful menses due to uterine cramping, in those who don't want to become pregnant. Even when the ovaries are left in place, a hysterectomy may still have a long-term effect on your health, especially if you have the surgery before age 35.\n\nFinding a doctor with whom you feel comfortable is crucial in managing and treating endometriosis. You may want to get a second opinion before starting any treatment to be sure you know all of your options and the possible outcomes."
}