{
    "Aliases": [
        "ADHD", 
        "hyperactivity disorder"
    ], 
    "Alternative medicine": "There's little research to indicate that alternative medicine treatments can reduce ADHD symptoms. However, one recent study indicates that mindfulness meditation may help improve mood and attention in adults who have ADHD, as well as those who don't have ADHD.\n\nBefore using alternative interventions for ADHD, talk with your doctor about risks and possible benefits.", 
    "Causes": "While the exact cause of ADHD is not clear, research efforts continue. Factors that may be involved in the development of ADHD include:\n\n<ul>\n<li>Genetics. ADHD can run in families, and studies indicate that genes may play a role.</li>\n<li>Environment. Certain environmental factors also may increase risk, such as lead exposure as a child.</li>\n<li>Problems during development. Problems with the central nervous system at key moments in development may play a role.</li>\n</ul>", 
    "Complications": "ADHD can make life difficult for you. ADHD has been linked to:\n\n<ul>\n<li>Poor school or work performance</li>\n<li>Unemployment</li>\n<li>Trouble with the law</li>\n<li>Alcohol or other substance abuse</li>\n<li>Frequent car accidents or other accidents</li>\n<li>Unstable relationships</li>\n<li>Poor physical and mental health</li>\n<li>Poor self-image</li>\n<li>Suicide attempts</li>\n</ul>\n\n\n<b>Coexisting conditions</b>\nAlthough ADHD doesn't cause other psychological or developmental problems, other disorders often occur along with ADHD and make treatment more challenging. These include:\n\n<ul>\n<li>Mood disorders. Many adults with ADHD also have depression, bipolar disorder or another mood disorder. While mood problems aren't necessarily due directly to ADHD, a repeated pattern of failures and frustrations due to ADHD can worsen depression.</li>\n<li>Anxiety disorders. Anxiety disorders occur fairly often in adults with ADHD. Anxiety disorders may cause overwhelming worry, nervousness and other symptoms. Anxiety can be made worse by the challenges and setbacks caused by ADHD.</li>\n<li>Other psychiatric disorders. Adults with ADHD are at increased risk of other psychiatric disorders, such as personality disorders, intermittent explosive disorder and substance abuse.</li>\n<li>Learning disabilities. Adults with ADHD may score lower on academic testing than would be expected for their age, intelligence and education. Learning disabilities can include problems with understanding and communicating.</li>\n</ul>", 
    "Coping and support": "While treatment can make a big difference with ADHD, taking other steps can help you understand ADHD and learn to manage it. Some resources that may help you are listed below. Ask your health care team for more advice on resources.\n\n<ul>\n<li>Support groups. Support groups allow you to meet other people with ADHD so that you can share experiences, information and coping strategies. These groups are available in person in many communities and also online.</li>\n<li>Social support. Involve your spouse, close relatives and friends in your ADHD treatment. You may feel reluctant to let people know you have ADHD, but letting others know what's going on can help them understand you better and improve your relationships.</li>\n<li>Co-workers, supervisors and teachers. ADHD can make work and school a challenge. You may feel embarrassed telling your boss or professor that you have ADHD, but most likely they'll be willing to make small accommodations to help you succeed. Ask for what you need to improve your performance, such as more in-depth explanations or more time on certain tasks.</li>\n</ul>", 
    "Diagnosis": "Signs and symptoms of ADHD in adults can be hard to spot. However, core symptoms start early in life \u2014 before age 12 \u2014 and continue into adulthood, creating major problems.\n\nNo single test can confirm the diagnosis. Making the diagnosis will likely include:\n\n<ul>\n<li>Physical exam, to help rule out other possible causes for your symptoms</li>\n<li>Information gathering, such as asking you questions about any current medical issues, personal and family medical history, and the history of your symptoms</li>\n<li>ADHD rating scales or psychological tests to help collect and evaluate information about your symptoms</li>\n</ul>\n\n\n<b>Other conditions that resemble ADHD</b>\nSome medical conditions or treatments may cause signs and symptoms similar to those of ADHD. Examples include:\n\n<ul>\n<li>Mental health disorders, including mood disorders such as depression or anxiety, conduct disorders, learning and language deficits, or other psychiatric disorders</li>\n<li>Medical problems that can affect thinking or behavior, such as a developmental disorder, seizure disorder, thyroid problems, sleep disorders, lead poisoning, brain injury or low blood sugar (hypoglycemia)</li>\n<li>Drugs and medications, such as alcohol or other substance abuse and certain medications</li>\n</ul>", 
    "Id": "syc-20350878", 
    "Lifestyle and home remedies": "Because ADHD is a complex disorder and each person is unique, it's hard to make recommendations for all adults who have ADHD. But some of these suggestions may help:\n\n<ul>\n<li>Make a list of tasks to accomplish each day. Prioritize the items. Make sure you're not trying to do too much.</li>\n<li>Break down tasks into smaller, more manageable steps. Consider using checklists.</li>\n<li>Use sticky pads to write notes to yourself. Put them on the fridge, on the bathroom mirror, in the car or in other places where you'll see the reminder.</li>\n<li>Keep an appointment book or electronic calendar to track appointments and deadlines.</li>\n<li>Carry a notebook or electronic device with you so that you can note ideas or things you'll need to remember.</li>\n<li>Take time to set up systems to file and organize information, both on your electronic devices and for paper documents. Get in the habit of using these systems consistently.</li>\n<li>Follow a routine that's consistent from day to day and keep items, such as your keys and your wallet, in the same place.</li>\n<li>Ask for help from family members or other loved ones.</li>\n</ul>", 
    "Overview": "Adult attention-deficit/hyperactivity disorder (ADHD) is a mental health disorder that includes a combination of persistent problems, such as difficulty paying attention, hyperactivity and impulsive behavior. Adult ADHD can lead to unstable relationships, poor work or school performance, low self-esteem, and other problems.\n\nThough it's called adult ADHD, symptoms start in early childhood and continue into adulthood. In some cases, ADHD is not recognized or diagnosed until the person is an adult. Adult ADHD symptoms may not be as clear as ADHD symptoms in children. In adults, hyperactivity may decrease, but struggles with impulsiveness, restlessness and difficulty paying attention may continue.\n\nTreatment for adult ADHD is similar to treatment for childhood ADHD, though some ADHD medications approved for children are not approved for adult use. Adult ADHD treatment includes medications, psychological counseling (psychotherapy) and treatment for any mental health conditions that occur along with ADHD.", 
    "Preparing for your appointment": "You're likely to start by first talking to your family doctor. Depending on the results of the initial evaluation, your doctor may refer you to a specialist, such as a psychologist, psychiatrist or other mental health professional.\n\n<b>What you can do</b>\nTo prepare for your appointment, make a list of:\n\n<ul>\n<li>Any symptoms you've had and problems they've caused, such as trouble at work, at school or in relationships.</li>\n<li>Key personal information, including any major stresses or recent life changes you've had.</li>\n<li>All medications you take, including any vitamins, herbs or supplements, and the doses. Also include the amount of caffeine and alcohol you use, and whether you use recreational drugs.</li>\n<li>Questions to ask your doctor.</li>\n</ul>\n\n\nBring any past evaluations and results of formal testing with you, if you have them.\n\nBasic questions to ask your doctor include:\n\n<ul>\n<li>What are the possible causes of my symptoms?</li>\n<li>What kinds of tests do I need?</li>\n<li>What treatments are available and which do you recommend?</li>\n<li>What are the alternatives to the primary approach that you're suggesting?</li>\n<li>I have these other health problems. How can I best manage these conditions together?</li>\n<li>Should I see a specialist such as a psychiatrist or psychologist?</li>\n<li>Is there a generic alternative to the medicine you're prescribing?</li>\n<li>What types of side effects can I expect from the medication?</li>\n<li>Are there any printed materials that I can have? What websites do you recommend?</li>\n</ul>\n\n\nDon't hesitate to ask questions anytime you don't understand something.\n\n<b>What to expect from your doctor</b>\nBe ready to answer questions your doctor may ask, such as:\n\n<ul>\n<li>When do you first remember having problems focusing, paying attention or sitting still?</li>\n<li>Have your symptoms been continuous or occasional?</li>\n<li>Which symptoms bother you most, and what problems do they seem to cause?</li>\n<li>How severe are your symptoms?</li>\n<li>In what settings have you noticed the symptoms: at home, at work or in other situations?</li>\n<li>What was your childhood like? Did you have social problems or trouble in school?</li>\n<li>How is your current and past academic and work performance?</li>\n<li>What are your sleep hours and patterns?</li>\n<li>What, if anything, appears to worsen your symptoms?</li>\n<li>What, if anything, seems to improve your symptoms?</li>\n<li>What medications do you take?</li>\n<li>Do you consume caffeine?</li>\n<li>Do you drink alcohol or use recreational drugs?</li>\n</ul>", 
    "Risk factors": "Risk of ADHD may increase if:\n\n<ul>\n<li>You have blood relatives, such as a parent or sibling, with ADHD or another mental health disorder</li>\n<li>Your mother smoked, drank alcohol or used drugs during pregnancy</li>\n<li>As a child, you were exposed to environmental toxins \u2014 such as lead, found mainly in paint and pipes in older buildings</li>\n<li>You were born prematurely</li>\n</ul>", 
    "Symptoms": "Some people with ADHD have fewer symptoms as they age, but some adults continue to have major symptoms that interfere with daily functioning. In adults, the main features of ADHD may include difficulty paying attention, impulsiveness and restlessness. Symptoms can range from mild to severe.\n\nMany adults with ADHD aren't aware they have it \u2014 they just know that everyday tasks can be a challenge. Adults with ADHD may find it difficult to focus and prioritize, leading to missed deadlines and forgotten meetings or social plans. The inability to control impulses can range from impatience waiting in line or driving in traffic to mood swings and outbursts of anger.\n\nAdult ADHD symptoms may include:\n\n<ul>\n<li>Impulsiveness</li>\n<li>Disorganization and problems prioritizing</li>\n<li>Poor time management skills</li>\n<li>Problems focusing on a task</li>\n<li>Trouble multitasking</li>\n<li>Excessive activity or restlessness</li>\n<li>Poor planning</li>\n<li>Low frustration tolerance</li>\n<li>Frequent mood swings</li>\n<li>Problems following through and completing tasks</li>\n<li>Hot temper</li>\n<li>Trouble coping with stress</li>\n</ul>\n\n\n<b>What's normal and what's ADHD?</b>\nAlmost everyone has some symptoms similar to ADHD at some point in their lives. If your difficulties are recent or occurred only occasionally in the past, you probably don't have ADHD. ADHD is diagnosed only when symptoms are severe enough to cause ongoing problems in more than one area of your life. These persistent and disruptive symptoms can be traced back to early childhood.\n\nDiagnosis of ADHD in adults can be difficult because certain ADHD symptoms are similar to those caused by other conditions, such as anxiety or mood disorders. And many adults with ADHD also have at least one other mental health condition, such as depression or anxiety.\n\n<b>When to see a doctor</b>\nIf any of the symptoms listed above continually disrupt your life, talk to your doctor about whether you might have ADHD.\n\nDifferent types of health care professionals may diagnose and supervise treatment for ADHD. Seek a provider who has training and experience in caring for adults with ADHD.", 
    "Title": "Adult attention-deficit", 
    "Treatment": "Standard treatments for ADHD in adults typically involve medication, education, training and psychological counseling. A combination of these is often the most effective treatment. These treatments can relieve many symptoms of ADHD, but they don't cure it. It may take some time to determine what works best for you.\n\n<b>Medications</b>\nTalk with your doctor about the benefits and risks of any medications.\n\n<ul>\n<li>Stimulants, such as products that include methylphenidate or amphetamine, are typically the most commonly prescribed medications for ADHD, but other drugs may be prescribed. Stimulants appear to boost and balance levels of brain chemicals called neurotransmitters.</li>\n<li>Other medications used to treat ADHD include the nonstimulant atomoxetine (Strattera) and certain antidepressants such as bupropion (Wellbutrin, others). Atomoxetine and antidepressants work slower than stimulants do, but these may be good options if you can't take stimulants because of health problems or a history of substance abuse or if stimulants cause severe side effects.</li>\n</ul>\n\n\nThe right medication and the right dose vary among individuals, so it may take time to find out what's right for you. Tell your doctor about any side effects.\n\n<b>Psychological counseling</b>\nCounseling for adult ADHD generally includes psychological counseling (psychotherapy), education about the disorder and learning skills to help you be successful.\n\nPsychotherapy may help you:\n\n<ul>\n<li>Improve your time management and organizational skills</li>\n<li>Learn how to reduce your impulsive behavior</li>\n<li>Develop better problem-solving skills</li>\n<li>Cope with past academic, work or social failures</li>\n<li>Improve your self-esteem</li>\n<li>Learn ways to improve relationships with your family, co-workers and friends</li>\n<li>Develop strategies for controlling your temper</li>\n</ul>\n\n\nCommon types of psychotherapy for ADHD include:\n\n<ul>\n<li>Cognitive behavioral therapy. This structured type of counseling teaches specific skills to manage your behavior and change negative thinking patterns into positive ones. It can help you deal with life challenges, such as school, work or relationship problems, and help address other mental health conditions, such as depression or substance abuse.</li>\n<li>Marital counseling and family therapy. This type of therapy can help loved ones cope with the stress of living with someone who has ADHD and learn what they can do to help. Such counseling can improve communication and problem-solving skills.</li>\n</ul>\n\n\n<b>Working on relationships</b>\nIf you're like many adults with ADHD, you may be unpredictable and forget appointments, miss deadlines, and make impulsive or irrational decisions. These behaviors can strain the patience of the most forgiving co-worker, friend or partner.\n\nTherapy that focuses on these issues and ways to better monitor your behavior can be very helpful. So can classes to improve communication and develop conflict resolution and problem-solving skills. Couples therapy and classes in which family members learn more about ADHD may significantly improve your relationships."
}