{
    "Aliases": [
        "PAD"
    ], 
    "Alternative medicine": "The blood-thinning effects of ginkgo may allow people with intermittent claudication to walk longer distances with less pain. However, this herbal remedy can cause bleeding when taken in high doses, and it could be dangerous if paired with anti-platelet medications, including aspirin, that are commonly prescribed to people with PAD.\n\nDon't take ginkgo before talking with your doctor.", 
    "Causes": "Peripheral artery disease is often caused by atherosclerosis. In atherosclerosis, fatty deposits (plaques) build up on your artery walls and reduce blood flow.\n\nAlthough discussions of atherosclerosis usually focus on the heart, the disease can and usually does affect arteries throughout your body. When it occurs in the arteries supplying blood to your limbs, it causes peripheral artery disease.\n\nLess commonly, the cause of peripheral artery disease may be blood vessel inflammation, injury to your limbs, unusual anatomy of your ligaments or muscles, or radiation exposure.", 
    "Clinical trials": "Explore Mayo Clinic studies testing new treatments, interventions and tests as a means to prevent, detect, treat or manage this disease.", 
    "Complications": "If your peripheral artery disease is caused by a buildup of plaques in your blood vessels (atherosclerosis), you're also at risk of developing:\n\n<ul>\n<li>Critical limb ischemia. This condition begins as open sores that don't heal, an injury, or an infection of your feet or legs. Critical limb ischemia occurs when such injuries or infections progress and cause tissue death (gangrene), sometimes requiring amputation of the affected limb.</li>\n<li>Stroke and heart attack. The atherosclerosis that causes the signs and symptoms of peripheral artery disease isn't limited to your legs. Fat deposits also build up in arteries supplying blood to your heart and brain.</li>\n</ul>", 
    "Coping and support": "Peripheral artery disease can be frustrating, especially when the exercise that will help you get better causes you pain. Don't get discouraged, however. As you continue exercising, you'll increase the distance you can walk without pain.\n\nYou may find it helpful to raise the head of your bed by 4 to 6 inches (10 to 15 centimeters), because keeping your legs below the level of your heart usually lessens pain.\n\nAnother tip for reducing your symptoms is to avoid cold temperatures as much as possible. If you can't avoid the cold, be sure to dress in warm layers.", 
    "Diagnosis": "Some of the tests your doctor may rely on to diagnose peripheral artery disease are:\n\n<ul>\n<li>Physical exam. Your doctor may find signs of PAD during a physical examination, such as a weak or absent pulse below a narrowed area of your artery, whooshing sounds (bruits) over your arteries that can be heard with a stethoscope, evidence of poor wound healing in the area where your blood flow is restricted, and decreased blood pressure in your affected limb.</li>\n<li>\n    Ankle-brachial index (ABI). This is a common test used to diagnose PAD. It compares the blood pressure in your ankle with the blood pressure in your arm.\n    To get a blood pressure reading, your doctor uses a regular blood pressure cuff and a special ultrasound device to evaluate blood pressure and flow.\n    You may walk on a treadmill and have readings taken before and immediately after exercising to capture the severity of the narrowed arteries during walking.\n    </li>\n<li>Ultrasound. Special ultrasound imaging techniques, such as Doppler ultrasound, can help your doctor evaluate blood flow through your blood vessels and identify blocked or narrowed arteries.</li>\n<li>\n    Angiography. Using a dye (contrast material) injected into your blood vessels, this test allows your doctor to view blood flow through your arteries as it happens. Your doctor is able to trace the flow of the contrast material using imaging techniques, such as X-ray imaging or procedures called magnetic resonance angiography (MRA) or computerized tomography angiography (CTA).\n    Catheter angiography is a more invasive procedure that involves guiding a catheter through an artery in your groin to the affected area and injecting the dye that way. Although invasive, this type of angiography allows for simultaneous diagnosis and treatment. After finding the narrowed area of a blood vessel, your doctor can then widen it by inserting and expanding a tiny balloon or by administering medication that improves blood flow.\n    </li>\n<li>Blood tests. A sample of your blood can be used to measure your cholesterol and triglycerides and to check for diabetes.</li>\n</ul>", 
    "Id": "syc-20350557", 
    "Lifestyle and home remedies": "Many people can manage the symptoms of peripheral artery disease and stop the progression of the disease through lifestyle changes, especially quitting smoking. To stabilize or improve PAD:\n\n<ul>\n<li>\n    Stop smoking. Smoking contributes to constriction and damage of your arteries and is a significant risk factor for the development and worsening of PAD. If you smoke, quitting is the most important thing you can do to reduce your risk of complications.\n    If you're having trouble quitting on your own, ask your doctor about smoking cessation options, including medications to help you quit.\n    </li>\n<li>\n    Exercise. This is a key component. Success in the treatment of PAD is often measured by how far you can walk without pain. Proper exercise helps condition your muscles to use oxygen more efficiently.\n    Your doctor can help you develop an appropriate exercise plan. He or she may refer you to a claudication exercise rehabilitation program.\n    </li>\n<li>Eat a healthy diet. A heart-healthy diet low in saturated fat can help control your blood pressure and cholesterol levels, which contribute to atherosclerosis.</li>\n<li>Avoid certain cold medications. Over-the-counter cold remedies that contain pseudoephedrine (Advil Cold & Sinus, Aleve-D Sinus & Cold, others) constrict your blood vessels and may increase your PAD symptoms.</li>\n</ul>\n\n\n<b>Careful foot care</b>\nIn addition to the above suggestions, take good care of your feet. People with peripheral artery disease, especially those who also have diabetes, are at risk of poor healing of sores and injuries on the lower legs and feet.\n\nPoor blood circulation can postpone or prevent proper healing and increases the risk of infection. Follow this advice to care for your feet:\n\n<ul>\n<li>Wash your feet daily, dry them thoroughly and moisturize often to prevent cracks that can lead to infection. Don't moisturize between the toes, however, as this can encourage fungal growth.</li>\n<li>Wear well-fitting shoes and thick, dry socks.</li>\n<li>Promptly treat any fungal infections of the feet, such as athlete's foot.</li>\n<li>Take care when trimming your nails.</li>\n<li>Inspect your feet daily for injuries.</li>\n<li>Have a foot doctor (podiatrist) treat bunions, corns or calluses.</li>\n<li>See your doctor at the first sign of a sore or injury to your skin.</li>\n</ul>", 
    "Overview": "Peripheral artery disease (also called peripheral arterial disease) is a common circulatory problem in which narrowed arteries reduce blood flow to your limbs.\n\nWhen you develop peripheral artery disease (PAD), your extremities \u2014 usually your legs \u2014 don't receive enough blood flow to keep up with demand. This causes symptoms, most notably leg pain when walking (claudication).\n\nPeripheral artery disease is also likely to be a sign of a more widespread accumulation of fatty deposits in your arteries (atherosclerosis). This condition may be reducing blood flow to your heart and brain, as well as your legs.\n\nYou often can successfully treat peripheral artery disease by quitting tobacco, exercising and eating a healthy diet.", 
    "Preparing for your appointment": "You're likely to start by seeing your family doctor. However, you may then be referred to a doctor who specializes in disorders of blood vessels (vascular specialist) or a doctor who specializes in the heart and circulatory system (cardiologist).\n\nBecause appointments can be brief and there's often a lot to discuss, it's a good idea to arrive well-prepared. Here's some information to help you get ready for your appointment and know what to expect from your doctor.\n\n<b>What you can do</b>\n<ul>\n<li>Write down any symptoms you're experiencing, including any that may seem unrelated to the reason for which you scheduled the appointment.</li>\n<li>Make a list of all medications, vitamins or supplements that you're taking, and include dosage information.</li>\n<li>Write down questions to ask your doctor.</li>\n</ul>\n\n\nYour time with your doctor may be limited, so preparing a list of questions can help you make the most of your time together. For peripheral artery disease, some basic questions to ask your doctor include:\n\n<ul>\n<li>What's the most likely cause of my symptoms?</li>\n<li>Are there other possible causes for my symptoms?</li>\n<li>What kinds of tests do I need? Do these tests require any special preparation?</li>\n<li>Is peripheral artery disease temporary or long-lasting?</li>\n<li>What treatments are available, and which do you recommend?</li>\n<li>What types of side effects can I expect from treatment?</li>\n<li>Are there any alternatives to the primary approach that you're suggesting?</li>\n<li>What can I do on my own that might help me get better?</li>\n<li>I have other health conditions. How can I best manage these conditions together?</li>\n<li>Is there a generic alternative to the medicine you're prescribing me?</li>\n<li>Are there any brochures or other printed material that I can take home with me? What websites do you recommend visiting?</li>\n</ul>\n\n\nIn addition to the questions that you've prepared to ask your doctor, don't hesitate to ask questions during your appointment if you don't understand something.\n\n<b>What to expect from your doctor</b>\nYour doctor is likely to ask you a number of questions. Being ready to answer them may reserve time to go over any points you want to spend more time on. Your doctor may ask:\n\n<ul>\n<li>When did you first begin experiencing symptoms?</li>\n<li>Are your symptoms continuous or occasional?</li>\n<li>Do your symptoms get worse when you exercise?</li>\n<li>How severe are your symptoms?</li>\n<li>Do your symptoms get better when you're resting?</li>\n<li>Do you use tobacco products? If yes, how much?</li>\n</ul>\n\n\n<b>What you can do in the meantime</b>\nIf you're a smoker, it's never too soon to quit smoking. Smoking increases the risk of peripheral artery disease and can make existing PAD worse. Other healthy lifestyle habits you can immediately adopt are eating less saturated fat and adding more fruits and vegetables to your diet.", 
    "Prevention": "The best way to prevent claudication is to maintain a healthy lifestyle. That means:\n\n<ul>\n<li>Quit smoking if you're a smoker.</li>\n<li>If you have diabetes, keep your blood sugar in good control.</li>\n<li>Exercise regularly. Aim for 30 to 45 minutes several times a week after you've gotten your doctor's OK.</li>\n<li>Lower your cholesterol and blood pressure levels, if applicable.</li>\n<li>Eat foods that are low in saturated fat.</li>\n<li>Maintain a healthy weight.</li>\n</ul>", 
    "Risk factors": "Factors that increase your risk of developing peripheral artery disease include:\n\n<ul>\n<li>Smoking</li>\n<li>Diabetes</li>\n<li>Obesity (a body mass index over 30)</li>\n<li>High blood pressure</li>\n<li>High cholesterol</li>\n<li>Increasing age, especially after reaching 50 years of age</li>\n<li>A family history of peripheral artery disease, heart disease or stroke</li>\n<li>High levels of homocysteine, a protein component that helps build and maintain tissue</li>\n</ul>\n\n\nPeople who smoke or have diabetes have the greatest risk of developing peripheral artery disease due to reduced blood flow.", 
    "Symptoms": "While many people with peripheral artery disease have mild or no symptoms, some people have leg pain when walking (claudication).\n\nClaudication symptoms include muscle pain or cramping in your legs or arms that's triggered by activity, such as walking, but disappears after a few minutes of rest. The location of the pain depends on the location of the clogged or narrowed artery. Calf pain is the most common location.\n\nThe severity of claudication varies widely, from mild discomfort to debilitating pain. Severe claudication can make it hard for you to walk or do other types of physical activity.\n\nPeripheral artery disease signs and symptoms include:\n\n<ul>\n<li>Painful cramping in one or both of your hips, thighs or calf muscles after certain activities, such as walking or climbing stairs (claudication)</li>\n<li>Leg numbness or weakness</li>\n<li>Coldness in your lower leg or foot, especially when compared with the other side</li>\n<li>Sores on your toes, feet or legs that won't heal</li>\n<li>A change in the color of your legs</li>\n<li>Hair loss or slower hair growth on your feet and legs</li>\n<li>Slower growth of your toenails</li>\n<li>Shiny skin on your legs</li>\n<li>No pulse or a weak pulse in your legs or feet</li>\n<li>Erectile dysfunction in men</li>\n</ul>\n\n\nIf peripheral artery disease progresses, pain may even occur when you're at rest or when you're lying down (ischemic rest pain). It may be intense enough to disrupt sleep. Hanging your legs over the edge of your bed or walking around your room may temporarily relieve the pain.\n\n<b>When to see a doctor</b>\nIf you have leg pain, numbness or other symptoms, don't dismiss them as a normal part of aging. Call your doctor and make an appointment.\n\nEven if you don't have symptoms of peripheral artery disease, you may need to be screened if you are:\n\n<ul>\n<li>Over age 65</li>\n<li>Over age 50 and have a history of diabetes or smoking</li>\n<li>Under age 50, but have diabetes and other peripheral artery disease risk factors, such as obesity or high blood pressure</li>\n</ul>", 
    "Title": "Peripheral artery disease", 
    "Treatment": "Treatment for peripheral artery disease has two major goals:\n\n<ul>\n<li>Manage symptoms, such as leg pain, so that you can resume physical activities</li>\n<li>Stop the progression of atherosclerosis throughout your body to reduce your risk of heart attack and stroke</li>\n</ul>\n\n\nYou may be able to accomplish these goals with lifestyle changes, especially early in the course of peripheral artery disease. If you smoke, quitting is the single most important thing you can do to reduce your risk of complications.\n\nIf you have signs or symptoms of peripheral artery disease, you likely will need additional medical treatment. Your doctor may prescribe medicine to prevent blood clots, lower blood pressure and cholesterol, and control pain and other symptoms.\n\n<b>Medications</b>\n<ul>\n<li>\n    Cholesterol-lowering medications. You may take a cholesterol-lowering drug called a statin to reduce your risk of heart attack and stroke.\n    The goal for people who have peripheral artery disease is to reduce low-density lipoprotein (LDL) cholesterol, the \"bad\" cholesterol, to less than 100 milligrams per deciliter (mg/dL), or 2.6 millimoles per liter (mmol/L). The goal is even lower if you have additional major risk factors for heart attack and stroke, especially diabetes or continued smoking.\n    </li>\n<li>\n    High blood pressure medications. If you also have high blood pressure, your doctor may prescribe medications to lower it.\n    A blood pressure reading, given in millimeters of mercury (mm Hg), has two numbers. The top number in the reading measures the pressure in your arteries when your heart beats (systolic pressure). The bottom number in the reading measures the pressure in your arteries between beats (diastolic pressure).\n    Your blood pressure treatment goal should be less than 130/80 mm Hg. This is the guideline for anyone with coronary artery disease, diabetes or chronic kidney disease. Achieving 130/80 mm Hg is also the goal for healthy adults age 65 and older and healthy adults younger than age 65 with a 10 percent or higher risk of developing cardiovascular disease in the next 10 years.\n    </li>\n<li>Medication to control blood sugar. If you also have diabetes, it becomes even more important to control your blood sugar (glucose) levels. Talk with your doctor about what your blood sugar goals are and what steps you need to take to achieve these goals.</li>\n<li>\n    Medications to prevent blood clots. Because peripheral artery disease is related to reduced blood flow to your limbs, it's important to improve that flow.\n    Your doctor may prescribe daily aspirin therapy or another medication, such as clopidogrel (Plavix).\n    </li>\n<li>\n    Symptom-relief medications. The drug cilostazol increases blood flow to the limbs both by keeping the blood thin and by widening the blood vessels. It specifically helps treat symptoms of claudication, such as leg pain, for people who have peripheral artery disease. Common side effects of this medication include headache and diarrhea.\n    An alternative to cilostazol is pentoxifylline. Side effects are rare with this medication, but it\u2019s generally less effective than cilostazol.\n    </li>\n</ul>\n\n\n<b>Angioplasty and surgery</b>\nIn some cases, angioplasty or surgery may be necessary to treat peripheral artery disease that's causing claudication:\n\n<ul>\n<li>\n    Angioplasty. In this procedure, a small hollow tube (catheter) is threaded through a blood vessel to the affected artery. There, a small balloon on the tip of the catheter is inflated to reopen the artery and flatten the blockage into the artery wall, while at the same time stretching the artery open to increase blood flow.\n    Your doctor may also insert a mesh framework called a stent in the artery to help keep it open. This is the same procedure doctors use to open heart arteries.\n    </li>\n<li>Bypass surgery. Your doctor may create a graft bypass using a vessel from another part of your body or a blood vessel made of synthetic (man-made) fabric. This technique allows blood to flow around \u2014 or bypass \u2014 the blocked or narrowed artery.</li>\n<li>Thrombolytic therapy. If you have a blood clot blocking an artery, your doctor may inject a clot-dissolving drug into your artery at the point of the clot to break it up.</li>\n</ul>\n\n\n<b>Supervised exercise program</b>\nIn addition to medications or surgery, your doctor likely will prescribe a supervised exercise training program to increase the distance you can walk pain-free. Regular exercise improves symptoms of PAD in a number of ways, including helping your body use oxygen more efficiently."
}