{
    "Aliases": [], 
    "Alternative medicine": "Numerous alternative medicine treatments claim to help people with diabetes. Studies haven't provided enough evidence to recommend any alternative therapies for blood sugar management.\n\nIf you decide to try an alternative therapy, don't stop taking the medications that your doctor has prescribed. Be sure to discuss the use of any of these therapies with your doctor to make sure that they won't cause adverse reactions or interact with your medications.\n\nNo treatments \u2014 alternative or conventional \u2014 can cure diabetes. So it's critical that people who are using insulin therapy for diabetes don't stop using insulin unless directed to do so by their physicians.", 
    "Causes": "Type 2 diabetes develops when the body becomes resistant to insulin or when the pancreas is unable to produce enough insulin. Exactly why this happens is unknown, although genetics and environmental factors, such as being overweight and inactive, seem to be contributing factors.\n\n<b>How insulin works</b>\nInsulin is a hormone that comes from the gland situated behind and below the stomach (pancreas).\n\n<ul>\n<li>The pancreas secretes insulin into the bloodstream.</li>\n<li>The insulin circulates, enabling sugar to enter your cells.</li>\n<li>Insulin lowers the amount of sugar in your bloodstream.</li>\n<li>As your blood sugar level drops, so does the secretion of insulin from your pancreas.</li>\n</ul>\n\n\n<b>The role of glucose</b>\nGlucose \u2014 a sugar \u2014 is a main source of energy for the cells that make up muscles and other tissues.\n\n<ul>\n<li>Glucose comes from two major sources: food and your liver.</li>\n<li>Sugar is absorbed into the bloodstream, where it enters cells with the help of insulin.</li>\n<li>Your liver stores and makes glucose.</li>\n<li>When your glucose levels are low, such as when you haven't eaten in a while, the liver breaks down stored glycogen into glucose to keep your glucose level within a normal range.</li>\n</ul>\n\n\nIn type 2 diabetes, this process doesn't work well. Instead of moving into your cells, sugar builds up in your bloodstream. As blood sugar levels increase, the insulin-producing beta cells in the pancreas release more insulin, but eventually these cells become impaired and can't make enough insulin to meet the body's demands.\n\nIn the much less common type 1 diabetes, the immune system mistakenly destroys the beta cells, leaving the body with little to no insulin.", 
    "Clinical trials": "Explore Mayo Clinic studies testing new treatments, interventions and tests as a means to prevent, detect, treat or manage this disease.", 
    "Complications": "Type 2 diabetes can be easy to ignore, especially in the early stages when you're feeling fine. But diabetes affects many major organs, including your heart, blood vessels, nerves, eyes and kidneys. Controlling your blood sugar levels can help prevent these complications.\n\nAlthough long-term complications of diabetes develop gradually, they can eventually be disabling or even life-threatening. Some of the potential complications of diabetes include:\n\n<ul>\n<li>Heart and blood vessel disease. Diabetes dramatically increases the risk of heart disease, stroke, high blood pressure and narrowing of blood vessels (atherosclerosis).</li>\n<li>\n    Nerve damage (neuropathy). Excess sugar can cause tingling, numbness, burning or pain that usually begins at the tips of the toes or fingers and gradually spreads upward. Eventually, you may lose all sense of feeling in the affected limbs.\n    Damage to the nerves that control digestion can cause problems with nausea, vomiting, diarrhea or constipation. For men, erectile dysfunction may be an issue.\n    </li>\n<li>Kidney damage. Diabetes can sometimes lead to kidney failure or irreversible end-stage kidney disease, which may require dialysis or a kidney transplant.</li>\n<li>Eye damage. Diabetes increases the risk of serious eye diseases, such as cataracts and glaucoma, and may damage the blood vessels of the retina, potentially leading to blindness.</li>\n<li>Slow healing. Left untreated, cuts and blisters can become serious infections, which may heal poorly. Severe damage might require toe, foot or leg amputation.</li>\n<li>Hearing impairment. Hearing problems are more common in people with diabetes.</li>\n<li>Skin conditions. Diabetes may leave you more susceptible to skin problems, including bacterial and fungal infections.</li>\n<li>Sleep apnea. Obstructive sleep apnea is common in people with type 2 diabetes. Obesity may be the main contributing factor to both conditions. Treating sleep apnea may lower your blood pressure and make you feel more rested, but it's not clear whether it helps improve blood sugar control.</li>\n<li>Alzheimer's disease. Type 2 diabetes seems to increase the risk of Alzheimer's disease, though it's not clear why. The worse your blood sugar control, the greater the risk appears to be.</li>\n</ul>", 
    "Coping and support": "Type 2 diabetes is a serious disease, and following your diabetes treatment plan takes round-the-clock commitment. But your efforts are worthwhile because following your treatment plan can reduce your risk of complications.\n\nAnxiety and depression are more common in people who have diabetes. Talking to a counselor or therapist may help you cope with the lifestyle changes that come with a type 2 diabetes diagnosis. You may find encouragement and understanding in a type 2 diabetes support group.\n\nAlthough support groups aren't for everyone, they can be good sources of information. Group members often know about the latest treatments and tend to share their own experiences or helpful information, such as where to find carbohydrate counts for your favorite takeout restaurant. If you're interested, your doctor may be able to recommend a group in your area.\n\nOr, you can visit the American Diabetes Association website to check out local activities and support groups for people with type 2 diabetes. The American Diabetes Association also offers online information and online forums where you can chat with others who have diabetes. You can also call the organization at 800-DIABETES (800-342-2383).", 
    "Diagnosis": "Type 2 diabetes is usually diagnosed using the:\n\n<ul>\n<li>Glycated hemoglobin (A1C) test. This blood test indicates your average blood sugar level for the past two to three months. Normal levels are below 5.7 percent, and a result between 5.7 and 6.4 percent is considered prediabetes. An A1C level of 6.5 percent or higher on two separate tests means you have diabetes.</li>\n</ul>\n\n\nIf the A1C test isn't available, or if you have certain conditions \u2014 such as an uncommon form of hemoglobin (known as a hemoglobin variant) \u2014 that interfere with A1C test, your doctor may use the following tests to diagnose diabetes:\n\n<ul>\n<li>Random blood sugar test. Blood sugar values are expressed in milligrams per deciliter (mg/dL) or millimoles per liter (mmol/L). Regardless of when you last ate, a blood sample showing that your blood sugar level is 200 mg/dL (11.1 mmol/L) or higher suggests diabetes, especially if you also have signs and symptoms of diabetes, such as frequent urination and extreme thirst.</li>\n<li>\n    Fasting blood sugar test. A blood sample is taken after an overnight fast. A reading of less than 100 mg/dL (5.6 mmol/L) is normal. A level from 100 to 125 mg/dL (5.6 to 6.9 mmol/L) is considered prediabetes.\n    If your fasting blood sugar is 126 mg/dL (7 mmol/L) or higher on two separate tests, you have diabetes.\n    </li>\n<li>\n    Oral glucose tolerance test. This test is less commonly used than the others, except during pregnancy. You'll need to fast overnight and then drink a sugary liquid at the doctor's office. Blood sugar levels are tested periodically for the next two hours.\n    A blood sugar level less than 140 mg/dL (7.8 mmol/L) is normal. A reading between 140 and 199 mg/dL (7.8 mmol/L and 11.0 mmol/L) indicates prediabetes. A reading of 200 mg/dL (11.1 mmol/L) or higher after two hours suggests diabetes.\n    </li>\n</ul>\n\n\nThe American Diabetes Association recommends routine screening for type 2 diabetes beginning at age 45, especially if you're overweight. If the results are normal, repeat the test every three years. If the results are borderline, ask your doctor when to come back for another test.\n\nScreening is also recommended for people who are under 45 and overweight if there are other heart disease or diabetes risk factors present, such as a sedentary lifestyle, a family history of type 2 diabetes, a personal history of gestational diabetes or blood pressure above 140/90 millimeters of mercury (mm Hg).\n\nIf you're diagnosed with diabetes, the doctor may do other tests to distinguish between type 1 and type 2 diabetes \u2014 since the two conditions often require different treatments.\n\n<b>After the diagnosis</b>\nA1C levels need to be checked between two and four times a year. Discuss your target A1C goal with your doctor, as it may vary depending on your age and other factors. For most people, the American Diabetes Association recommends an A1C level below 7 percent.\n\nAn elevated A1C level may signal the need for a change in your medication, meal plan or activity level.\n\nIn addition to the A1C test, your doctor will measure your blood pressure and take blood and urine samples periodically to check your cholesterol levels, thyroid function, liver function and kidney function. Regular eye and foot exams also are important.", 
    "Id": "syc-20351193", 
    "Lifestyle and home remedies": "Careful management of type 2 diabetes can reduce your risk of serious \u2014 even life-threatening \u2014 complications. Consider these tips:\n\n<ul>\n<li>Commit to managing your diabetes. Learn all you can about type 2 diabetes. Make healthy eating and physical activity part of your daily routine. Establish a relationship with a diabetes educator, and ask your diabetes treatment team for help when you need it.</li>\n<li>Identify yourself. Wear a necklace or bracelet that says you have diabetes, especially if you take insulin or other blood sugar-lowering medication.</li>\n<li>Schedule a yearly physical exam and regular eye exams. Your regular diabetes checkups aren't meant to replace regular physicals or routine eye exams. </li>\n<li>\n    Keep your vaccinations up to date. High blood sugar can weaken your immune system. Get a flu shot every year. Your doctor will likely also recommend the pneumonia vaccine.\n    The Centers for Disease Control and Prevention (CDC) also recommends the hepatitis B vaccination if you haven't previously received this vaccine and you're an adult between ages 19 and 59 with type 1 or type 2 diabetes. The CDC advises vaccination as soon as possible after diagnosis with type 1 or type 2 diabetes. If you are age 60 or older, have diabetes and haven't previously received the vaccine, talk to your doctor about whether it's right for you.\n    </li>\n<li>Take care of your teeth. Diabetes may leave you prone to more-serious gum infections. Brush and floss your teeth regularly and schedule recommended dental exams. Consult your dentist right away if your gums bleed or look red or swollen.</li>\n<li>Pay attention to your feet. Wash your feet daily in lukewarm water, dry them gently, especially between the toes, and moisturize them with lotion. Check your feet every day for blisters, cuts, sores, redness and swelling. Consult your doctor if you have a sore or other foot problem that isn't healing. </li>\n<li>Keep your blood pressure and cholesterol under control. Eating healthy foods and exercising regularly can go a long way toward controlling high blood pressure and cholesterol. Medication also may be needed.</li>\n<li>If you smoke or use other types of tobacco, ask your doctor to help you quit. Smoking increases your risk of various diabetes complications. Talk to your doctor about ways to stop smoking or using other types of tobacco.</li>\n<li>\n    If you drink alcohol, do so responsibly. Alcohol, as well as drink mixers, can cause either high or low blood sugar, depending on how much you drink and if you eat at the same time. If you choose to drink, do so in moderation and always with a meal.\n    The recommendation is no more than one drink daily for women, no more than two drinks daily for men age 65 and younger, and one drink a day for men over 65. If you're on insulin or other medications that lower your blood sugar, check your blood sugar before you go to sleep to make sure you're at a safe level.\n    </li>\n</ul>", 
    "Overview": "Type 2 diabetes is a chronic condition that affects the way your body metabolizes sugar (glucose) \u2014 an important source of fuel for your body.\n\nWith type 2 diabetes, your body either resists the effects of insulin \u2014 a hormone that regulates the movement of sugar into your cells \u2014 or doesn't produce enough insulin to maintain normal glucose levels.\n\nType 2 diabetes used to be known as adult-onset diabetes, but today more children are being diagnosed with the disorder, probably due to the rise in childhood obesity. There's no cure for type 2 diabetes, but losing weight, eating well and exercising can help manage the disease. If diet and exercise aren't enough to manage your blood sugar well, you may also need diabetes medications or insulin therapy.", 
    "Preparing for your appointment": "Your primary care doctor will probably diagnose your type 2 diabetes. He or she may continue to treat your diabetes or may refer you to a doctor who specializes in hormonal disorders (endocrinologist). Your health care team also may include these specialists:\n\n<ul>\n<li>Dietitian</li>\n<li>Certified diabetes educator</li>\n<li>Foot doctor (podiatrist)</li>\n<li>Doctor who specializes in eye care (ophthalmologist)</li>\n</ul>\n\n\nIf your blood sugar levels are very high, your doctor may send you to the hospital for treatment.\n\nWhenever you can, it's a good idea to prepare for appointments with your health care team. Here's some information to help you get ready for your appointment and know what to expect from your doctor.\n\n<b>What you can do</b>\n<ul>\n<li>Be aware of any pre-appointment restrictions. You may need to avoid eating or drinking anything but water for eight hours for a fasting glucose test or for four hours for a pre-meal test. When you're making an appointment, ask if you should fast.</li>\n<li>Write down any symptoms you're experiencing, including any that may seem unrelated to your diabetes.</li>\n<li>Bring a notebook and a pen or pencil (or your laptop computer or tablet) to keep track of important information.</li>\n<li>Write down questions to ask your doctor.</li>\n</ul>\n\n\nPreparing a list of questions can help you make the most of your time with your doctor. For type 2 diabetes, some basic questions to ask include:\n\n<ul>\n<li>How often do I need to monitor my blood sugar, and what is my target range?</li>\n<li>What changes in my diet would help me manage my blood sugar?</li>\n<li>Should I see a dietitian to help with meal planning?</li>\n<li>How much exercise should I get each day?</li>\n<li>Do I need to take medicine or insulin shots? How often?</li>\n<li>Do I need to take the medicine at a particular time of the day?</li>\n<li>I have other medical problems. How can I best manage these conditions together?</li>\n<li>How will I know if I'm managing my diabetes well?</li>\n<li>How often do I need to be monitored for diabetes complications? What specialists do I need to see?</li>\n<li>Are there resources available if I'm having trouble paying for diabetes supplies?</li>\n<li>Are there brochures or other printed material that I can take with me? What websites do you recommend?</li>\n</ul>\n\n\n<b>What to expect from your doctor</b>\nYour doctor is likely to ask you a number of questions, including:\n\n<ul>\n<li>Do you understand your treatment plan and feel confident you can follow it?</li>\n<li>How are you coping with diabetes?</li>\n<li>Have you experienced any low blood sugar? </li>\n<li>Do you know what to do if your blood sugar is too low or too high? </li>\n<li>What's a typical day's diet like?</li>\n<li>Are you exercising? If so, what type of exercise? How often?</li>\n<li>Do you sit for long periods of time?</li>\n<li>What challenges are you experiencing in managing your diabetes?</li>\n</ul>\n\n\n<b>What you can do in the meantime</b>\nIf your blood sugar is consistently out of your target range, or if you're not sure what to do in a certain situation, contact your doctor or diabetes educator.", 
    "Prevention": "Healthy lifestyle choices can help prevent type 2 diabetes, and that's true even if you have diabetes in your family. If you've already received a diagnosis of diabetes, you can use healthy lifestyle choices to help prevent complications. If you have prediabetes, lifestyle changes can slow or stop the progression to diabetes.\n\nA healthy lifestyle includes:\n\n<ul>\n<li>Eating healthy foods. Choose foods lower in fat and calories and higher in fiber. Focus on fruits, vegetables and whole grains.</li>\n<li>Getting active. Aim for a minimum of 30 to 60 minutes of moderate physical activity \u2014 or 15 to 30 minutes of vigorous aerobic activity \u2014 on most days. Take a brisk daily walk. Ride a bike. Swim laps. If you can't fit in a long workout, spread your activity throughout the day.</li>\n<li>Losing weight. If you're overweight, losing 5 to 10 percent of your body weight can reduce the risk of diabetes. To keep your weight in a healthy range, focus on permanent changes to your eating and exercise habits. Motivate yourself by remembering the benefits of losing weight, such as a healthier heart, more energy and improved self-esteem.</li>\n<li>Avoiding being sedentary for long periods. Sitting still for long periods can increase your risk of type 2 diabetes. Try to get up every 30 minutes and move around for at least a few minutes.</li>\n</ul>\n\n\nSometimes medication is an option as well. Metformin (Glucophage, Glumetza, others), an oral diabetes medication, may reduce the risk of type 2 diabetes. But even if you take medication, healthy lifestyle choices remain essential for preventing or managing diabetes.", 
    "Risk factors": "Factors that may increase your risk of type 2 diabetes include:\n\n<ul>\n<li>Weight. Being overweight is a main risk factor for type 2 diabetes. However, you don't have to be overweight to develop type 2 diabetes.</li>\n<li>Fat distribution. If you store fat mainly in the abdomen, you have a greater risk of type 2 diabetes than if you store fat elsewhere, such as in your hips and thighs. Your risk of type 2 diabetes rises if you're a man with a waist circumference above 40 inches (101.6 centimeters) or a woman with a waist that's greater than 35 inches (88.9 centimeters).</li>\n<li>Inactivity. The less active you are, the greater your risk of type 2 diabetes. Physical activity helps you control your weight, uses up glucose as energy and makes your cells more sensitive to insulin.</li>\n<li>Family history. The risk of type 2 diabetes increases if your parent or sibling has type 2 diabetes.</li>\n<li>Race. Although it's unclear why, people of certain races \u2014 including black, Hispanic, American Indian and Asian-American people \u2014 are more likely to develop type 2 diabetes than white people are.</li>\n<li>Age. The risk of type 2 diabetes increases as you get older, especially after age 45. That's probably because people tend to exercise less, lose muscle mass and gain weight as they age. But type 2 diabetes is also increasing dramatically among children, adolescents and younger adults.</li>\n<li>Prediabetes. Prediabetes is a condition in which your blood sugar level is higher than normal, but not high enough to be classified as diabetes. Left untreated, prediabetes often progresses to type 2 diabetes.</li>\n<li>Gestational diabetes. If you developed gestational diabetes when you were pregnant, your risk of developing type 2 diabetes increases. If you gave birth to a baby weighing more than 9 pounds (4 kilograms), you're also at risk of type 2 diabetes.</li>\n<li>Polycystic ovarian syndrome. For women, having polycystic ovarian syndrome \u2014 a common condition characterized by irregular menstrual periods, excess hair growth and obesity \u2014 increases the risk of diabetes.</li>\n<li>Areas of darkened skin, usually in the armpits and neck. This condition often indicates insulin resistance.</li>\n</ul>", 
    "Symptoms": "Signs and symptoms of type 2 diabetes often develop slowly. In fact, you can have type 2 diabetes for years and not know it. Look for:\n\n<ul>\n<li>Increased thirst</li>\n<li>Frequent urination</li>\n<li>Increased hunger</li>\n<li>Unintended weight loss</li>\n<li>Fatigue</li>\n<li>Blurred vision</li>\n<li>Slow-healing sores</li>\n<li>Frequent infections</li>\n<li>Areas of darkened skin, usually in the armpits and neck</li>\n</ul>\n\n\n<b>When to see a doctor</b>\nSee your doctor if you notice type 2 diabetes symptoms.", 
    "The Mayo Clinic experience and patient stories": "Our patients tell us that the quality of their interactions, our attention to detail and the efficiency of their visits mean health care like they've never experienced. See the stories of satisfied Mayo Clinic patients.", 
    "Title": "Type 2 diabetes", 
    "Treatment": "Management of type 2 diabetes includes:\n\n<ul>\n<li>Weight loss</li>\n<li>Healthy eating</li>\n<li>Regular exercise</li>\n<li>Possibly, diabetes medication or insulin therapy</li>\n<li>Blood sugar monitoring</li>\n</ul>\n\n\nThese steps will help keep your blood sugar level closer to normal, which can delay or prevent complications.\n\n<b>Weight loss</b>\nLosing weight can lower your blood sugar levels. Losing just 5 to 10 percent of your body weight can make a difference, although a sustained weight loss of 7 percent or more of your initial weight seems to be ideal. That means someone who weighs 180 pounds (82 kilograms) would need to lose a little less than 13 pounds (5.9 kilograms) to make an impact on blood sugar levels.\n\nControlling portions and eating healthy foods are simple ways to start taking weight off.\n\n<b>Healthy eating</b>\nContrary to popular perception, there's no specific diabetes diet. However, it's important to center your diet around:\n\n<ul>\n<li>Fewer calories</li>\n<li>Fewer refined carbohydrates, especially sweets</li>\n<li>Fewer foods containing saturated fats</li>\n<li>More vegetables and fruits</li>\n<li>More foods with fiber</li>\n</ul>\n\n\nA registered dietitian can help you put together a meal plan that fits your health goals, food preferences and lifestyle. He or she can also teach you how to monitor your carbohydrate intake and let you know about how many carbohydrates you need to eat with your meals and snacks to keep your blood sugar levels more stable.\n\n<b>Physical activity</b>\nEveryone needs regular aerobic exercise, and people who have type 2 diabetes are no exception. Get your doctor's OK before starting an exercise program. Choose activities you enjoy, such as walking, swimming and biking, so that you can make them part of your daily routine.\n\nAim for at least 30 to 60 minutes of moderate (or 15 to 30 minutes of vigorous) aerobic exercise most days of the week. A combination of exercises \u2014 aerobic exercises, such as walking or dancing on most days, combined with resistance training, such as weightlifting or yoga twice a week \u2014 offers more benefits than either type of exercise alone.\n\nRemember that physical activity lowers blood sugar. Check your blood sugar level before any activity. You might need to eat a snack before exercising to help prevent low blood sugar if you take diabetes medications that lower your blood sugar.\n\nIt's also important to reduce the amount of time you spend in inactive activities, such as watching TV. Try to move around a bit every 30 minutes.\n\n<b>Monitoring your blood sugar</b>\nDepending on your treatment plan, you may need to check and record your blood sugar level every now and then or, if you're on insulin, multiple times a day. Ask your doctor how often he or she wants you to check your blood sugar. Careful monitoring is the only way to make sure that your blood sugar level remains within your target range.\n\n<b>Diabetes medications and insulin therapy</b>\nSome people who have type 2 diabetes can achieve their target blood sugar levels with diet and exercise alone, but many also need diabetes medications or insulin therapy. The decision about which medications are best depends on many factors, including your blood sugar level and any other health problems you have. Your doctor might combine drugs from different classes to help you control your blood sugar in several different ways.\n\nExamples of possible treatments for type 2 diabetes include:\n\n<ul>\n<li>\n    Metformin (Glucophage, Glumetza, others). Generally, metformin is the first medication prescribed for type 2 diabetes. It works by lowering glucose production in the liver and improving your body's sensitivity to insulin so that your body uses insulin more effectively.\n    Nausea and diarrhea are possible side effects of metformin. These side effects may go away as your body gets used to the medicine or if you take the medicine with a meal. If metformin and lifestyles changes aren't enough to control your blood sugar level, other oral or injected medications can be added.\n    </li>\n<li>Sulfonylureas. These medications help your body secrete more insulin. Examples include glyburide (DiaBeta, Glynase), glipizide (Glucotrol) and glimepiride (Amaryl). Possible side effects include low blood sugar and weight gain.</li>\n<li>Meglitinides. These medications \u2014 such as repaglinide (Prandin) and nateglinide (Starlix) \u2014 work like sulfonylureas by stimulating the pancreas to secrete more insulin, but they're faster acting, and the duration of their effect in the body is shorter. They also have a risk of causing low blood sugar and weight gain.</li>\n<li>Thiazolidinediones. Like metformin, these medications \u2014 including rosiglitazone (Avandia) and pioglitazone (Actos) \u2014 make the body's tissues more sensitive to insulin. These drugs have been linked to weight gain and other more-serious side effects, such as an increased risk of heart failure and anemia. Because of these risks, these medications generally aren't first-choice treatments.</li>\n<li>DPP-4 inhibitors. These medications \u2014 sitagliptin (Januvia), saxagliptin (Onglyza) and linagliptin (Tradjenta) \u2014 help reduce blood sugar levels, but tend to have a very modest effect. They don't cause weight gain, but may cause joint pain and increase your risk of pancreatitis.</li>\n<li>\n    GLP-1 receptor agonists. These injectable medications slow digestion and help lower blood sugar levels. Their use is often associated with weight loss. Possible side effects include nausea and an increased risk of pancreatitis.\n    Exenatide (Byetta, Bydureon), liraglutide (Victoza) and semaglutide (Ozempic) are examples of GLP-1 receptor agonists. Recent research has shown that liraglutide and semaglutide may reduce the risk of heart attack and stroke in people at high risk of those conditions.\n    </li>\n<li>\n    SGLT2 inhibitors. These drugs prevent the kidneys from reabsorbing sugar into the blood. Instead, the sugar is excreted in the urine. Examples include canagliflozin (Invokana), dapagliflozin (Farxiga) and empagliflozin (Jardiance).\n    Medications in this drug class may reduce the risk of heart attack and stroke in people with a high risk of those conditions. Side effects may include vaginal yeast infections, urinary tract infections, low blood pressure, and a higher risk of diabetic ketoacidosis. Canagliflozin, but not the other drugs in the class, has been associated with increased risk of lower limb amputation.\n    </li>\n<li>\n    Insulin. Some people who have type 2 diabetes need insulin therapy. In the past, insulin therapy was used as a last resort, but today it's often prescribed sooner because of its benefits. Low blood sugar (hypoglycemia) is a possible side effect of insulin.\n    Normal digestion interferes with insulin taken by mouth, so insulin must be injected. Depending on your needs, your doctor may prescribe a mixture of insulin types to use throughout the day and night. There are many types of insulin, and they each work in a different way.\n    Often, people with type 2 diabetes start using insulin with one long-acting shot at night, such as insulin glargine (Lantus) or insulin detemir (Levemir). Discuss the pros and cons of different drugs with your doctor. Together you can decide which medication is best for you after considering many factors, including costs and other aspects of your health.\n    </li>\n</ul>\n\n\nIn addition to diabetes medications, your doctor might prescribe low-dose aspirin therapy as well as blood pressure and cholesterol-lowering medications to help prevent heart and blood vessel disease.\n\n<b>Bariatric surgery</b>\nIf you have type 2 diabetes and your body mass index (BMI) is greater than 35, you may be a candidate for weight-loss surgery (bariatric surgery). Dramatic improvements in blood sugar levels are often seen in people with type 2 diabetes after bariatric surgery, depending on the procedure performed. Surgeries that bypass a portion of the small intestine have more of an effect on blood sugar levels than do other weight-loss surgeries.\n\nSurgery drawbacks include its high cost and risks, including a small risk of death. It also requires drastic lifestyle changes. Long-term complications may include nutritional deficiencies and osteoporosis.\n\n<b>Pregnancy</b>\nWomen with type 2 diabetes may need to alter their treatment during pregnancy. Many women will require insulin therapy during pregnancy. Cholesterol-lowering medications, aspirin and some blood pressure drugs can't be used during pregnancy.\n\nIf you have diabetic retinopathy, it may worsen during pregnancy. Visit your ophthalmologist during the first trimester of your pregnancy and at one year postpartum.\n\n<b>Signs of trouble</b>\nBecause so many factors can affect your blood sugar, problems sometimes arise that require immediate care, such as:\n\n<ul>\n<li>High blood sugar (hyperglycemia). Lots of things can cause your blood sugar to rise, including eating too much, being sick or not taking enough glucose-lowering medication. Watch for signs and symptoms of high blood sugar \u2014 frequent urination, increased thirst, dry mouth, blurred vision, fatigue and nausea \u2014 and check your blood sugar if necessary.</li>\n<li>\n    Hyperglycemic hyperosmolar nonketotic syndrome (HHNS). This life-threatening condition includes a blood sugar reading higher than 600 mg/dL (33.3 mmol/L). Your blood sugar meter may not provide an accurate reading at this level or it may just read \"high.\" HHNS can cause dry mouth, extreme thirst, drowsiness, confusion, dark urine and convulsions.\n    HHNS is caused by sky-high blood sugar that turns blood thick and syrupy. It tends to be more common in older people with type 2 diabetes, and it's often preceded by an illness or infection. Call your doctor or seek immediate medical care if you have signs or symptoms of this condition.\n    </li>\n<li>\n    Increased ketones in your urine (diabetic ketoacidosis). If your cells are starved for energy, your body may begin to break down fat. This produces toxic acids known as ketones, which occur more commonly in people with type 1 diabetes.\n    Watch for thirst or a very dry mouth, frequent urination, vomiting, shortness of breath, fatigue and fruity-smelling breath, and if you notice these signs and symptoms, consult your doctor right away or seek emergency care.\n    </li>\n<li>\n    Low blood sugar (hypoglycemia). If your blood sugar level drops below your target range, it's known as low blood sugar (hypoglycemia). Your blood sugar level can drop for many reasons, including skipping a meal, unintentionally taking more medication than usual or getting more physical activity than normal.\n    Watch for signs and symptoms of low blood sugar \u2014 sweating, shakiness, weakness, hunger, irritability, dizziness, headache, blurred vision, heart palpitations, slurred speech, drowsiness and confusion.\n    If you have signs or symptoms of low blood sugar, drink or eat something that will quickly raise your blood sugar level \u2014 fruit juice, glucose tablets, hard candy, regular (not diet) soda or another source of sugar. Retest your blood in 15 minutes to be sure your blood glucose levels have normalized.\n    If they haven't, treat again and retest in another 15 minutes. If you lose consciousness, a family member or close contact may need to give you an emergency injection of glucagon, a hormone that stimulates the release of sugar into the blood.\n    </li>\n</ul>"
}