{
    "Aliases": [], 
    "Causes": "The exact cause of seborrheic keratoses isn't known. They are very common and generally increase in number with age. The lesions aren't contagious. They tend to run in some families, so inheritance may play a role.", 
    "Diagnosis": "Your doctor can usually diagnose seborrheic keratosis by inspecting the growth. He or she might recommend removing the tissue so it can be examined under a microscope.", 
    "Id": "syc-20353878", 
    "Overview": "Seborrheic keratosis (seb-o-REE-ik ker-uh-TOE-sis) is one of the most common noncancerous skin growths in older adults.\n\nA seborrheic keratosis usually appears as a brown, black or light tan growth on the face, chest, shoulders or back. The growth has a waxy, scaly, slightly elevated appearance. Seborrheic keratoses don't become cancerous and aren't thought to be related to sun exposure, but they can look like skin cancer.\n\nSeborrheic keratoses are normally painless and require no treatment. You may decide to have them removed if they become irritated by clothing or for cosmetic reasons.", 
    "Preparing for your appointment": "You're likely to start by first seeing your primary care doctor. In some cases when you call to set up an appointment, you may be referred directly to a specialist in skin diseases (dermatologist).\n\nBecause appointments can be brief, it's a good idea to be well-prepared for your appointment. Here's some information to help you get ready for your appointment.\n\n<b>What you can do</b>\nFor seborrheic keratosis, some basic questions to ask your doctor include:\n\n<ul>\n<li>Are tests needed to confirm the diagnosis?</li>\n<li>What is the best course of action?</li>\n<li>Will the lesions go away on their own?</li>\n<li>What suspicious changes in my skin should I look for?</li>\n</ul>\n\n\nDon't hesitate to ask other questions that come up during your appointment.\n\n<b>What to expect from your doctor</b>\nYour doctor may ask:\n\n<ul>\n<li>When did you first notice the skin lesions?</li>\n<li>Have you noticed multiple growths?</li>\n<li>Have you noticed any changes in the growth?</li>\n<li>Is the condition bothersome?</li>\n<li>Do any family members also have this condition?</li>\n</ul>", 
    "Risk factors": "You can develop seborrheic keratoses at any age, but you're generally more likely to develop them if you're over age 50. You're also more likely to have them if you have a family history of the condition.", 
    "Symptoms": "A seborrheic keratosis usually looks like a waxy or wart-like growth. It typically appears on the face, chest, shoulders or back of the body. You may develop a single growth or cluster of them. A seborrheic keratosis:\n\n<ul>\n<li>Varies in color, usually from light tan to brown or black</li>\n<li>Is round or oval shaped</li>\n<li>Has a characteristic \"pasted on\" look</li>\n<li>Is flat or slightly elevated with a scaly surface</li>\n<li>Ranges in size from very small to more than 1 inch (2.5 centimeters) across</li>\n<li>May itch</li>\n</ul>\n\n\nSeborrheic keratoses aren't usually painful, but they can be bothersome depending on their size and location. Be careful not to rub, scratch or pick at them. This can lead to bleeding, swelling and, in rare cases, infection.\n\nSee your doctor if:\n\n<ul>\n<li>Many growths develop over a short time.</li>\n<li>The growths get irritated or bleed when your clothing rubs against them. You may want the growths removed.</li>\n<li>You notice suspicious changes in your skin, such as sores or growths that grow rapidly, bleed and don't heal. These could be signs of skin cancer.</li>\n</ul>", 
    "Title": "Seborrheic keratosis", 
    "Treatment": "Treatment of seborrheic keratoses usually isn't necessary. You may want them removed if they become irritated, if they bleed because your clothing rubs against them, or if you simply don't like how they look or feel.\n\nYour doctor can remove seborrheic keratoses using several methods, including:\n\n<ul>\n<li>Freezing with liquid nitrogen (cryosurgery). Cryosurgery can be an effective way to remove seborrheic keratoses. It doesn't always work on raised growths, and it may lighten treated skin.</li>\n<li>Scraping the skin's surface with a special instrument (curettage). Sometimes curettage is used along with cryosurgery to treat thinner or flat growths. It may be used with electrocautery.</li>\n<li>Burning with an electric current (electrocautery). Electrocautery can be effective in removing seborrheic keratoses. It can be used alone or with curettage. This procedure can leave scars if it's not done properly, and it may take longer than other removal methods.</li>\n<li>Vaporizing the growth with a laser (ablation). Different types of laser treatments are available to treat seborrheic keratoses.</li>\n</ul>"
}