{
    "Aliases": [
        "SCAD"
    ], 
    "Causes": "It's not clear what causes spontaneous coronary artery dissection (SCAD).\n\nSpontaneous coronary artery dissection (SCAD) causes a tear inside an artery. When the inner layers of the artery separate from the outer layers, blood can pool in the area between the layers. The pressure of the pooling blood can make a short tear much longer. And blood trapped between the layers can form a blood clot (hematoma).\n\nSpontaneous coronary artery dissection (SCAD) may slow blood flow through the artery to the heart, which makes the heart muscle weaken. Or blood flow through the artery can be completely stopped, causing heart muscle to die (heart attack). A heart attack that occurs in SCAD is different from a heart attack caused by hardening of the arteries (atherosclerosis).", 
    "Clinical trials": "Explore Mayo Clinic studies testing new treatments, interventions and tests as a means to prevent, detect, treat or manage this disease.", 
    "Complications": "In some people, spontaneous coronary artery dissection (SCAD) can occur again, despite successful treatment. It may recur soon after the initial spontaneous coronary artery dissection (SCAD) or years later. People who have spontaneous coronary artery dissection (SCAD) may also have a higher risk of other heart problems, such as heart failure.\n\nDoctors are studying why spontaneous coronary artery dissection (SCAD) recurs and who is most likely to experience a recurrence.", 
    "Coping and support": "Spontaneous coronary artery dissection (SCAD) can be an unexpected and shocking diagnosis. The condition can cause serious and scary symptoms, and it often affects people who may have few risk factors for heart disease.\n\nEach person may find his or her own way of coping with a diagnosis. In time you'll find what works for you. Until then, you might try to:\n\n<ul>\n<li>\n    Find out more about your diagnosis. Find out enough about spontaneous coronary artery dissection (SCAD) so that you can feel comfortable participating in decisions about your care. Ask your doctor for the specifics of your situation, such as the location and size of your artery tear and descriptions of the treatments you've received.\n    If you're a woman and you have had spontaneous coronary artery dissection (SCAD), your doctor may recommend you avoid pregnancy. Talk to your doctor about his or her recommendations.\n    Talk with your health care team about where you can find more information about spontaneous coronary artery dissection (SCAD).\n    </li>\n<li>Connect with others living with your diagnosis. Spontaneous coronary artery dissection (SCAD) is uncommon, but national organizations can help connect you to others who share your diagnosis. Organizations such as the American Heart Association and WomenHeart: The National Coalition for Women with Heart Disease can provide telephone and online support.</li>\n<li>\n    Take care of yourself. Help your body recover by taking good care of yourself. For instance, get enough sleep so that you wake feeling rested, choose a healthy diet full of fruits and vegetables, and find healthy ways to cope with stress, such as listening to music or writing down your thoughts.\n    If your doctor feels it's safe, try to do moderate physical activity, such as walking, for 30 to 40 minutes most days of the week.\n    If you feel depressed or anxious, talk to your doctor. Your doctor may recommend that you talk to a mental health professional (psychologist).\n    </li>\n<li>Spend time with family and friends. Spending time with your family and friends and discussing your concerns can help you cope with your condition.</li>\n</ul>", 
    "Diagnosis": "To diagnose spontaneous coronary artery dissection (SCAD), your doctor may review your signs and symptoms, and order several tests. The tests are similar to those used to evaluate other heart attacks, such as electrocardiograms and blood tests to detect blood damage. If a heart attack is suspected or diagnosed, it is typically confirmed by taking images of your arteries to look for signs of abnormalities.\n\nTests may include:\n\n<b>Coronary angiogram</b>\nDuring a coronary angiogram, doctors inject a special dye into your arteries so they'll show up on imaging tests. To get the dye to your arteries, doctors insert a long, thin tube (catheter) into an artery \u2014 usually in your leg or arm \u2014 and thread the tube to the arteries in your heart.\n\nOnce the dye is released, doctors use X-rays to create pictures of the arteries. The X-rays may show abnormalities in an artery that help confirm spontaneous coronary artery dissection (SCAD). A coronary angiogram can also show if the arteries in the heart (coronary arteries) are abnormal and twisted, called tortuous coronary arteries, which can occur in some people with SCAD.\n\n<b>Intravascular ultrasound</b>\nDuring heart catheterization, a special imaging catheter may be passed into your arteries to create sound-wave pictures (ultrasound). This may be conducted in addition to coronary angiography to help doctors confirm spontaneous coronary artery dissection (SCAD) and plan treatment decisions.\n\n<b>Optical coherence tomography</b>\nA catheter equipped with a special light may be passed into your arteries to create light-based pictures. Doctors may perform this test after coronary angiography.\n\nThe images may show abnormalities in an artery that help doctors confirm spontaneous coronary artery dissection (SCAD) and gather information to guide treatment decisions.\n\n<b>Cardiac computerized tomography (CT) angiography</b>\nDuring cardiac computerized tomography (CT) angiography, you lie on a table inside a doughnut-shaped machine. An X-ray tube inside the machine rotates around your body and collects images of your heart and chest, which can show abnormalities in your arteries.\n\nCardiac CT angiography may be used in addition to other tests or as a follow-up test to evaluate your condition after spontaneous coronary artery dissection (SCAD).", 
    "Id": "syc-20353711", 
    "Overview": "Spontaneous coronary artery dissection \u2014 sometimes referred to as SCAD \u2014 is an uncommon emergency condition that occurs when a tear forms in one of the blood vessels in the heart.\n\nSpontaneous coronary artery dissection (SCAD) can slow or block blood flow to the heart, causing a heart attack, abnormalities in heart rhythm or sudden death.\n\nSpontaneous coronary artery dissection (SCAD) most commonly affects women in their 40s and 50s, though it can occur at any age or in men. People who develop spontaneous coronary artery dissection (SCAD) are often healthy. Most don't have risk factors for heart disease, such as high blood pressure and diabetes.\n\nSpontaneous coronary artery dissection (SCAD) can lead to sudden death if it isn't diagnosed and treated promptly. For this reason, seek emergency attention if you experience heart attack signs and symptoms \u2014 even if you think you aren't at risk for a heart attack.", 
    "Preparing for your appointment": "In most cases, spontaneous coronary artery dissection (SCAD) is an emergency situation. If you experience chest pain or suspect you're having a heart attack, immediately call 911 or your local emergency number.\n\nIn the days after your initial diagnosis, you're likely to have many questions about your situation. Because meetings with doctors can be brief, and because there's often a lot to discuss, it's a good idea to prepare by writing down your questions. Order them from most important to least important, in case time runs out.\n\nSome questions you may want to ask include:\n\n<ul>\n<li>What caused my spontaneous coronary artery dissection (SCAD)?</li>\n<li>What are other possible causes for my symptoms or condition?</li>\n<li>What kinds of tests do I need?</li>\n<li>What's the most appropriate treatment?</li>\n<li>Will the tear in my artery heal on its own?</li>\n<li>What are the alternatives to the primary approach that you're suggesting?</li>\n<li>What is my risk of having another spontaneous coronary artery dissection (SCAD)?</li>\n<li>Do I have abnormalities of other blood vessels, such as fibromuscular dysplasia (FMD)?</li>\n<li>I have these other health conditions. How can I best manage them together?</li>\n<li>Are there any restrictions that I need to follow?</li>\n<li>If I would like more children, is it safe for me to be pregnant?</li>\n<li>Should I see a specialist? What will that cost, and will my insurance cover it?</li>\n<li>Are there brochures or other printed material that I can take with me? What websites do you recommend?</li>\n</ul>\n\n\nIn addition to the questions that you've prepared to ask your doctor, don't hesitate to ask other questions that occur to you.", 
    "Risk factors": "Doctors and researchers have found some similarities among people who have experienced spontaneous coronary artery dissection (SCAD). It's not yet clear what role these factors play in causing the disease. Common factors include:\n\n<ul>\n<li>Female sex. Though spontaneous coronary artery dissection (SCAD) can occur in both men and women, it tends to affect women more often.</li>\n<li>Giving birth. Some women with spontaneous coronary artery dissection (SCAD) have recently given birth. Spontaneous coronary artery dissection (SCAD) was found to occur most often in the first few weeks after delivery.</li>\n<li>\n    Underlying blood vessel conditions. Some underlying blood vessel abnormalities have been associated with SCAD, most commonly a condition called fibromuscular dysplasia (FMD), which causes the irregular growth of cells in the walls of one or more of your arteries. This irregular growth can weaken the artery walls, leading to blockages, dissections or aneurysms.\n    Fibromuscular dysplasia can also cause high blood pressure, a stroke and tears in other blood vessels. Fibromuscular dysplasia occurs more often in women than it does in men.\n    </li>\n<li>Extreme physical exercise. People who recently participated in extreme or intense exercises, such as extreme aerobic activities, may be at higher risk of SCAD.</li>\n<li>Severe emotional stress. Someone who has experienced severe emotional stress, such as a sudden death in the family, may be at higher risk of SCAD.</li>\n<li>Blood vessel problems. Diseases that cause inflammation of the blood vessels, such as lupus and polyarteritis nodosa, have been associated with spontaneous coronary artery dissection (SCAD).</li>\n<li>Inherited connective tissue diseases. Genetic diseases that cause problems with the body's connective tissues, such as vascular Ehlers-Danlos syndrome and Marfan syndrome, have been found to occur in people with spontaneous coronary artery dissection (SCAD).</li>\n<li>Very high blood pressure. Having untreated, severe high blood pressure can be associated with spontaneous coronary artery dissection (SCAD).</li>\n<li>Illegal drug use. Using cocaine or other illegal drugs may increase the risk of spontaneous coronary artery dissection (SCAD).</li>\n</ul>", 
    "Symptoms": "Signs and symptoms of spontaneous coronary artery dissection (SCAD) are the same as symptoms of other types of heart attacks and may include:\n\n<ul>\n<li>Chest pain</li>\n<li>A rapid heartbeat or fluttery feeling in your chest</li>\n<li>Pain in your arms, shoulders or jaw</li>\n<li>Shortness of breath</li>\n<li>Sweating</li>\n<li>Unusual, extreme tiredness</li>\n<li>Nausea</li>\n<li>Dizziness</li>\n</ul>\n\n\n<b>When to see a doctor</b>\nIf you experience chest pain or suspect you're having a heart attack, immediately call 911 or your local emergency number. If you don't have access to emergency medical services, have someone drive you to the nearest hospital. Drive yourself only as a last resort.", 
    "Title": "Spontaneous coronary artery dissection", 
    "Treatment": "The goal of treatment for spontaneous coronary artery dissection (SCAD) is to restore blood flow to your heart. In some cases this healing will occur naturally. In others, doctors may have to restore blood flow by opening the artery with a balloon or stent, or surgically bypassing the artery.\n\nThe treatments most appropriate for you will depend on your condition, including the size and location of the tear in your artery, as well as any signs or symptoms you're experiencing. Whenever possible, doctors allow the damaged artery to heal on its own, rather than repairing it through invasive procedures.\n\nFor some people, medications may relieve symptoms of spontaneous coronary artery dissection (SCAD). In these situations, it may be possible to be treated by medications alone. If chest pain or other symptoms persist, other treatments may be needed.\n\n<b>Placing a stent to hold the artery open</b>\nIf your spontaneous coronary artery dissection (SCAD) has blocked blood flow to your heart or if medications don't control your chest pain, your doctor may recommend placing a tiny mesh tube (stent) inside your artery to hold it open. A stent can help restore blood flow to your heart.\n\nTo position the stent, doctors insert a long, thin tube (catheter) into an artery \u2014 usually in your leg or arm \u2014 and thread the tube to the arteries in your heart. The catheter is guided to your damaged artery using X-rays.\n\nA wire with a deflated balloon is passed through the catheter to the tear in the artery. The balloon is then inflated, expanding the stent against your artery walls. The stent is left in place to hold the artery open.\n\n<b>Surgery to bypass the damaged artery</b>\nIf other treatments haven't worked or if you have more than one tear in an artery, your doctor may recommend surgery to create a new way for blood to reach your heart.\n\nCoronary bypass surgery involves removing a blood vessel from another part of your body, such as your leg. That blood vessel is stitched into place so that it diverts blood flow around your damaged artery.\n\n<b>Medications</b>\nAfter spontaneous coronary artery dissection (SCAD), your doctor may recommend medications, including:\n\n<ul>\n<li>Aspirin. Aspirin may help prevent cardiovascular disease problems after spontaneous coronary artery dissection (SCAD).</li>\n<li>Blood-thinning drugs. Drugs that reduce the number of blood-clotting platelets in your blood (anticoagulants) can reduce the risk of a clot forming in your torn artery.</li>\n<li>Blood pressure drugs. Drugs used to treat high blood pressure can lower your heart's demand for blood, reducing the pressure in your damaged artery. You may continue to take blood pressure drugs indefinitely to reduce the risk of another spontaneous coronary artery dissection (SCAD).</li>\n<li>Medications to control chest pain. These medications (nitrates and calcium channel blockers) can help treat chest pain you may experience after spontaneous coronary artery dissection (SCAD).</li>\n<li>Cholesterol drugs. People who have abnormal cholesterol levels and other risk factors may need to take medications to control their cholesterol levels.</li>\n</ul>\n\n\n<b>Continuing care</b>\nAfter your treatment for spontaneous coronary artery dissection (SCAD), you'll need regular follow-up appointments with your doctor to monitor for any changes in your condition. Your doctor may also recommend other types of care to help you recover and to prevent other health problems. These may include:\n\n<ul>\n<li>Undergoing cardiac rehabilitation. Cardiac rehabilitation is a customized program of exercise and education designed to help you recover from a serious heart condition, such as a heart attack caused by spontaneous coronary artery dissection (SCAD). Cardiac rehabilitation often includes monitored exercise, nutritional counseling, emotional support and education.</li>\n<li>Reviewing your family medical history. Some inherited conditions, such as the connective tissue disease Marfan syndrome, have been found to occur in people who experience spontaneous coronary artery dissection (SCAD). Your doctor may refer you to a genetic counselor to review your family medical history and determine whether genetic testing may be appropriate for you.</li>\n<li>Looking for weaknesses in other blood vessels. Your doctor may recommend using CT angiography to look for weaknesses and abnormalities in other blood vessels, such as fibromuscular dysplasia (FMD).</li>\n</ul>"
}